TV Manufacturing Brand,DATE,DEMAND ,Consumer Price Index (CPI),Consumer Confidence Index(CCI),Producer Price Index (PPI),Unit Price ($),POS/ Supply Data,SALES ($),Advertising Expenses (SMS),Advertising Expenses(Newspaper ads),Advertising Expenses(Radio),Advertising Expenses(TV),Advertising Expenses(Internet),GRP (NewPaper ads),GRP(SMS),GRP(Radio,GRP(Internet),GRP(TV),population,revenue_per_conversion
TV Manufacturing & Supplier Unit,2010-01-01,4384,104.9,96.3,106.7,361.62,4240,1533268.8,77.4819,14.104193,112.337,1479.4565,722.571,95.333,11.8398,91.0,276.3636,756.5909,8175133.0,0.1875527651966029
TV Manufacturing & Supplier Unit,2010-01-02,4366,104.9,96.3,106.7,361.62,4266,1542670.92,73.4783,13.298758,105.7133,1369.8913,717.857,114.957,27.8039,111.9091,291.3182,860.1364,8175133.0,0.18870285290771416
TV Manufacturing & Supplier Unit,2010-01-03,4006,104.9,96.3,106.7,361.62,4206,1520973.72,80.6093,13.200691,108.7702,1428.0645,653.333,113.09,0.0,94.6364,282.7273,751.9545,8175133.0,0.1860488043436113
TV Manufacturing & Supplier Unit,2010-01-04,4076,104.9,96.3,106.7,361.62,4176,1510125.12,65.9319,12.721429,93.3065,1309.3548,622.095,72.442,0.0,98.5909,306.3182,749.4545,8175133.0,0.18472178006155987
TV Manufacturing & Supplier Unit,2010-01-05,4834,104.9,96.3,106.7,361.62,5234,1892719.08,77.4819,14.104193,112.337,1479.4565,722.571,95.333,11.8398,91.0,276.3636,756.5909,8175133.0,0.2315215030752405
TV Manufacturing & Supplier Unit,2010-01-06,4636,104.9,96.3,106.7,361.62,4446,1607762.52,73.4783,13.298758,105.7133,1369.8913,717.857,114.957,27.8039,111.9091,291.3182,860.1364,8175133.0,0.1966649986000228
TV Manufacturing & Supplier Unit,2010-01-07,4166,104.9,96.3,106.7,361.62,4346,1571600.52,80.6093,13.200691,108.7702,1428.0645,653.333,113.09,0.0,94.6364,282.7273,751.9545,8175133.0,0.192241584326518
TV Manufacturing & Supplier Unit,2010-01-08,4186,104.9,96.3,106.7,361.62,4216,1524589.92,65.9319,12.721429,93.3065,1309.3548,622.095,72.442,0.0,98.5909,306.3182,749.4545,8175133.0,0.18649114577096176
TV Manufacturing & Supplier Unit,2010-01-09,4405,104.9,96.3,106.7,361.62,4505,1629098.1,89.7283,13.792314,117.6359,1417.0109,624.238,87.649,0.0,105.0455,306.4545,754.2727,8175133.0,0.1992748130213906
TV Manufacturing & Supplier Unit,2010-01-10,5561,104.9,96.3,106.7,361.62,5661,2047130.82,68.8095,12.581633,91.6071,1334.3407,611.714,38.235,0.0,108.0,305.9545,776.6364,8175133.0,0.2504094820231059
TV Manufacturing & Supplier Unit,2010-01-11,6205,104.9,96.3,106.7,361.62,6305,2280014.1,80.1434,13.419355,101.6935,1390.6452,627.238,92.486,6.9945,112.9545,304.8636,867.1818,8175133.0,0.27889626994447675
TV Manufacturing & Supplier Unit,2010-01-12,5006,104.9,96.3,106.7,361.62,5226,1889826.12,84.3369,13.476267,105.8871,1442.5806,613.143,206.96,69.9877,115.3636,298.5455,905.4091,8175133.0,0.23116762993336012
TV Manufacturing & Supplier Unit,2010-01-13,5034,104.9,96.3,106.7,361.62,5134,1856557.08,75.4189,13.207026,104.5594,1417.1311,615.857,83.632,49.589,171.5,309.6818,880.5909,8175133.0,0.2270980888017357
TV Manufacturing & Supplier Unit,2010-01-14,4319,104.9,96.3,106.7,361.62,4279,1547371.98,70.7921,12.964604,97.6207,1357.7228,688.667,118.126,46.3774,123.8182,273.7727,791.7727,8175133.0,0.18927789676326978
TV Manufacturing & Supplier Unit,2010-01-15,5082,104.9,96.3,106.7,361.62,5212,1884763.44,68.9912,13.25047,102.4712,1378.4211,636.667,125.388,47.8766,111.2727,275.6818,867.7273,8175133.0,0.23054835193506942
TV Manufacturing & Supplier Unit,2010-01-16,5155,104.9,96.3,106.7,361.62,5245,1896696.9,69.6637,13.080365,102.3094,1393.8565,610.286,86.23,34.2365,117.6818,280.8182,840.1364,8175133.0,0.232008078645326
TV Manufacturing & Supplier Unit,2010-01-17,6000,104.9,96.3,106.7,361.62,6280,2270973.6,66.0726,13.407284,95.4486,1428.7871,622.095,95.229,60.6667,100.9091,284.9545,796.5909,8175133.0,0.2777904163761006
TV Manufacturing & Supplier Unit,2010-01-18,6340,104.9,96.3,106.7,361.62,6240,2256508.8,74.1848,13.345691,103.0639,1399.9728,602.0,158.382,18.7505,112.2727,281.6818,914.9091,8175133.0,0.27602105066669863
TV Manufacturing & Supplier Unit,2010-01-19,6402,104.9,96.3,106.7,361.62,6482,2344020.84,63.5185,13.116667,97.2917,1400.1282,5072.619,48.039,19.0108,116.8182,265.9091,1379.4091,8175133.0,0.2867257132085802
TV Manufacturing & Supplier Unit,2010-01-20,7312,104.9,96.3,106.7,361.62,7542,2727338.04,68.8107,13.319634,96.5201,1397.7889,5413.095,221.528,0.0,118.6364,279.1818,904.5,8175133.0,0.33361390450773093
TV Manufacturing & Supplier Unit,2010-01-21,5369,104.9,96.3,106.7,361.62,5759,2082569.58,73.7652,13.23974,97.5,1390.8409,5230.286,208.569,30.429,103.9545,276.2727,828.0455,8175133.0,0.2547444280111406
TV Manufacturing & Supplier Unit,2010-01-22,6231,104.9,96.3,106.7,361.62,6841,2473842.42,72.1859,13.440022,97.255,1411.5829,2421.429,136.737,31.5863,109.3182,283.2727,953.0455,8175133.0,0.3026057704504624
TV Manufacturing & Supplier Unit,2010-01-23,10796,104.9,96.3,106.7,361.62,11456,4142718.72,66.0888,13.228643,97.6225,1406.0804,2126.714,151.538,43.0027,119.2727,299.3636,945.0,8175133.0,0.5067463391727083
TV Manufacturing & Supplier Unit,2010-01-24,10783,104.9,96.3,106.7,361.62,10453,3780013.86,74.5333,12.9675,98.9625,1358.775,6354.571,5.659,43.1783,106.9545,286.7273,896.5,8175133.0,0.4623794940094552
TV Manufacturing & Supplier Unit,2010-01-25,10364,104.9,96.3,106.7,361.62,10484,3791224.08,82.3549,13.487846,108.8993,1441.5672,3272.952,173.248,11.7112,138.3182,317.8182,1253.8636,8175133.0,0.46375075243424174
TV Manufacturing & Supplier Unit,2010-01-26,10775,104.9,96.3,106.7,361.62,10266,3712390.92,73.0167,13.521857,100.9125,1417.05,2568.714,200.366,11.8272,120.9545,254.0909,912.6818,8175133.0,0.4541077093180013
TV Manufacturing & Supplier Unit,2010-01-27,10700,104.9,96.3,106.7,361.62,10206,3690693.72,80.2514,13.530168,101.449,1417.1229,4164.429,100.809,0.0,139.4545,273.4545,1060.3182,8175133.0,0.4514536607538985
TV Manufacturing & Supplier Unit,2010-01-28,10140,104.9,96.3,106.7,361.62,10176,3679845.12,74.2157,13.368908,102.5735,1438.0995,3379.333,32.421,50.8308,116.9091,254.0,913.5909,8175133.0,0.45012663647184703
TV Manufacturing & Supplier Unit,2010-01-29,10842,104.9,96.3,106.7,361.62,10234,3700819.08,81.9,13.955036,112.8563,1451.775,3155.143,52.031,144.9951,87.1364,241.4545,799.1818,8175133.0,0.45269221675047977
TV Manufacturing & Supplier Unit,2010-01-30,10645,104.9,96.3,106.7,361.62,10446,3777482.52,70.4439,13.584207,102.6445,1436.1558,252.905,172.967,95.636,79.3636,221.9545,853.5909,8175133.0,0.46206985501030995
TV Manufacturing & Supplier Unit,2010-01-31,10951,104.9,96.3,106.7,361.62,10346,3741320.52,70.8209,13.662473,99.8041,1446.791,2981.048,189.24,11.8084,93.0909,240.1364,881.7273,8175133.0,0.45764644073680516
TV Manufacturing & Supplier Unit,2010-02-01,10668,104.9,96.5,107.2,361.62,10216,3694309.92,76.9832,13.57063,103.6278,1462.2905,3706.667,206.839,3.8765,97.9545,244.3636,971.9091,8175133.0,0.4518960021812489
TV Manufacturing & Supplier Unit,2010-02-02,10565,104.9,96.5,107.2,361.62,10505,3798818.1,75.0382,13.75095,103.3142,1438.6927,2226.429,132.829,0.0,94.3182,230.0455,868.1818,8175133.0,0.46467966943167777
TV Manufacturing & Supplier Unit,2010-02-03,10733,104.9,96.5,107.2,361.62,10661,3855230.82,86.2007,13.771313,118.4677,1477.8226,4038.81,194.316,34.6945,77.8182,197.1818,821.3636,8175133.0,0.4715801956983452
TV Manufacturing & Supplier Unit,2010-02-04,11926,104.9,96.5,107.2,361.62,10305,3726494.1,71.3785,13.186582,98.639,1387.5,3323.762,140.09,35.5475,66.8636,191.1818,770.9091,8175133.0,0.4558328408846682
TV Manufacturing & Supplier Unit,2010-02-05,11236,104.9,96.5,107.2,361.62,10226,3697926.12,70.1412,13.363559,98.464,1424.4915,4422.667,149.738,15.863,66.9545,194.4545,697.6364,8175133.0,0.4523383436085994
TV Manufacturing & Supplier Unit,2010-02-06,11113,104.9,96.5,107.2,361.62,10134,3664657.08,70.0298,13.411224,104.3555,1417.0982,3892.381,99.954,15.817,98.1364,253.5455,928.5455,8175133.0,0.448268802476975
TV Manufacturing & Supplier Unit,2010-02-07,11600,104.9,96.5,107.2,361.62,10279,3717091.98,70.7417,13.195929,98.9625,1400.175,1885.191,117.032,0.0,95.9091,254.0455,843.4091,8175133.0,0.45468275317355694
TV Manufacturing & Supplier Unit,2010-02-08,11400,104.9,96.5,107.2,361.62,10212,3692863.44,75.7181,13.641109,98.5372,1401.3032,1953.81,121.125,35.811,89.0909,245.5,767.3182,8175133.0,0.4517190656103087
TV Manufacturing & Supplier Unit,2010-02-09,11335,104.9,96.5,107.2,361.62,10245,3704796.9,62.6861,12.822399,84.1292,1339.8058,1791.191,189.038,0.0,94.4091,247.6364,802.2273,8175133.0,0.4531787923205653
TV Manufacturing & Supplier Unit,2010-02-10,11638,104.9,96.5,107.2,361.62,10280,3717453.6,72.1521,13.686512,97.145,1434.9029,3074.667,196.773,0.0,92.0455,291.5909,785.5909,8175133.0,0.45472698731629196
TV Manufacturing & Supplier Unit,2010-02-11,11282,104.9,96.5,107.2,361.62,10240,3702988.8,72.9083,13.361679,102.375,1442.025,3117.048,160.32,0.0,135.0455,249.3182,846.5,8175133.0,0.45295762160689
TV Manufacturing & Supplier Unit,2010-02-12,11834,104.9,96.5,107.2,361.62,10482,3790500.84,71.8265,13.682436,98.0009,1460.4452,2023.524,147.936,40.3932,92.5,221.1818,790.3636,8175133.0,0.46366228414877164
TV Manufacturing & Supplier Unit,2010-02-13,11541,104.9,96.5,107.2,361.62,10542,3812198.04,70.9562,13.756545,98.7625,1454.8207,3395.667,262.807,0.0,96.9091,252.4091,898.4545,8175133.0,0.46631633271287454
TV Manufacturing & Supplier Unit,2010-02-14,12830,104.9,96.5,107.2,361.62,11759,4252289.58,59.2809,13.217295,84.632,1392.1066,2921.333,311.592,30.3757,106.1818,254.9091,1144.5455,8175133.0,0.5201492844214277
TV Manufacturing & Supplier Unit,2010-02-15,12642,104.9,96.5,107.2,361.62,12841,4643562.42,64.7032,13.211155,92.6027,1397.2603,2825.095,455.428,46.9608,126.0455,269.3182,1115.2727,8175133.0,0.5680106268607495
TV Manufacturing & Supplier Unit,2010-02-16,12739,104.9,96.5,107.2,361.62,13456,4865958.72,68.4878,13.715226,90.128,1433.561,5082.667,467.509,93.5075,114.2273,324.5909,1271.5455,8175133.0,0.595214624642804
TV Manufacturing & Supplier Unit,2010-02-17,12677,104.9,96.5,107.2,361.62,13453,4864873.86,63.4742,13.85664,89.0317,1441.4789,4011.714,402.614,0.0,118.0455,281.5455,971.7273,8175133.0,0.5950819222145989
TV Manufacturing & Supplier Unit,2010-02-18,11263,104.9,96.5,107.2,361.62,12134,4387897.08,61.0278,13.6175,90.3229,1411.8333,2666.857,435.346,105.1623,118.5909,261.4545,893.6818,8175133.0,0.5367370879470708
TV Manufacturing & Supplier Unit,2010-02-19,11814,104.9,96.5,107.2,361.62,12406,4486257.72,56.0507,12.873331,75.9069,1322.6087,1675.905,408.612,0.0,175.5455,275.6364,3826.6818,8175133.0,0.5487687747710037
TV Manufacturing & Supplier Unit,2010-02-20,12701,104.9,96.5,107.2,361.62,13701,4954555.62,62.4074,13.102381,85.1042,1365.0,3668.476,481.883,104.0112,167.9545,241.7273,2170.1818,8175133.0,0.6060519896128908
TV Manufacturing & Supplier Unit,2010-02-21,8936,104.9,96.5,107.2,361.62,5245,1896696.9,58.3943,12.994338,80.5564,1387.4085,0.0,217.694,0.0,95.0,216.7273,969.1818,8175133.0,0.232008078645326
TV Manufacturing & Supplier Unit,2010-02-22,9393,104.9,96.5,107.2,361.62,6280,2270973.6,47.5541,12.722032,73.125,1333.3442,2429.714,52.865,25.8875,111.0909,234.9545,1835.1818,8175133.0,0.2777904163761006
TV Manufacturing & Supplier Unit,2010-02-23,9602,104.9,96.5,107.2,361.62,6240,2256508.8,59.8805,13.436076,80.3244,1381.6456,2754.048,88.948,26.1196,115.1818,242.5909,1697.8636,8175133.0,0.27602105066669863
TV Manufacturing & Supplier Unit,2010-02-24,9207,104.9,96.5,107.2,361.62,6482,2344020.84,61.2679,13.43674,77.7901,1413.0861,2785.095,57.238,36.1466,141.6818,237.7727,1549.3636,8175133.0,0.2867257132085802
TV Manufacturing & Supplier Unit,2010-02-25,9717,104.9,96.5,107.2,361.62,7542,2727338.04,71.0122,13.404974,84.7382,1402.9319,4393.286,28.846,62.6395,108.2273,248.8182,1114.8636,8175133.0,0.33361390450773093
TV Manufacturing & Supplier Unit,2010-02-26,9512,104.9,96.5,107.2,361.62,5759,2082569.58,60.1852,13.030952,83.9583,1380.0,3948.333,621.432,20.7815,108.3182,276.7273,1028.1364,8175133.0,0.2547444280111406
TV Manufacturing & Supplier Unit,2010-02-27,8264,104.9,96.5,107.2,361.62,6841,2473842.42,67.0833,13.468929,85.2188,1415.7115,5381.381,1040.787,51.0694,119.9545,276.2727,941.4545,8175133.0,0.3026057704504624
TV Manufacturing & Supplier Unit,2010-02-28,8327,104.9,96.5,107.2,361.62,6456,2334618.72,60.6469,13.100489,78.3562,1368.8356,4420.81,854.31,0.0,89.8636,226.3636,896.9545,8175133.0,0.285575625497469
TV Manufacturing & Supplier Unit,2010-03-01,8820,105.4,96.5,106.4,361.62,5453,1971913.86,58.1144,13.07043,80.045,1371.6737,4524.381,587.16,0.0,99.0,220.6818,1072.0455,8175133.0,0.24120878033421597
TV Manufacturing & Supplier Unit,2010-03-02,8338,105.4,96.5,106.4,361.62,5134,1856557.08,57.3207,13.081103,83.5127,1380.6962,3647.762,522.584,0.0,108.6364,278.2273,928.5909,8175133.0,0.2270980888017357
TV Manufacturing & Supplier Unit,2010-03-03,8567,105.4,96.5,106.4,361.62,4279,1547371.98,60.7032,13.50425,77.856,1385.1266,3238.143,900.812,47.174,157.2727,258.3636,1084.3636,8175133.0,0.18927789676326978
TV Manufacturing & Supplier Unit,2010-03-04,8143,105.4,96.5,106.4,361.62,5212,1884763.44,59.1749,13.853677,75.5225,1437.6393,4245.857,818.376,0.0,104.3636,233.6818,807.0909,8175133.0,0.23054835193506942
TV Manufacturing & Supplier Unit,2010-03-05,8828,105.4,96.5,106.4,361.62,5245,1896696.9,65.1245,13.325,78.0981,1381.7672,3604.0,1100.992,46.782,109.6364,226.5909,889.8636,8175133.0,0.232008078645326
TV Manufacturing & Supplier Unit,2010-03-06,8585,105.4,96.5,106.4,361.62,6280,2270973.6,60.6667,13.488857,76.725,1399.6615,4168.952,272.036,0.0,93.9545,222.7727,805.9091,8175133.0,0.2777904163761006
TV Manufacturing & Supplier Unit,2010-03-07,8988,105.4,96.5,106.4,361.62,6240,2256508.8,59.1026,13.206593,78.6058,1369.3491,3984.429,817.581,31.3919,81.9091,225.1818,816.2727,8175133.0,0.27602105066669863
TV Manufacturing & Supplier Unit,2010-03-08,8113,105.4,96.5,106.4,361.62,6482,2344020.84,61.1351,12.775135,76.2872,1341.7297,3943.524,1288.844,31.1817,98.6818,224.5455,855.8636,8175133.0,0.2867257132085802
TV Manufacturing & Supplier Unit,2010-03-09,8763,105.4,96.5,106.4,361.62,7542,2727338.04,53.7865,12.940132,74.9424,1323.5526,5732.0,540.757,31.5487,111.0455,232.8636,791.3636,8175133.0,0.33361390450773093
TV Manufacturing & Supplier Unit,2010-03-10,8178,105.4,96.5,106.4,361.62,5759,2082569.58,71.5344,13.742857,90.9226,1448.9683,4794.048,1244.833,31.3605,93.0455,200.0,889.3636,8175133.0,0.2547444280111406
TV Manufacturing & Supplier Unit,2010-03-11,8716,105.4,96.5,106.4,361.62,6841,2473842.42,64.2846,13.314926,83.8178,1382.5472,4364.333,1758.402,0.0,133.5,244.9091,1398.6364,8175133.0,0.3026057704504624
TV Manufacturing & Supplier Unit,2010-03-12,8679,105.4,96.5,106.4,361.62,6456,2334618.72,65.7941,12.818661,84.1001,1347.2513,4294.238,1030.257,0.0,86.7727,258.7727,755.4545,8175133.0,0.285575625497469
TV Manufacturing & Supplier Unit,2010-03-13,7752,105.4,96.5,106.4,361.62,5453,1971913.86,62.4,13.546531,82.5964,1416.1714,3653.238,1418.209,33.6281,121.1818,305.2727,1097.0455,8175133.0,0.24120878033421597
TV Manufacturing & Supplier Unit,2010-03-14,7179,105.4,96.5,106.4,361.62,5134,1856557.08,53.7727,12.961169,74.8977,1344.9545,3609.905,715.315,0.0,94.1364,235.6818,781.4545,8175133.0,0.2270980888017357
TV Manufacturing & Supplier Unit,2010-03-15,7358,105.4,96.5,106.4,361.62,4279,1547371.98,52.8214,13.362325,71.2132,1351.5686,4121.333,917.361,0.0,107.1364,281.2727,977.0,8175133.0,0.18927789676326978
TV Manufacturing & Supplier Unit,2010-03-16,7051,105.4,96.5,106.4,361.62,5212,1884763.44,57.7518,12.776208,78.5612,1324.1547,4237.095,1791.183,0.0,95.8636,234.8182,1045.8636,8175133.0,0.23054835193506942
TV Manufacturing & Supplier Unit,2010-03-17,7027,105.4,96.5,106.4,361.62,6245,2258316.9,51.1271,11.920452,72.7743,1257.518,5421.762,1438.156,0.0,98.8636,239.5455,1194.5909,8175133.0,0.27624222138037385
TV Manufacturing & Supplier Unit,2010-03-18,7027,105.4,96.5,106.4,361.62,5280,1909353.6,52.1501,12.719017,71.1201,1302.2078,3889.762,1296.546,66.0518,84.0455,229.9545,1077.9545,8175133.0,0.2335562736410527
TV Manufacturing & Supplier Unit,2010-03-19,7128,105.4,96.5,106.4,361.62,6240,2256508.8,51.7909,12.351222,75.2632,1311.1184,0.0,1606.041,31.3291,106.0455,229.2727,1248.6364,8175133.0,0.27602105066669863
TV Manufacturing & Supplier Unit,2010-03-20,7627,105.4,96.5,106.4,361.62,5482,1982400.84,48.2576,12.586364,67.7699,1285.6818,4385.238,733.219,31.442,163.0,220.1364,863.9091,8175133.0,0.24249157047353237
TV Manufacturing & Supplier Unit,2010-03-21,7245,105.4,96.5,106.4,361.62,6542,2365718.04,66.1017,13.261653,90.58,1389.4068,4190.619,559.335,98.8613,97.1364,231.2273,931.4545,8175133.0,0.2893797617726831
TV Manufacturing & Supplier Unit,2010-03-22,7072,105.4,96.5,106.4,361.62,6759,2444189.58,59.9742,13.437482,83.5535,1403.4278,4585.81,594.017,81.0844,227.4091,348.1818,5330.5909,8175133.0,0.2989785707461885
TV Manufacturing & Supplier Unit,2010-03-23,7809,105.4,96.5,106.4,361.62,6841,2473842.42,55.2248,13.235382,74.939,1407.8372,4315.667,1528.002,60.6353,217.6364,246.2273,1589.4545,8175133.0,0.3026057704504624
TV Manufacturing & Supplier Unit,2010-03-24,7386,105.4,96.5,106.4,361.62,6486,2345467.32,41.9396,10.782832,72.2697,1124.5614,3302.667,1456.185,20.4679,906.7727,254.8182,1904.4545,8175133.0,0.2869026497795204
TV Manufacturing & Supplier Unit,2010-03-25,6578,105.4,96.5,106.4,361.62,6453,2333533.86,41.6303,10.945789,77.2762,1151.9869,4852.238,1309.68,5.8744,1169.4091,272.7273,2055.2727,8175133.0,0.28544292306926383
TV Manufacturing & Supplier Unit,2010-03-26,6057,105.4,96.5,106.4,361.62,6134,2218177.08,41.6467,10.320488,74.1467,1067.1557,4218.524,1074.439,118.4667,124.0,243.8182,1194.0455,8175133.0,0.2713322315367836
TV Manufacturing & Supplier Unit,2010-03-27,6493,105.4,96.5,106.4,361.62,6279,2270611.98,43.8592,10.441019,82.8277,1122.3786,3900.429,1201.36,33.12,84.6818,223.3182,859.0909,8175133.0,0.2777461822333655
TV Manufacturing & Supplier Unit,2010-03-28,6622,105.4,96.5,106.4,361.62,5212,1884763.44,48.425,11.099679,92.7469,1155.225,4992.524,1321.858,64.7,76.0,199.4545,920.6818,8175133.0,0.23054835193506942
TV Manufacturing & Supplier Unit,2010-03-29,6103,105.4,96.5,106.4,361.62,6245,2258316.9,41.2437,10.780856,74.2386,1114.6447,4108.857,1051.006,85.2464,87.1364,403.7727,1091.8182,8175133.0,0.27624222138037385
TV Manufacturing & Supplier Unit,2010-03-30,6809,105.4,96.5,106.4,361.62,5280,1909353.6,38.057,10.027128,75.1457,1070.1295,3149.857,935.436,7.3203,110.7727,268.5455,1095.4091,8175133.0,0.2335562736410527
TV Manufacturing & Supplier Unit,2010-03-31,6401,105.4,96.5,106.4,361.62,5240,1894888.8,38.1959,10.518225,79.5329,1105.0515,3783.0,1674.99,35.0395,96.7273,225.7727,861.1364,8175133.0,0.23178690793165077
TV Manufacturing & Supplier Unit,2010-04-01,6381,105.3,96.5,106.4,361.62,6482,2344020.84,40.6498,10.727556,81.7345,1115.9174,3883.095,1066.52,0.0,131.6818,210.3182,849.5455,8175133.0,0.2867257132085802
TV Manufacturing & Supplier Unit,2010-04-02,6714,105.3,96.5,106.4,361.62,7542,2727338.04,41.3988,10.489955,73.4515,1080.4018,3695.714,1119.701,70.3706,152.5,214.1818,950.0909,8175133.0,0.33361390450773093
TV Manufacturing & Supplier Unit,2010-04-03,6816,105.3,96.5,106.4,361.62,5759,2082569.58,48.3967,11.065644,83.9878,1155.6522,4390.143,1153.756,101.5147,95.1364,226.2273,852.8182,8175133.0,0.2547444280111406
TV Manufacturing & Supplier Unit,2010-04-04,5756,105.3,96.5,106.4,361.62,6841,2473842.42,42.5309,10.512018,77.8968,1084.3651,4997.381,1430.851,101.9914,106.3182,282.0,901.0,8175133.0,0.3026057704504624
TV Manufacturing & Supplier Unit,2010-04-05,7009,105.3,96.5,106.4,361.62,6456,2334618.72,44.4388,10.814541,81.4573,1140.6888,4414.286,996.813,33.7128,92.0455,246.8182,962.8182,8175133.0,0.285575625497469
TV Manufacturing & Supplier Unit,2010-04-06,6740,105.3,96.5,106.4,361.62,6453,2333533.86,42.6279,11.224485,79.3605,1176.2093,3298.952,390.3756,0.0,891.5664,1540.4294,7307.3182,8175133.0,0.28544292306926383
TV Manufacturing & Supplier Unit,2010-04-07,7985,105.3,96.5,106.4,361.62,7134,2579797.08,49.221,10.995497,86.8139,1151.5217,2838.129,462.8413,17.6288,173.3708,394.712,1420.9545,8175133.0,0.31556637427183143
TV Manufacturing & Supplier Unit,2010-04-08,5935,105.3,96.5,106.4,361.62,6279,2270611.98,46.2566,11.370578,84.5387,1162.7381,2744.632,676.4964,27.254,165.5566,493.4066,1356.9091,8175133.0,0.2777461822333655
TV Manufacturing & Supplier Unit,2010-04-09,5698,105.3,96.5,106.4,361.62,6212,2246383.44,42.2917,11.085268,79.8047,1147.7163,4937.903,694.4416,54.2678,149.4013,543.3876,1224.5,8175133.0,0.2747824946701173
TV Manufacturing & Supplier Unit,2010-04-10,6874,105.3,96.5,106.4,361.62,6245,2258316.9,38.9348,10.688346,72.2086,1090.9399,2590.9,646.6664,61.0317,108.051,280.2315,885.5909,8175133.0,0.27624222138037385
TV Manufacturing & Supplier Unit,2010-04-11,5953,105.3,96.5,106.4,361.62,6250,2260125.0,44.3651,10.86308,79.3506,1129.2857,1628.172,606.9556,0.0,163.1774,580.3669,1337.4091,8175133.0,0.27646339209404913
TV Manufacturing & Supplier Unit,2010-04-12,6005,105.3,96.5,106.4,361.62,6340,2292670.8,38.7023,10.894057,79.2653,1151.4504,3563.992,715.7929,60.3637,115.3161,249.0141,945.1364,8175133.0,0.2804444649402034
TV Manufacturing & Supplier Unit,2010-04-13,6457,105.3,96.5,106.4,361.62,6582,2380182.84,46.6838,11.338144,81.9201,1179.433,0.0,323.3644,0.0,113.4305,240.695,929.6818,8175133.0,0.291149127482085
TV Manufacturing & Supplier Unit,2010-04-14,6110,105.3,96.5,106.4,361.62,6542,2365718.04,41.5698,10.810839,78.3685,1107.2965,2360.512,78.5261,15.024,123.818,311.9083,1014.8182,8175133.0,0.2893797617726831
TV Manufacturing & Supplier Unit,2010-04-15,6374,105.3,96.5,106.4,361.62,6759,2444189.58,42.8271,11.439653,77.9089,1161.9393,2675.608,132.1241,15.1587,168.141,304.1815,1378.0909,8175133.0,0.2989785707461885
TV Manufacturing & Supplier Unit,2010-04-16,6071,105.3,96.5,106.4,361.62,6841,2473842.42,37.9167,11.885714,62.9688,1251.25,2705.771,85.0218,20.9779,178.9666,381.9316,1466.8182,8175133.0,0.3026057704504624
TV Manufacturing & Supplier Unit,2010-04-17,7031,105.3,96.5,106.4,361.62,7056,2551590.72,38.9348,10.688346,79.3506,1090.9399,4268.157,42.8481,36.3533,131.8041,378.6272,1080.2727,8175133.0,0.3121161111384977
TV Manufacturing & Supplier Unit,2010-04-18,7110,105.3,96.5,106.4,361.62,7453,2695153.86,41.5698,10.810839,78.3685,1107.2965,2360.512,78.5261,15.024,123.818,311.9083,1014.8182,8175133.0,0.32967706580431166
TV Manufacturing & Supplier Unit,2010-04-19,6374,105.3,96.5,106.4,361.62,6134,2218177.08,42.8271,11.439653,77.9089,1161.9393,2675.608,132.1241,15.1587,168.141,304.1815,1378.0909,8175133.0,0.2713322315367836
TV Manufacturing & Supplier Unit,2010-04-20,6071,105.3,96.5,106.4,361.62,6279,2270611.98,37.9167,11.885714,62.9688,1251.25,2705.771,85.0218,20.9779,178.9666,381.9316,1466.8182,8175133.0,0.2777461822333655
TV Manufacturing & Supplier Unit,2010-04-21,6131,105.3,96.5,106.4,361.62,6212,2246383.44,38.7023,10.688346,79.3506,1090.9399,4268.157,42.8481,36.3533,131.8041,378.6272,1080.2727,8175133.0,0.2747824946701173
TV Manufacturing & Supplier Unit,2010-04-22,5884,105.3,96.5,106.4,361.62,6245,2258316.9,77.4819,14.104193,112.337,1479.4565,722.571,95.333,11.8398,91.0,276.3636,756.5909,8175133.0,0.27624222138037385
TV Manufacturing & Supplier Unit,2010-04-23,4366,105.3,96.5,106.4,361.62,6280,2270973.6,73.4783,13.298758,105.7133,1369.8913,717.857,114.957,27.8039,111.9091,291.3182,860.1364,8175133.0,0.2777904163761006
TV Manufacturing & Supplier Unit,2010-04-24,4006,105.3,96.5,106.4,361.62,6240,2256508.8,80.6093,13.200691,108.7702,1428.0645,653.333,113.09,0.0,94.6364,282.7273,751.9545,8175133.0,0.27602105066669863
TV Manufacturing & Supplier Unit,2010-04-25,4076,105.3,96.5,106.4,361.62,6482,2344020.84,65.9319,12.721429,93.3065,1309.3548,622.095,72.442,0.0,98.5909,306.3182,749.4545,8175133.0,0.2867257132085802
TV Manufacturing & Supplier Unit,2010-04-26,4834,105.3,96.5,106.4,361.62,7542,2727338.04,77.4819,14.104193,112.337,1479.4565,722.571,95.333,11.8398,91.0,276.3636,756.5909,8175133.0,0.33361390450773093
TV Manufacturing & Supplier Unit,2010-04-27,4636,105.3,96.5,106.4,361.62,5759,2082569.58,73.4783,13.298758,105.7133,1369.8913,717.857,114.957,27.8039,111.9091,291.3182,860.1364,8175133.0,0.2547444280111406
TV Manufacturing & Supplier Unit,2010-04-28,4166,105.3,96.5,106.4,361.62,6841,2473842.42,80.6093,13.200691,108.7702,1428.0645,653.333,113.09,0.0,94.6364,282.7273,751.9545,8175133.0,0.3026057704504624
TV Manufacturing & Supplier Unit,2010-04-29,4186,105.3,96.5,106.4,361.62,6456,2334618.72,65.9319,12.721429,93.3065,1309.3548,622.095,72.442,0.0,98.5909,306.3182,749.4545,8175133.0,0.285575625497469
TV Manufacturing & Supplier Unit,2010-04-30,4405,105.3,96.5,106.4,361.62,5453,1971913.86,89.7283,13.792314,117.6359,1417.0109,624.238,87.649,0.0,105.0455,306.4545,754.2727,8175133.0,0.24120878033421597
TV Manufacturing & Supplier Unit,2010-05-01,5561,105.5,96.5,106.4,361.62,4240,1533268.8,68.8095,12.581633,91.6071,1334.3407,611.714,38.235,0.0,108.0,305.9545,776.6364,8175133.0,0.1875527651966029
TV Manufacturing & Supplier Unit,2010-05-02,6205,105.5,96.5,106.4,361.62,4266,1542670.92,80.1434,13.419355,101.6935,1390.6452,627.238,92.486,6.9945,112.9545,304.8636,867.1818,8175133.0,0.18870285290771416
TV Manufacturing & Supplier Unit,2010-05-03,5006,105.5,96.5,106.4,361.62,4206,1520973.72,84.3369,13.476267,105.8871,1442.5806,613.143,206.96,69.9877,115.3636,298.5455,905.4091,8175133.0,0.1860488043436113
TV Manufacturing & Supplier Unit,2010-05-04,5034,105.5,96.5,106.4,361.62,4176,1510125.12,75.4189,13.207026,104.5594,1417.1311,615.857,83.632,49.589,171.5,309.6818,880.5909,8175133.0,0.18472178006155987
TV Manufacturing & Supplier Unit,2010-05-05,4319,105.5,96.5,106.4,361.62,5234,1892719.08,70.7921,12.964604,97.6207,1357.7228,688.667,118.126,46.3774,123.8182,273.7727,791.7727,8175133.0,0.2315215030752405
TV Manufacturing & Supplier Unit,2010-05-06,5082,105.5,96.5,106.4,361.62,4446,1607762.52,68.9912,13.25047,102.4712,1378.4211,636.667,125.388,47.8766,111.2727,275.6818,867.7273,8175133.0,0.1966649986000228
TV Manufacturing & Supplier Unit,2010-05-07,5155,105.5,96.5,106.4,361.62,4346,1571600.52,69.6637,13.080365,102.3094,1393.8565,610.286,86.23,34.2365,117.6818,280.8182,840.1364,8175133.0,0.192241584326518
TV Manufacturing & Supplier Unit,2010-05-08,6000,105.5,96.5,106.4,361.62,4216,1524589.92,66.0726,13.407284,95.4486,1428.7871,622.095,95.229,60.6667,100.9091,284.9545,796.5909,8175133.0,0.18649114577096176
TV Manufacturing & Supplier Unit,2010-05-09,6340,105.5,96.5,106.4,361.62,4505,1629098.1,74.1848,13.345691,103.0639,1399.9728,602.0,158.382,18.7505,112.2727,281.6818,914.9091,8175133.0,0.1992748130213906
TV Manufacturing & Supplier Unit,2010-05-10,6402,105.5,96.5,106.4,361.62,5661,2047130.82,63.5185,13.116667,97.2917,1400.1282,5072.619,48.039,19.0108,116.8182,265.9091,1379.4091,8175133.0,0.2504094820231059
TV Manufacturing & Supplier Unit,2010-05-11,7312,105.5,96.5,106.4,361.62,6305,2280014.1,68.8107,13.319634,96.5201,1397.7889,5413.095,221.528,0.0,118.6364,279.1818,904.5,8175133.0,0.27889626994447675
TV Manufacturing & Supplier Unit,2010-05-12,5369,105.5,96.5,106.4,361.62,5226,1889826.12,73.7652,13.23974,97.5,1390.8409,5230.286,208.569,30.429,103.9545,276.2727,828.0455,8175133.0,0.23116762993336012
TV Manufacturing & Supplier Unit,2010-05-13,6231,105.5,96.5,106.4,361.62,5134,1856557.08,72.1859,13.440022,97.255,1411.5829,2421.429,136.737,31.5863,109.3182,283.2727,953.0455,8175133.0,0.2270980888017357
TV Manufacturing & Supplier Unit,2010-05-14,6796,105.5,96.5,106.4,361.62,4279,1547371.98,66.0888,13.228643,97.6225,1406.0804,2126.714,151.538,43.0027,119.2727,299.3636,945.0,8175133.0,0.18927789676326978
TV Manufacturing & Supplier Unit,2010-05-15,5783,105.5,96.5,106.4,361.62,5212,1884763.44,74.5333,12.9675,98.9625,1358.775,6354.571,5.659,43.1783,106.9545,286.7273,896.5,8175133.0,0.23054835193506942
TV Manufacturing & Supplier Unit,2010-05-16,6364,105.5,96.5,106.4,361.62,5245,1896696.9,82.3549,13.487846,108.8993,1441.5672,3272.952,173.248,11.7112,138.3182,317.8182,1253.8636,8175133.0,0.232008078645326
TV Manufacturing & Supplier Unit,2010-05-17,5775,105.5,98.3,106.4,361.62,6280,2270973.6,73.0167,13.521857,100.9125,1417.05,2568.714,200.366,11.8272,120.9545,254.0909,912.6818,8175133.0,0.2777904163761006
TV Manufacturing & Supplier Unit,2010-05-18,6700,105.5,98.3,106.4,361.62,6240,2256508.8,80.2514,13.530168,101.449,1417.1229,4164.429,100.809,0.0,139.4545,273.4545,1060.3182,8175133.0,0.27602105066669863
TV Manufacturing & Supplier Unit,2010-05-19,6140,105.5,98.3,106.4,361.62,6482,2344020.84,74.2157,13.368908,102.5735,1438.0995,3379.333,32.421,50.8308,116.9091,254.0,913.5909,8175133.0,0.2867257132085802
TV Manufacturing & Supplier Unit,2010-05-20,6842,105.5,98.3,106.4,361.62,7542,2727338.04,81.9,13.955036,112.8563,1451.775,3155.143,52.031,144.9951,87.1364,241.4545,799.1818,8175133.0,0.33361390450773093
TV Manufacturing & Supplier Unit,2010-05-21,7645,105.5,98.3,106.4,361.62,5759,2082569.58,70.4439,13.584207,102.6445,1436.1558,252.905,172.967,95.636,79.3636,221.9545,853.5909,8175133.0,0.2547444280111406
TV Manufacturing & Supplier Unit,2010-05-22,6951,105.5,98.3,106.4,361.62,6841,2473842.42,70.8209,13.662473,99.8041,1446.791,2981.048,189.24,11.8084,93.0909,240.1364,881.7273,8175133.0,0.3026057704504624
TV Manufacturing & Supplier Unit,2010-05-23,7668,105.5,98.3,106.4,361.62,6456,2334618.72,76.9832,13.57063,103.6278,1462.2905,3706.667,206.839,3.8765,97.9545,244.3636,971.9091,8175133.0,0.285575625497469
TV Manufacturing & Supplier Unit,2010-05-24,8565,105.5,98.3,106.4,361.62,5453,1971913.86,75.0382,13.75095,103.3142,1438.6927,2226.429,132.829,0.0,94.3182,230.0455,868.1818,8175133.0,0.24120878033421597
TV Manufacturing & Supplier Unit,2010-05-25,7733,105.5,98.3,106.4,361.62,4484,1621504.08,86.2007,13.771313,118.4677,1477.8226,4038.81,194.316,34.6945,77.8182,197.1818,821.3636,8175133.0,0.1983458960239546
TV Manufacturing & Supplier Unit,2010-05-26,7926,105.5,98.3,106.4,361.62,4266,1542670.92,71.3785,13.186582,98.639,1387.5,3323.762,140.09,35.5475,66.8636,191.1818,770.9091,8175133.0,0.18870285290771416
TV Manufacturing & Supplier Unit,2010-05-27,7236,105.5,98.3,106.4,361.62,4206,1520973.72,70.1412,13.363559,98.464,1424.4915,4422.667,149.738,15.863,66.9545,194.4545,697.6364,8175133.0,0.1860488043436113
TV Manufacturing & Supplier Unit,2010-05-28,8113,105.5,98.3,106.4,361.62,4176,1510125.12,70.0298,13.411224,104.3555,1417.0982,3892.381,99.954,15.817,98.1364,253.5455,928.5455,8175133.0,0.18472178006155987
TV Manufacturing & Supplier Unit,2010-05-29,6600,105.5,98.3,106.4,361.62,5234,1892719.08,70.7417,13.195929,98.9625,1400.175,1885.191,117.032,0.0,95.9091,254.0455,843.4091,8175133.0,0.2315215030752405
TV Manufacturing & Supplier Unit,2010-05-30,7400,105.5,98.3,106.4,361.62,4446,1607762.52,75.7181,13.641109,98.5372,1401.3032,1953.81,121.125,35.811,89.0909,245.5,767.3182,8175133.0,0.1966649986000228
TV Manufacturing & Supplier Unit,2010-05-31,7335,105.5,98.3,106.4,361.62,4346,1571600.52,62.6861,12.822399,84.1292,1339.8058,1791.191,189.038,0.0,94.4091,247.6364,802.2273,8175133.0,0.192241584326518
TV Manufacturing & Supplier Unit,2010-06-01,6638,106.4,98.3,106.4,361.62,4216,1524589.92,72.1521,13.686512,97.145,1434.9029,3074.667,196.773,0.0,92.0455,291.5909,785.5909,8175133.0,0.18649114577096176
TV Manufacturing & Supplier Unit,2010-06-02,7282,106.4,98.3,106.4,361.62,4505,1629098.1,72.9083,13.361679,102.375,1442.025,3117.048,160.32,0.0,135.0455,249.3182,846.5,8175133.0,0.1992748130213906
TV Manufacturing & Supplier Unit,2010-06-03,6834,106.4,98.3,106.4,361.62,5661,2047130.82,71.8265,13.682436,98.0009,1460.4452,2023.524,147.936,40.3932,92.5,221.1818,790.3636,8175133.0,0.2504094820231059
TV Manufacturing & Supplier Unit,2010-06-04,7541,106.4,98.3,106.4,361.62,6305,2280014.1,70.9562,13.756545,98.7625,1454.8207,3395.667,262.807,0.0,96.9091,252.4091,898.4545,8175133.0,0.27889626994447675
TV Manufacturing & Supplier Unit,2010-06-05,7830,106.4,98.3,106.4,361.62,5226,1889826.12,59.2809,13.217295,84.632,1392.1066,2921.333,311.592,30.3757,106.1818,254.9091,1144.5455,8175133.0,0.23116762993336012
TV Manufacturing & Supplier Unit,2010-06-06,8642,106.4,98.3,106.4,361.62,5134,1856557.08,64.7032,13.211155,92.6027,1397.2603,2825.095,455.428,46.9608,126.0455,269.3182,1115.2727,8175133.0,0.2270980888017357
TV Manufacturing & Supplier Unit,2010-06-07,7739,106.4,98.3,106.4,361.62,4279,1547371.98,68.4878,13.715226,90.128,1433.561,5082.667,467.509,93.5075,114.2273,324.5909,1271.5455,8175133.0,0.18927789676326978
TV Manufacturing & Supplier Unit,2010-06-08,7778,106.4,98.3,106.4,361.62,5212,1884763.44,63.4742,13.85664,89.0317,1441.4789,4011.714,402.614,0.0,118.0455,281.5455,971.7273,8175133.0,0.23054835193506942
TV Manufacturing & Supplier Unit,2010-06-09,6632,106.4,98.3,106.4,361.62,5245,1896696.9,61.0278,13.6175,90.3229,1411.8333,2666.857,435.346,105.1623,118.5909,261.4545,893.6818,8175133.0,0.232008078645326
TV Manufacturing & Supplier Unit,2010-06-10,6814,106.4,98.3,103.5,361.62,6280,2270973.6,56.0507,12.873331,75.9069,1322.6087,1675.905,408.612,0.0,175.5455,275.6364,3826.6818,8175133.0,0.2777904163761006
TV Manufacturing & Supplier Unit,2010-06-11,6701,106.4,98.3,103.5,361.62,6240,2256508.8,62.4074,13.102381,85.1042,1365.0,3668.476,481.883,104.0112,167.9545,241.7273,2170.1818,8175133.0,0.27602105066669863
TV Manufacturing & Supplier Unit,2010-06-12,8936,106.4,98.3,103.5,361.62,6482,2344020.84,58.3943,12.994338,80.5564,1387.4085,0.0,217.694,0.0,95.0,216.7273,969.1818,8175133.0,0.2867257132085802
TV Manufacturing & Supplier Unit,2010-06-13,8393,106.4,98.3,103.5,361.62,7542,2727338.04,47.5541,12.722032,73.125,1333.3442,2429.714,52.865,25.8875,111.0909,234.9545,1835.1818,8175133.0,0.33361390450773093
TV Manufacturing & Supplier Unit,2010-06-14,9602,106.4,98.3,103.5,361.62,5759,2082569.58,59.8805,13.436076,80.3244,1381.6456,2754.048,88.948,26.1196,115.1818,242.5909,1697.8636,8175133.0,0.2547444280111406
TV Manufacturing & Supplier Unit,2010-06-15,6207,106.4,98.3,103.5,361.62,6841,2473842.42,61.2679,13.43674,77.7901,1413.0861,2785.095,57.238,36.1466,141.6818,237.7727,1549.3636,8175133.0,0.3026057704504624
TV Manufacturing & Supplier Unit,2010-06-16,6717,106.4,98.3,103.5,361.62,6456,2334618.72,71.0122,13.404974,84.7382,1402.9319,4393.286,28.846,62.6395,108.2273,248.8182,1114.8636,8175133.0,0.285575625497469
TV Manufacturing & Supplier Unit,2010-06-17,6512,106.4,98.3,103.5,361.62,5453,1971913.86,60.1852,13.030952,83.9583,1380.0,3948.333,621.432,20.7815,108.3182,276.7273,1028.1364,8175133.0,0.24120878033421597
TV Manufacturing & Supplier Unit,2010-06-18,6264,106.4,98.3,103.5,361.62,5134,1856557.08,67.0833,13.468929,85.2188,1415.7115,5381.381,1040.787,51.0694,119.9545,276.2727,941.4545,8175133.0,0.2270980888017357
TV Manufacturing & Supplier Unit,2010-06-19,6327,106.4,98.3,103.5,361.62,4279,1547371.98,60.6469,13.100489,78.3562,1368.8356,4420.81,854.31,0.0,89.8636,226.3636,896.9545,8175133.0,0.18927789676326978
TV Manufacturing & Supplier Unit,2010-06-20,6820,106.4,98.3,103.5,361.62,5212,1884763.44,58.1144,13.07043,80.045,1371.6737,4524.381,587.16,0.0,99.0,220.6818,1072.0455,8175133.0,0.23054835193506942
TV Manufacturing & Supplier Unit,2010-06-21,6338,106.4,98.3,103.5,361.62,5245,1896696.9,57.3207,13.081103,83.5127,1380.6962,3647.762,522.584,0.0,108.6364,278.2273,928.5909,8175133.0,0.232008078645326
TV Manufacturing & Supplier Unit,2010-06-22,7567,106.4,98.3,103.5,361.62,6280,2270973.6,60.7032,13.50425,77.856,1385.1266,3238.143,900.812,47.174,157.2727,258.3636,1084.3636,8175133.0,0.2777904163761006
TV Manufacturing & Supplier Unit,2010-06-23,7143,106.4,98.3,103.5,361.62,6240,2256508.8,59.1749,13.853677,75.5225,1437.6393,4245.857,818.376,0.0,104.3636,233.6818,807.0909,8175133.0,0.27602105066669863
TV Manufacturing & Supplier Unit,2010-06-24,7828,106.4,98.3,103.5,361.62,6482,2344020.84,65.1245,13.325,78.0981,1381.7672,3604.0,1100.992,46.782,109.6364,226.5909,889.8636,8175133.0,0.2867257132085802
TV Manufacturing & Supplier Unit,2010-06-25,7585,106.4,98.3,103.5,361.62,7542,2727338.04,60.6667,13.488857,76.725,1399.6615,4168.952,272.036,0.0,93.9545,222.7727,805.9091,8175133.0,0.33361390450773093
TV Manufacturing & Supplier Unit,2010-06-26,7988,106.4,98.3,103.5,361.62,5759,2082569.58,59.1026,13.206593,78.6058,1369.3491,3984.429,817.581,31.3919,81.9091,225.1818,816.2727,8175133.0,0.2547444280111406
TV Manufacturing & Supplier Unit,2010-06-27,7113,106.4,98.3,103.5,361.62,6841,2473842.42,61.1351,12.775135,76.2872,1341.7297,3943.524,1288.844,31.1817,98.6818,224.5455,855.8636,8175133.0,0.3026057704504624
TV Manufacturing & Supplier Unit,2010-06-28,7763,106.4,98.3,103.5,361.62,6456,2334618.72,53.7865,12.940132,74.9424,1323.5526,5732.0,540.757,31.5487,111.0455,232.8636,791.3636,8175133.0,0.285575625497469
TV Manufacturing & Supplier Unit,2010-06-29,7178,106.4,98.3,103.5,361.62,5453,1971913.86,71.5344,13.742857,90.9226,1448.9683,4794.048,1244.833,31.3605,93.0455,200.0,889.3636,8175133.0,0.24120878033421597
TV Manufacturing & Supplier Unit,2010-06-30,7716,106.4,98.3,103.5,361.62,5134,1856557.08,64.2846,13.314926,83.8178,1382.5472,4364.333,1758.402,0.0,133.5,244.9091,1398.6364,8175133.0,0.2270980888017357
TV Manufacturing & Supplier Unit,2010-07-01,7679,106.5,98.3,103.5,361.62,4279,1547371.98,65.7941,12.818661,84.1001,1347.2513,4294.238,1030.257,0.0,86.7727,258.7727,755.4545,8175133.0,0.18927789676326978
TV Manufacturing & Supplier Unit,2010-07-02,7652,106.5,98.3,103.5,361.62,5212,1884763.44,62.4,13.546531,82.5964,1416.1714,3653.238,1418.209,33.6281,121.1818,305.2727,1097.0455,8175133.0,0.23054835193506942
TV Manufacturing & Supplier Unit,2010-07-03,7079,106.5,98.3,103.5,361.62,5245,1896696.9,53.7727,12.961169,74.8977,1344.9545,3609.905,715.315,0.0,94.1364,235.6818,781.4545,8175133.0,0.232008078645326
TV Manufacturing & Supplier Unit,2010-07-04,7058,106.5,98.3,103.5,361.62,6280,2270973.6,52.8214,13.362325,71.2132,1351.5686,4121.333,917.361,0.0,107.1364,281.2727,977.0,8175133.0,0.2777904163761006
TV Manufacturing & Supplier Unit,2010-07-05,7051,106.5,98.3,103.5,361.62,6240,2256508.8,57.7518,12.776208,78.5612,1324.1547,4237.095,1791.183,0.0,95.8636,234.8182,1045.8636,8175133.0,0.27602105066669863
TV Manufacturing & Supplier Unit,2010-07-06,7027,106.5,98.3,103.5,361.62,6482,2344020.84,51.1271,11.920452,72.7743,1257.518,5421.762,1438.156,0.0,98.8636,239.5455,1194.5909,8175133.0,0.2867257132085802
TV Manufacturing & Supplier Unit,2010-07-07,7027,106.5,98.3,103.5,361.62,6542,2365718.04,52.1501,12.719017,71.1201,1302.2078,3889.762,1296.546,66.0518,84.0455,229.9545,1077.9545,8175133.0,0.2893797617726831
TV Manufacturing & Supplier Unit,2010-07-08,6128,106.5,98.3,103.5,361.62,5759,2082569.58,51.7909,12.351222,75.2632,1311.1184,0.0,1606.041,31.3291,106.0455,229.2727,1248.6364,8175133.0,0.2547444280111406
TV Manufacturing & Supplier Unit,2010-07-09,7627,106.5,98.3,103.5,361.62,6841,2473842.42,48.2576,12.586364,67.7699,1285.6818,4385.238,733.219,31.442,163.0,220.1364,863.9091,8175133.0,0.3026057704504624
TV Manufacturing & Supplier Unit,2010-07-10,7245,106.5,98.3,103.5,361.62,6456,2334618.72,66.1017,13.261653,90.58,1389.4068,4190.619,559.335,98.8613,97.1364,231.2273,931.4545,8175133.0,0.285575625497469
TV Manufacturing & Supplier Unit,2010-07-11,7072,106.5,98.3,103.5,361.62,5453,1971913.86,59.9742,13.437482,83.5535,1403.4278,4585.81,594.017,81.0844,227.4091,348.1818,5330.5909,8175133.0,0.24120878033421597
TV Manufacturing & Supplier Unit,2010-07-12,6809,106.5,98.3,103.5,361.62,5134,1856557.08,55.2248,13.235382,74.939,1407.8372,4315.667,1528.002,60.6353,217.6364,246.2273,1589.4545,8175133.0,0.2270980888017357
TV Manufacturing & Supplier Unit,2010-07-13,7386,106.5,98.3,103.5,361.62,4279,1547371.98,41.9396,10.782832,72.2697,1124.5614,3302.667,1456.185,20.4679,906.7727,254.8182,1904.4545,8175133.0,0.18927789676326978
TV Manufacturing & Supplier Unit,2010-07-14,5578,106.5,98.3,103.5,361.62,5212,1884763.44,41.6303,10.945789,77.2762,1151.9869,4852.238,1309.68,5.8744,1169.4091,272.7273,2055.2727,8175133.0,0.23054835193506942
TV Manufacturing & Supplier Unit,2010-07-15,8057,106.5,98.3,103.5,361.62,5245,1896696.9,41.6467,10.320488,74.1467,1067.1557,4218.524,1074.439,118.4667,124.0,243.8182,1194.0455,8175133.0,0.232008078645326
TV Manufacturing & Supplier Unit,2010-07-16,5493,106.5,98.3,103.5,361.62,6280,2270973.6,43.8592,10.441019,82.8277,1122.3786,3900.429,1201.36,33.12,84.6818,223.3182,859.0909,8175133.0,0.2777904163761006
TV Manufacturing & Supplier Unit,2010-07-17,6622,106.5,98.3,103.5,361.62,6240,2256508.8,48.425,11.099679,92.7469,1155.225,4992.524,1321.858,64.7,76.0,199.4545,920.6818,8175133.0,0.27602105066669863
TV Manufacturing & Supplier Unit,2010-07-18,8103,106.5,98.3,103.5,361.62,6482,2344020.84,41.2437,10.780856,74.2386,1114.6447,4108.857,1051.006,85.2464,87.1364,403.7727,1091.8182,8175133.0,0.2867257132085802
TV Manufacturing & Supplier Unit,2010-07-19,8092,106.5,98.3,103.5,361.62,7542,2727338.04,38.057,10.027128,75.1457,1070.1295,3149.857,935.436,7.3203,110.7727,268.5455,1095.4091,8175133.0,0.33361390450773093
TV Manufacturing & Supplier Unit,2010-07-20,8401,106.5,98.3,103.5,361.62,5759,2082569.58,38.1959,10.518225,79.5329,1105.0515,3783.0,1674.99,35.0395,96.7273,225.7727,861.1364,8175133.0,0.2547444280111406
TV Manufacturing & Supplier Unit,2010-07-21,6681,106.5,98.3,103.5,361.62,6841,2473842.42,40.6498,10.727556,81.7345,1115.9174,3883.095,1066.52,0.0,131.6818,210.3182,849.5455,8175133.0,0.3026057704504624
TV Manufacturing & Supplier Unit,2010-07-22,8714,106.5,98.3,103.5,361.62,6456,2334618.72,41.3988,10.489955,73.4515,1080.4018,3695.714,1119.701,70.3706,152.5,214.1818,950.0909,8175133.0,0.285575625497469
TV Manufacturing & Supplier Unit,2010-07-23,8116,106.5,98.3,103.5,361.62,7453,2695153.86,48.3967,11.065644,83.9878,1155.6522,4390.143,1153.756,101.5147,95.1364,226.2273,852.8182,8175133.0,0.32967706580431166
TV Manufacturing & Supplier Unit,2010-07-24,8756,106.5,98.3,103.5,361.62,8013,2897661.06,42.5309,10.512018,77.8968,1084.3651,4997.381,1430.851,101.9914,106.3182,282.0,901.0,8175133.0,0.3544481857359385
TV Manufacturing & Supplier Unit,2010-07-25,8009,106.5,98.3,103.5,361.62,7279,2632231.98,44.4388,10.814541,81.4573,1140.6888,4414.286,996.813,33.7128,92.0455,246.8182,962.8182,8175133.0,0.32198032496841333
TV Manufacturing & Supplier Unit,2010-07-26,8140,106.5,98.3,103.5,361.62,5212,1884763.44,42.6279,11.224485,79.3605,1176.2093,3298.952,390.3756,0.0,891.5664,1540.4294,7307.3182,8175133.0,0.23054835193506942
TV Manufacturing & Supplier Unit,2010-07-27,8198,106.5,98.3,103.5,361.62,6245,2258316.9,49.221,10.995497,86.8139,1151.5217,2838.129,462.8413,17.6288,173.3708,394.712,1420.9545,8175133.0,0.27624222138037385
TV Manufacturing & Supplier Unit,2010-07-28,8035,106.5,98.3,103.5,361.62,6280,2270973.6,46.2566,11.370578,84.5387,1162.7381,2744.632,676.4964,27.254,165.5566,493.4066,1356.9091,8175133.0,0.2777904163761006
TV Manufacturing & Supplier Unit,2010-07-29,8198,106.5,98.3,103.5,361.62,6240,2256508.8,42.2917,11.085268,79.8047,1147.7163,4937.903,694.4416,54.2678,149.4013,543.3876,1224.5,8175133.0,0.27602105066669863
TV Manufacturing & Supplier Unit,2010-07-30,8074,106.5,98.3,103.5,361.62,6482,2344020.84,38.9348,10.688346,72.2086,1090.9399,2590.9,646.6664,61.0317,108.051,280.2315,885.5909,8175133.0,0.2867257132085802
TV Manufacturing & Supplier Unit,2010-07-31,8053,106.5,98.3,103.5,361.62,7542,2727338.04,44.3651,10.86308,79.3506,1129.2857,1628.172,606.9556,0.0,163.1774,580.3669,1337.4091,8175133.0,0.33361390450773093
TV Manufacturing & Supplier Unit,2010-08-01,8005,106.2,98.3,103.5,361.62,5759,2082569.58,38.7023,10.894057,79.2653,1151.4504,3563.992,715.7929,60.3637,115.3161,249.0141,945.1364,8175133.0,0.2547444280111406
TV Manufacturing & Supplier Unit,2010-08-02,8057,106.2,98.3,103.5,361.62,6841,2473842.42,46.6838,11.338144,81.9201,1179.433,0.0,323.3644,0.0,113.4305,240.695,929.6818,8175133.0,0.3026057704504624
TV Manufacturing & Supplier Unit,2010-08-03,8110,106.2,98.3,103.5,361.62,6456,2334618.72,41.5698,10.810839,78.3685,1107.2965,2360.512,78.5261,15.024,123.818,311.9083,1014.8182,8175133.0,0.285575625497469
TV Manufacturing & Supplier Unit,2010-08-04,7374,106.2,98.3,103.5,361.62,5453,1971913.86,42.8271,11.439653,77.9089,1161.9393,2675.608,132.1241,15.1587,168.141,304.1815,1378.0909,8175133.0,0.24120878033421597
TV Manufacturing & Supplier Unit,2010-08-05,7607,106.2,98.3,103.5,361.62,5134,1856557.08,37.9167,11.885714,62.9688,1251.25,2705.771,85.0218,20.9779,178.9666,381.9316,1466.8182,8175133.0,0.2270980888017357
TV Manufacturing & Supplier Unit,2010-08-06,7503,106.2,98.3,103.5,361.62,4279,1547371.98,38.9348,10.688346,79.3506,1090.9399,4268.157,42.8481,36.3533,131.8041,378.6272,1080.2727,8175133.0,0.18927789676326978
TV Manufacturing & Supplier Unit,2010-08-07,7110,106.2,98.3,103.5,361.62,5212,1884763.44,41.5698,10.810839,78.3685,1107.2965,2360.512,78.5261,15.024,123.818,311.9083,1014.8182,8175133.0,0.23054835193506942
TV Manufacturing & Supplier Unit,2010-08-08,7337,106.2,98.3,103.5,361.62,6545,2366802.9,42.8271,11.439653,77.9089,1161.9393,2675.608,132.1241,15.1587,168.141,304.1815,1378.0909,8175133.0,0.2895124642008882
TV Manufacturing & Supplier Unit,2010-08-09,7607,106.2,98.3,103.5,361.62,6680,2415621.6,37.9167,11.885714,62.9688,1251.25,2705.771,85.0218,20.9779,178.9666,381.9316,1466.8182,8175133.0,0.2954840734701197
TV Manufacturing & Supplier Unit,2010-08-10,7031,106.2,98.3,103.5,361.62,6640,2401156.8,38.7023,10.688346,79.3506,1090.9399,4268.157,42.8481,36.3533,131.8041,378.6272,1080.2727,8175133.0,0.29371470776071773
TV Manufacturing & Supplier Unit,2010-08-11,4384,106.2,98.3,103.5,361.62,6682,2416344.84,77.4819,14.104193,112.337,1479.4565,722.571,95.333,11.8398,91.0,276.3636,756.5909,8175133.0,0.2955725417555898
TV Manufacturing & Supplier Unit,2010-08-12,4366,106.2,98.3,103.5,361.62,6742,2438042.04,73.4783,13.298758,105.7133,1369.8913,717.857,114.957,27.8039,111.9091,291.3182,860.1364,8175133.0,0.2982265903196927
TV Manufacturing & Supplier Unit,2010-08-13,4006,106.2,98.3,103.5,361.62,6759,2444189.58,80.6093,13.200691,108.7702,1428.0645,653.333,113.09,0.0,94.6364,282.7273,751.9545,8175133.0,0.2989785707461885
TV Manufacturing & Supplier Unit,2010-08-14,4076,106.2,98.3,103.5,361.62,6641,2401518.42,65.9319,12.721429,93.3065,1309.3548,622.095,72.442,0.0,98.5909,306.3182,749.4545,8175133.0,0.2937589419034528
TV Manufacturing & Supplier Unit,2010-08-15,4834,106.2,98.3,103.5,361.62,6656,2406942.72,77.4819,14.104193,112.337,1479.4565,722.571,95.333,11.8398,91.0,276.3636,756.5909,8175133.0,0.2944224540444786
TV Manufacturing & Supplier Unit,2010-08-16,4636,106.2,98.3,103.5,361.62,6453,2333533.86,73.4783,13.298758,105.7133,1369.8913,717.857,114.957,27.8039,111.9091,291.3182,860.1364,8175133.0,0.28544292306926383
TV Manufacturing & Supplier Unit,2010-08-17,4166,106.2,98.3,103.5,361.62,6514,2355592.68,80.6093,13.200691,108.7702,1428.0645,653.333,113.09,0.0,94.6364,282.7273,751.9545,8175133.0,0.28814120577610175
TV Manufacturing & Supplier Unit,2010-08-18,4186,106.2,98.3,103.5,361.62,5279,1908991.98,65.9319,12.721429,93.3065,1309.3548,622.095,72.442,0.0,98.5909,306.3182,749.4545,8175133.0,0.23351203949831764
TV Manufacturing & Supplier Unit,2010-08-19,4405,106.2,98.3,103.5,361.62,8512,3078109.44,89.7283,13.792314,117.6359,1417.0109,624.238,87.649,0.0,105.0455,306.4545,754.2727,8175133.0,0.37652102296072737
TV Manufacturing & Supplier Unit,2010-08-20,5561,106.2,98.3,103.5,361.62,5245,1896696.9,68.8095,12.581633,91.6071,1334.3407,611.714,38.235,0.0,108.0,305.9545,776.6364,8175133.0,0.232008078645326
TV Manufacturing & Supplier Unit,2010-08-21,6205,106.2,98.3,103.5,361.62,6280,2270973.6,80.1434,13.419355,101.6935,1390.6452,627.238,92.486,6.9945,112.9545,304.8636,867.1818,8175133.0,0.2777904163761006
TV Manufacturing & Supplier Unit,2010-08-22,5006,106.2,98.3,103.5,361.62,6240,2256508.8,84.3369,13.476267,105.8871,1442.5806,613.143,206.96,69.9877,115.3636,298.5455,905.4091,8175133.0,0.27602105066669863
TV Manufacturing & Supplier Unit,2010-08-23,5034,106.2,98.3,103.5,361.62,6482,2344020.84,75.4189,13.207026,104.5594,1417.1311,615.857,83.632,49.589,171.5,309.6818,880.5909,8175133.0,0.2867257132085802
TV Manufacturing & Supplier Unit,2010-08-24,4319,106.2,98.3,103.5,361.62,7542,2727338.04,70.7921,12.964604,97.6207,1357.7228,688.667,118.126,46.3774,123.8182,273.7727,791.7727,8175133.0,0.33361390450773093
TV Manufacturing & Supplier Unit,2010-08-25,5082,106.2,98.3,103.5,361.62,5759,2082569.58,68.9912,13.25047,102.4712,1378.4211,636.667,125.388,47.8766,111.2727,275.6818,867.7273,8175133.0,0.2547444280111406
TV Manufacturing & Supplier Unit,2010-08-26,5155,106.2,98.3,103.5,361.62,6841,2473842.42,69.6637,13.080365,102.3094,1393.8565,610.286,86.23,34.2365,117.6818,280.8182,840.1364,8175133.0,0.3026057704504624
TV Manufacturing & Supplier Unit,2010-08-27,6000,106.2,98.3,103.5,361.62,6456,2334618.72,66.0726,13.407284,95.4486,1428.7871,622.095,95.229,60.6667,100.9091,284.9545,796.5909,8175133.0,0.285575625497469
TV Manufacturing & Supplier Unit,2010-08-28,6340,106.2,98.3,103.5,361.62,5453,1971913.86,74.1848,13.345691,103.0639,1399.9728,602.0,158.382,18.7505,112.2727,281.6818,914.9091,8175133.0,0.24120878033421597
TV Manufacturing & Supplier Unit,2010-08-29,6402,106.2,98.3,103.5,361.62,4240,1533268.8,63.5185,13.116667,97.2917,1400.1282,5072.619,48.039,19.0108,116.8182,265.9091,1379.4091,8175133.0,0.1875527651966029
TV Manufacturing & Supplier Unit,2010-08-30,7312,106.2,98.3,103.5,361.62,4266,1542670.92,68.8107,13.319634,96.5201,1397.7889,5413.095,221.528,0.0,118.6364,279.1818,904.5,8175133.0,0.18870285290771416
TV Manufacturing & Supplier Unit,2010-08-31,5369,106.2,98.3,103.5,361.62,4206,1520973.72,73.7652,13.23974,97.5,1390.8409,5230.286,208.569,30.429,103.9545,276.2727,828.0455,8175133.0,0.1860488043436113
TV Manufacturing & Supplier Unit,2010-09-01,6231,106.1,98.3,103.5,361.62,4176,1510125.12,72.1859,13.440022,97.255,1411.5829,2421.429,136.737,31.5863,109.3182,283.2727,953.0455,8175133.0,0.18472178006155987
TV Manufacturing & Supplier Unit,2010-09-02,6796,106.1,98.3,103.5,361.62,5234,1892719.08,66.0888,13.228643,97.6225,1406.0804,2126.714,151.538,43.0027,119.2727,299.3636,945.0,8175133.0,0.2315215030752405
TV Manufacturing & Supplier Unit,2010-09-03,5783,106.1,98.3,103.5,361.62,4446,1607762.52,74.5333,12.9675,98.9625,1358.775,6354.571,5.659,43.1783,106.9545,286.7273,896.5,8175133.0,0.1966649986000228
TV Manufacturing & Supplier Unit,2010-09-04,6364,106.1,98.3,103.5,361.62,4346,1571600.52,82.3549,13.487846,108.8993,1441.5672,3272.952,173.248,11.7112,138.3182,317.8182,1253.8636,8175133.0,0.192241584326518
TV Manufacturing & Supplier Unit,2010-09-05,5775,106.1,98.3,103.5,361.62,4216,1524589.92,73.0167,13.521857,100.9125,1417.05,2568.714,200.366,11.8272,120.9545,254.0909,912.6818,8175133.0,0.18649114577096176
TV Manufacturing & Supplier Unit,2010-09-06,6700,106.1,98.3,103.5,361.62,4505,1629098.1,80.2514,13.530168,101.449,1417.1229,4164.429,100.809,0.0,139.4545,273.4545,1060.3182,8175133.0,0.1992748130213906
TV Manufacturing & Supplier Unit,2010-09-07,6140,106.1,98.3,103.5,361.62,5661,2047130.82,74.2157,13.368908,102.5735,1438.0995,3379.333,32.421,50.8308,116.9091,254.0,913.5909,8175133.0,0.2504094820231059
TV Manufacturing & Supplier Unit,2010-09-08,6842,106.1,98.3,103.5,361.62,6305,2280014.1,81.9,13.955036,112.8563,1451.775,3155.143,52.031,144.9951,87.1364,241.4545,799.1818,8175133.0,0.27889626994447675
TV Manufacturing & Supplier Unit,2010-09-09,7645,106.1,98.3,103.5,361.62,5226,1889826.12,70.4439,13.584207,102.6445,1436.1558,252.905,172.967,95.636,79.3636,221.9545,853.5909,8175133.0,0.23116762993336012
TV Manufacturing & Supplier Unit,2010-09-10,6951,106.1,98.7,103.5,361.62,5134,1856557.08,70.8209,13.662473,99.8041,1446.791,2981.048,189.24,11.8084,93.0909,240.1364,881.7273,8175133.0,0.2270980888017357
TV Manufacturing & Supplier Unit,2010-09-11,7668,106.1,98.7,103.5,361.62,4279,1547371.98,76.9832,13.57063,103.6278,1462.2905,3706.667,206.839,3.8765,97.9545,244.3636,971.9091,8175133.0,0.18927789676326978
TV Manufacturing & Supplier Unit,2010-09-12,8565,106.1,98.7,103.5,361.62,5212,1884763.44,75.0382,13.75095,103.3142,1438.6927,2226.429,132.829,0.0,94.3182,230.0455,868.1818,8175133.0,0.23054835193506942
TV Manufacturing & Supplier Unit,2010-09-13,7733,106.1,98.7,103.5,361.62,5245,1896696.9,86.2007,13.771313,118.4677,1477.8226,4038.81,194.316,34.6945,77.8182,197.1818,821.3636,8175133.0,0.232008078645326
TV Manufacturing & Supplier Unit,2010-09-14,7926,106.1,98.7,103.5,361.62,6280,2270973.6,71.3785,13.186582,98.639,1387.5,3323.762,140.09,35.5475,66.8636,191.1818,770.9091,8175133.0,0.2777904163761006
TV Manufacturing & Supplier Unit,2010-09-15,7236,106.1,98.7,103.5,361.62,6240,2256508.8,70.1412,13.363559,98.464,1424.4915,4422.667,149.738,15.863,66.9545,194.4545,697.6364,8175133.0,0.27602105066669863
TV Manufacturing & Supplier Unit,2010-09-16,8113,106.1,98.7,103.5,361.62,6482,2344020.84,70.0298,13.411224,104.3555,1417.0982,3892.381,99.954,15.817,98.1364,253.5455,928.5455,8175133.0,0.2867257132085802
TV Manufacturing & Supplier Unit,2010-09-17,6600,106.1,98.7,103.5,361.62,7542,2727338.04,70.7417,13.195929,98.9625,1400.175,1885.191,117.032,0.0,95.9091,254.0455,843.4091,8175133.0,0.33361390450773093
TV Manufacturing & Supplier Unit,2010-09-18,7400,106.1,98.7,103.5,361.62,5759,2082569.58,75.7181,13.641109,98.5372,1401.3032,1953.81,121.125,35.811,89.0909,245.5,767.3182,8175133.0,0.2547444280111406
TV Manufacturing & Supplier Unit,2010-09-19,7335,106.1,98.7,103.5,361.62,6841,2473842.42,62.6861,12.822399,84.1292,1339.8058,1791.191,189.038,0.0,94.4091,247.6364,802.2273,8175133.0,0.3026057704504624
TV Manufacturing & Supplier Unit,2010-09-20,6638,106.1,98.7,103.5,361.62,6456,2334618.72,72.1521,13.686512,97.145,1434.9029,3074.667,196.773,0.0,92.0455,291.5909,785.5909,8175133.0,0.285575625497469
TV Manufacturing & Supplier Unit,2010-09-21,7282,106.1,98.7,103.5,361.62,5453,1971913.86,72.9083,13.361679,102.375,1442.025,3117.048,160.32,0.0,135.0455,249.3182,846.5,8175133.0,0.24120878033421597
TV Manufacturing & Supplier Unit,2010-09-22,6834,106.1,98.7,103.5,361.62,4484,1621504.08,71.8265,13.682436,98.0009,1460.4452,2023.524,147.936,40.3932,92.5,221.1818,790.3636,8175133.0,0.1983458960239546
TV Manufacturing & Supplier Unit,2010-09-23,7541,106.1,98.7,103.5,361.62,4266,1542670.92,70.9562,13.756545,98.7625,1454.8207,3395.667,262.807,0.0,96.9091,252.4091,898.4545,8175133.0,0.18870285290771416
TV Manufacturing & Supplier Unit,2010-09-24,7830,106.1,98.7,103.5,361.62,4206,1520973.72,59.2809,13.217295,84.632,1392.1066,2921.333,311.592,30.3757,106.1818,254.9091,1144.5455,8175133.0,0.1860488043436113
TV Manufacturing & Supplier Unit,2010-09-25,7642,106.1,98.7,103.5,361.62,4176,1510125.12,64.7032,13.211155,92.6027,1397.2603,2825.095,455.428,46.9608,126.0455,269.3182,1115.2727,8175133.0,0.18472178006155987
TV Manufacturing & Supplier Unit,2010-09-26,7739,106.1,98.7,103.5,361.62,5234,1892719.08,68.4878,13.715226,90.128,1433.561,5082.667,467.509,93.5075,114.2273,324.5909,1271.5455,8175133.0,0.2315215030752405
TV Manufacturing & Supplier Unit,2010-09-27,7778,106.1,98.7,103.5,361.62,4446,1607762.52,63.4742,13.85664,89.0317,1441.4789,4011.714,402.614,0.0,118.0455,281.5455,971.7273,8175133.0,0.1966649986000228
TV Manufacturing & Supplier Unit,2010-09-28,7632,106.1,98.7,103.5,361.62,4346,1571600.52,61.0278,13.6175,90.3229,1411.8333,2666.857,435.346,105.1623,118.5909,261.4545,893.6818,8175133.0,0.192241584326518
TV Manufacturing & Supplier Unit,2010-09-29,7814,106.1,98.7,103.5,361.62,4216,1524589.92,56.0507,12.873331,75.9069,1322.6087,1675.905,408.612,0.0,175.5455,275.6364,3826.6818,8175133.0,0.18649114577096176
TV Manufacturing & Supplier Unit,2010-09-30,6701,106.1,98.7,103.5,361.62,4505,1629098.1,62.4074,13.102381,85.1042,1365.0,3668.476,481.883,104.0112,167.9545,241.7273,2170.1818,8175133.0,0.1992748130213906
TV Manufacturing & Supplier Unit,2010-10-01,8936,105.5,98.7,103.5,361.62,5661,2047130.82,58.3943,12.994338,80.5564,1387.4085,0.0,217.694,0.0,95.0,216.7273,969.1818,8175133.0,0.2504094820231059
TV Manufacturing & Supplier Unit,2010-10-02,9393,105.5,98.7,103.5,361.62,6305,2280014.1,47.5541,12.722032,73.125,1333.3442,2429.714,52.865,25.8875,111.0909,234.9545,1835.1818,8175133.0,0.27889626994447675
TV Manufacturing & Supplier Unit,2010-10-03,7602,105.5,98.7,103.5,361.62,5226,1889826.12,59.8805,13.436076,80.3244,1381.6456,2754.048,88.948,26.1196,115.1818,242.5909,1697.8636,8175133.0,0.23116762993336012
TV Manufacturing & Supplier Unit,2010-10-04,7207,105.5,98.7,103.5,361.62,5134,1856557.08,61.2679,13.43674,77.7901,1413.0861,2785.095,57.238,36.1466,141.6818,237.7727,1549.3636,8175133.0,0.2270980888017357
TV Manufacturing & Supplier Unit,2010-10-05,6717,105.5,98.7,103.5,361.62,4279,1547371.98,71.0122,13.404974,84.7382,1402.9319,4393.286,28.846,62.6395,108.2273,248.8182,1114.8636,8175133.0,0.18927789676326978
TV Manufacturing & Supplier Unit,2010-10-06,7512,105.5,98.7,103.5,361.62,5212,1884763.44,60.1852,13.030952,83.9583,1380.0,3948.333,621.432,20.7815,108.3182,276.7273,1028.1364,8175133.0,0.23054835193506942
TV Manufacturing & Supplier Unit,2010-10-07,6264,105.5,98.7,103.5,361.62,5245,1896696.9,67.0833,13.468929,85.2188,1415.7115,5381.381,1040.787,51.0694,119.9545,276.2727,941.4545,8175133.0,0.232008078645326
TV Manufacturing & Supplier Unit,2010-10-08,7327,105.5,98.7,103.5,361.62,6280,2270973.6,60.6469,13.100489,78.3562,1368.8356,4420.81,854.31,0.0,89.8636,226.3636,896.9545,8175133.0,0.2777904163761006
TV Manufacturing & Supplier Unit,2010-10-09,6820,105.5,98.7,103.5,361.62,6240,2256508.8,58.1144,13.07043,80.045,1371.6737,4524.381,587.16,0.0,99.0,220.6818,1072.0455,8175133.0,0.27602105066669863
TV Manufacturing & Supplier Unit,2010-10-10,7338,105.5,98.7,103.5,361.62,6482,2344020.84,57.3207,13.081103,83.5127,1380.6962,3647.762,522.584,0.0,108.6364,278.2273,928.5909,8175133.0,0.2867257132085802
TV Manufacturing & Supplier Unit,2010-10-11,6567,105.5,98.7,103.5,361.62,7542,2727338.04,60.7032,13.50425,77.856,1385.1266,3238.143,900.812,47.174,157.2727,258.3636,1084.3636,8175133.0,0.33361390450773093
TV Manufacturing & Supplier Unit,2010-10-12,7143,105.5,98.7,103.5,361.62,5759,2082569.58,59.1749,13.853677,75.5225,1437.6393,4245.857,818.376,0.0,104.3636,233.6818,807.0909,8175133.0,0.2547444280111406
TV Manufacturing & Supplier Unit,2010-10-13,7828,105.5,98.7,103.5,361.62,6841,2473842.42,65.1245,13.325,78.0981,1381.7672,3604.0,1100.992,46.782,109.6364,226.5909,889.8636,8175133.0,0.3026057704504624
TV Manufacturing & Supplier Unit,2010-10-14,6585,105.5,98.7,103.5,361.62,6456,2334618.72,60.6667,13.488857,76.725,1399.6615,4168.952,272.036,0.0,93.9545,222.7727,805.9091,8175133.0,0.285575625497469
TV Manufacturing & Supplier Unit,2010-10-15,6988,105.5,98.7,103.5,361.62,5453,1971913.86,59.1026,13.206593,78.6058,1369.3491,3984.429,817.581,31.3919,81.9091,225.1818,816.2727,8175133.0,0.24120878033421597
TV Manufacturing & Supplier Unit,2010-10-16,6113,105.5,98.7,103.5,361.62,5134,1856557.08,61.1351,12.775135,76.2872,1341.7297,3943.524,1288.844,31.1817,98.6818,224.5455,855.8636,8175133.0,0.2270980888017357
TV Manufacturing & Supplier Unit,2010-10-17,6073,105.5,98.7,103.5,361.62,4279,1547371.98,53.7865,12.940132,74.9424,1323.5526,5732.0,540.757,31.5487,111.0455,232.8636,791.3636,8175133.0,0.18927789676326978
TV Manufacturing & Supplier Unit,2010-10-18,6178,105.5,98.7,103.5,361.62,5212,1884763.44,71.5344,13.742857,90.9226,1448.9683,4794.048,1244.833,31.3605,93.0455,200.0,889.3636,8175133.0,0.23054835193506942
TV Manufacturing & Supplier Unit,2010-10-19,6716,105.5,98.7,103.5,361.62,5245,1896696.9,64.2846,13.314926,83.8178,1382.5472,4364.333,1758.402,0.0,133.5,244.9091,1398.6364,8175133.0,0.232008078645326
TV Manufacturing & Supplier Unit,2010-10-20,6679,105.5,98.7,103.5,361.62,6280,2270973.6,65.7941,12.818661,84.1001,1347.2513,4294.238,1030.257,0.0,86.7727,258.7727,755.4545,8175133.0,0.2777904163761006
TV Manufacturing & Supplier Unit,2010-10-21,6752,105.5,98.7,103.5,361.62,6240,2256508.8,62.4,13.546531,82.5964,1416.1714,3653.238,1418.209,33.6281,121.1818,305.2727,1097.0455,8175133.0,0.27602105066669863
TV Manufacturing & Supplier Unit,2010-10-22,6179,105.5,98.7,103.5,361.62,6482,2344020.84,53.7727,12.961169,74.8977,1344.9545,3609.905,715.315,0.0,94.1364,235.6818,781.4545,8175133.0,0.2867257132085802
TV Manufacturing & Supplier Unit,2010-10-23,6358,105.5,98.7,103.5,361.62,7542,2727338.04,52.8214,13.362325,71.2132,1351.5686,4121.333,917.361,0.0,107.1364,281.2727,977.0,8175133.0,0.33361390450773093
TV Manufacturing & Supplier Unit,2010-10-24,6051,105.5,98.7,103.5,361.62,5759,2082569.58,57.7518,12.776208,78.5612,1324.1547,4237.095,1791.183,0.0,95.8636,234.8182,1045.8636,8175133.0,0.2547444280111406
TV Manufacturing & Supplier Unit,2010-10-25,6027,105.5,98.7,103.5,361.62,6841,2473842.42,51.1271,11.920452,72.7743,1257.518,5421.762,1438.156,0.0,98.8636,239.5455,1194.5909,8175133.0,0.3026057704504624
TV Manufacturing & Supplier Unit,2010-10-26,6027,105.5,98.7,103.5,361.62,6456,2334618.72,52.1501,12.719017,71.1201,1302.2078,3889.762,1296.546,66.0518,84.0455,229.9545,1077.9545,8175133.0,0.285575625497469
TV Manufacturing & Supplier Unit,2010-10-27,6128,105.5,98.7,103.5,361.62,5453,1971913.86,51.7909,12.351222,75.2632,1311.1184,0.0,1606.041,31.3291,106.0455,229.2727,1248.6364,8175133.0,0.24120878033421597
TV Manufacturing & Supplier Unit,2010-10-28,6627,105.5,98.7,103.5,361.62,5134,1856557.08,48.2576,12.586364,67.7699,1285.6818,4385.238,733.219,31.442,163.0,220.1364,863.9091,8175133.0,0.2270980888017357
TV Manufacturing & Supplier Unit,2010-10-29,7245,105.5,98.7,103.5,361.62,4279,1547371.98,66.1017,13.261653,90.58,1389.4068,4190.619,559.335,98.8613,97.1364,231.2273,931.4545,8175133.0,0.18927789676326978
TV Manufacturing & Supplier Unit,2010-10-30,7072,105.5,98.7,103.5,361.62,5212,1884763.44,59.9742,13.437482,83.5535,1403.4278,4585.81,594.017,81.0844,227.4091,348.1818,5330.5909,8175133.0,0.23054835193506942
TV Manufacturing & Supplier Unit,2010-10-31,6809,105.5,98.7,103.5,361.62,5245,1896696.9,55.2248,13.235382,74.939,1407.8372,4315.667,1528.002,60.6353,217.6364,246.2273,1589.4545,8175133.0,0.232008078645326
TV Manufacturing & Supplier Unit,2010-11-01,6386,104.2,98.7,103.5,361.62,6280,2270973.6,41.9396,10.782832,72.2697,1124.5614,3302.667,1456.185,20.4679,906.7727,254.8182,1904.4545,8175133.0,0.2777904163761006
TV Manufacturing & Supplier Unit,2010-11-02,6578,104.2,98.7,103.5,361.62,6240,2256508.8,41.6303,10.945789,77.2762,1151.9869,4852.238,1309.68,5.8744,1169.4091,272.7273,2055.2727,8175133.0,0.27602105066669863
TV Manufacturing & Supplier Unit,2010-11-03,7057,104.2,98.7,103.5,361.62,6482,2344020.84,41.6467,10.320488,74.1467,1067.1557,4218.524,1074.439,118.4667,124.0,243.8182,1194.0455,8175133.0,0.2867257132085802
TV Manufacturing & Supplier Unit,2010-11-04,7493,104.2,98.7,103.5,361.62,6542,2365718.04,43.8592,10.441019,82.8277,1122.3786,3900.429,1201.36,33.12,84.6818,223.3182,859.0909,8175133.0,0.2893797617726831
TV Manufacturing & Supplier Unit,2010-11-05,7622,104.2,98.7,103.5,361.62,6759,2444189.58,48.425,11.099679,92.7469,1155.225,4992.524,1321.858,64.7,76.0,199.4545,920.6818,8175133.0,0.2989785707461885
TV Manufacturing & Supplier Unit,2010-11-06,13110,104.2,98.7,103.5,361.62,12841,4643562.42,41.2437,10.780856,74.2386,1114.6447,4108.857,1051.006,85.2464,87.1364,403.7727,1091.8182,8175133.0,0.5680106268607495
TV Manufacturing & Supplier Unit,2010-11-07,13092,104.2,98.7,103.5,361.62,16456,5950818.72,38.057,10.027128,75.1457,1070.1295,3149.857,935.436,7.3203,110.7727,268.5455,1095.4091,8175133.0,0.7279170528479475
TV Manufacturing & Supplier Unit,2010-11-08,13401,104.2,98.7,103.5,361.62,15453,5588113.86,38.1959,10.518225,79.5329,1105.0515,3783.0,1674.99,35.0395,96.7273,225.7727,861.1364,8175133.0,0.6835502076846945
TV Manufacturing & Supplier Unit,2010-11-09,13681,104.2,98.7,103.5,361.62,15134,5472757.08,40.6498,10.727556,81.7345,1115.9174,3883.095,1066.52,0.0,131.6818,210.3182,849.5455,8175133.0,0.6694395161522143
TV Manufacturing & Supplier Unit,2010-11-10,13714,104.2,98.7,103.5,361.62,14279,5163571.98,41.3988,10.489955,73.4515,1080.4018,3695.714,1119.701,70.3706,152.5,214.1818,950.0909,8175133.0,0.6316193241137484
TV Manufacturing & Supplier Unit,2010-11-11,13816,104.2,98.7,103.5,361.62,15212,5500963.44,48.3967,11.065644,83.9878,1155.6522,4390.143,1153.756,101.5147,95.1364,226.2273,852.8182,8175133.0,0.672889779285548
TV Manufacturing & Supplier Unit,2010-11-12,14756,104.2,98.7,103.5,361.62,15245,5512896.9,42.5309,10.512018,77.8968,1084.3651,4997.381,1430.851,101.9914,106.3182,282.0,901.0,8175133.0,0.6743495059958047
TV Manufacturing & Supplier Unit,2010-11-13,14009,104.2,98.7,103.5,361.62,15280,5525553.6,44.4388,10.814541,81.4573,1140.6888,4414.286,996.813,33.7128,92.0455,246.8182,962.8182,8175133.0,0.6758977009915312
TV Manufacturing & Supplier Unit,2010-11-14,14740,104.2,98.7,103.5,361.62,16240,5872708.8,42.6279,11.224485,79.3605,1176.2093,3298.952,390.3756,0.0,891.5664,1540.4294,7307.3182,8175133.0,0.7183624780171772
TV Manufacturing & Supplier Unit,2010-11-15,14985,104.2,98.7,103.5,361.62,16482,5960220.84,49.221,10.995497,86.8139,1151.5217,2838.129,462.8413,17.6288,173.3708,394.712,1420.9545,8175133.0,0.7290671405590587
TV Manufacturing & Supplier Unit,2010-11-16,14935,104.2,98.7,103.5,361.62,12542,4535438.04,46.2566,11.370578,84.5387,1162.7381,2744.632,676.4964,27.254,165.5566,493.4066,1356.9091,8175133.0,0.5547846181829702
TV Manufacturing & Supplier Unit,2010-11-17,14069,104.2,98.7,103.5,361.62,12575,4547371.5,42.2917,11.085268,79.8047,1147.7163,4937.903,694.4416,54.2678,149.4013,543.3876,1224.5,8175133.0,0.5562443448932268
TV Manufacturing & Supplier Unit,2010-11-18,14487,104.2,98.7,103.5,361.62,12841,4643562.42,38.9348,10.688346,72.2086,1090.9399,2590.9,646.6664,61.0317,108.051,280.2315,885.5909,8175133.0,0.5680106268607495
TV Manufacturing & Supplier Unit,2010-11-19,14295,104.2,98.7,103.5,361.62,12645,4572684.9,44.3651,10.86308,79.3506,1129.2857,1628.172,606.9556,0.0,163.1774,580.3669,1337.4091,8175133.0,0.5593407348846802
TV Manufacturing & Supplier Unit,2010-11-20,10005,104.2,98.7,103.5,361.62,6553,2369695.86,38.7023,10.894057,79.2653,1151.4504,3563.992,715.7929,60.3637,115.3161,249.0141,945.1364,8175133.0,0.2898663373427686
TV Manufacturing & Supplier Unit,2010-11-21,10457,104.2,98.7,103.5,361.62,5134,1856557.08,46.6838,11.338144,81.9201,1179.433,0.0,323.3644,0.0,113.4305,240.695,929.6818,8175133.0,0.2270980888017357
TV Manufacturing & Supplier Unit,2010-11-22,11110,104.2,98.7,103.5,361.62,5279,1908991.98,41.5698,10.810839,78.3685,1107.2965,2360.512,78.5261,15.024,123.818,311.9083,1014.8182,8175133.0,0.23351203949831764
TV Manufacturing & Supplier Unit,2010-11-23,10374,104.2,98.7,103.5,361.62,7212,2608003.44,42.8271,11.439653,77.9089,1161.9393,2675.608,132.1241,15.1587,168.141,304.1815,1378.0909,8175133.0,0.31901663740516517
TV Manufacturing & Supplier Unit,2010-11-24,9071,104.2,98.7,103.5,361.62,7245,2619936.9,37.9167,11.885714,62.9688,1251.25,2705.771,85.0218,20.9779,178.9666,381.9316,1466.8182,8175133.0,0.32047636411542174
TV Manufacturing & Supplier Unit,2010-11-25,9031,104.2,98.7,103.5,361.62,7280,2632593.6,38.9348,10.688346,79.3506,1090.9399,4268.157,42.8481,36.3533,131.8041,378.6272,1080.2727,8175133.0,0.3220245591111484
TV Manufacturing & Supplier Unit,2010-11-26,9911,104.2,98.7,103.5,361.62,4640,1677916.8,41.5698,10.810839,78.3685,1107.2965,2360.512,78.5261,15.024,123.818,311.9083,1014.8182,8175133.0,0.20524642229062207
TV Manufacturing & Supplier Unit,2010-11-27,9374,104.2,98.7,103.5,361.62,6482,2344020.84,42.8271,11.439653,77.9089,1161.9393,2675.608,132.1241,15.1587,168.141,304.1815,1378.0909,8175133.0,0.2867257132085802
TV Manufacturing & Supplier Unit,2010-11-28,9071,104.2,98.7,103.5,361.62,7542,2727338.04,37.9167,11.885714,62.9688,1251.25,2705.771,85.0218,20.9779,178.9666,381.9316,1466.8182,8175133.0,0.33361390450773093
TV Manufacturing & Supplier Unit,2010-11-29,9531,104.2,98.7,103.5,361.62,5759,2082569.58,38.7023,10.688346,79.3506,1090.9399,4268.157,42.8481,36.3533,131.8041,378.6272,1080.2727,8175133.0,0.2547444280111406
TV Manufacturing & Supplier Unit,2010-11-30,7384,104.2,98.7,103.5,361.62,6841,2473842.42,77.4819,14.104193,112.337,1479.4565,722.571,95.333,11.8398,91.0,276.3636,756.5909,8175133.0,0.3026057704504624
TV Manufacturing & Supplier Unit,2010-12-01,6366,104.1,98.7,103.5,361.62,6456,2334618.72,73.4783,13.298758,105.7133,1369.8913,717.857,114.957,27.8039,111.9091,291.3182,860.1364,8175133.0,0.285575625497469
TV Manufacturing & Supplier Unit,2010-12-02,6006,104.1,98.7,103.5,361.62,5453,1971913.86,80.6093,13.200691,108.7702,1428.0645,653.333,113.09,0.0,94.6364,282.7273,751.9545,8175133.0,0.24120878033421597
TV Manufacturing & Supplier Unit,2010-12-03,6076,104.1,98.7,103.5,361.62,9134,3303037.08,65.9319,12.721429,93.3065,1309.3548,622.095,72.442,0.0,98.5909,306.3182,749.4545,8175133.0,0.40403465974192715
TV Manufacturing & Supplier Unit,2010-12-04,6834,104.1,98.7,103.5,361.62,9479,3427795.98,77.4819,14.104193,112.337,1479.4565,722.571,95.333,11.8398,91.0,276.3636,756.5909,8175133.0,0.41929543898551863
TV Manufacturing & Supplier Unit,2010-12-05,4636,104.1,98.7,103.5,361.62,5212,1884763.44,73.4783,13.298758,105.7133,1369.8913,717.857,114.957,27.8039,111.9091,291.3182,860.1364,8175133.0,0.23054835193506942
TV Manufacturing & Supplier Unit,2010-12-06,4166,104.1,98.7,103.5,361.62,5245,1896696.9,80.6093,13.200691,108.7702,1428.0645,653.333,113.09,0.0,94.6364,282.7273,751.9545,8175133.0,0.232008078645326
TV Manufacturing & Supplier Unit,2010-12-07,4186,104.1,98.7,103.5,361.62,6280,2270973.6,65.9319,12.721429,93.3065,1309.3548,622.095,72.442,0.0,98.5909,306.3182,749.4545,8175133.0,0.2777904163761006
TV Manufacturing & Supplier Unit,2010-12-08,4405,104.1,98.7,103.5,361.62,6240,2256508.8,89.7283,13.792314,117.6359,1417.0109,624.238,87.649,0.0,105.0455,306.4545,754.2727,8175133.0,0.27602105066669863
TV Manufacturing & Supplier Unit,2010-12-09,5561,104.1,98.7,103.5,361.62,6482,2344020.84,68.8095,12.581633,91.6071,1334.3407,611.714,38.235,0.0,108.0,305.9545,776.6364,8175133.0,0.2867257132085802
TV Manufacturing & Supplier Unit,2010-12-10,6205,104.1,98.7,103.5,361.62,6542,2365718.04,80.1434,13.419355,101.6935,1390.6452,627.238,92.486,6.9945,112.9545,304.8636,867.1818,8175133.0,0.2893797617726831
TV Manufacturing & Supplier Unit,2010-12-11,5006,104.1,98.7,103.5,361.62,7559,2733485.58,84.3369,13.476267,105.8871,1442.5806,613.143,206.96,69.9877,115.3636,298.5455,905.4091,8175133.0,0.33436588493422675
TV Manufacturing & Supplier Unit,2010-12-12,5034,104.1,98.7,103.5,361.62,7641,2763138.42,75.4189,13.207026,104.5594,1417.1311,615.857,83.632,49.589,171.5,309.6818,880.5909,8175133.0,0.3379930846385007
TV Manufacturing & Supplier Unit,2010-12-13,4319,104.1,98.7,103.5,361.62,7646,2764946.52,70.7921,12.964604,97.6207,1357.7228,688.667,118.126,46.3774,123.8182,273.7727,791.7727,8175133.0,0.3382142553521759
TV Manufacturing & Supplier Unit,2010-12-14,5082,104.1,98.7,103.5,361.62,7453,2695153.86,68.9912,13.25047,102.4712,1378.4211,636.667,125.388,47.8766,111.2727,275.6818,867.7273,8175133.0,0.32967706580431166
TV Manufacturing & Supplier Unit,2010-12-15,5155,104.1,98.7,103.5,361.62,7534,2724445.08,69.6637,13.080365,102.3094,1393.8565,610.286,86.23,34.2365,117.6818,280.8182,840.1364,8175133.0,0.3332600313658506
TV Manufacturing & Supplier Unit,2010-12-16,6000,104.1,98.7,103.5,361.62,7479,2704555.98,66.0726,13.407284,95.4486,1428.7871,622.095,95.229,60.6667,100.9091,284.9545,796.5909,8175133.0,0.3308271535154229
TV Manufacturing & Supplier Unit,2010-12-17,6340,104.1,98.7,103.5,361.62,8212,2969623.44,74.1848,13.345691,103.0639,1399.9728,602.0,158.382,18.7505,112.2727,281.6818,914.9091,8175133.0,0.363250780140213
TV Manufacturing & Supplier Unit,2010-12-18,6402,104.1,98.7,103.5,361.62,5245,1896696.9,63.5185,13.116667,97.2917,1400.1282,5072.619,48.039,19.0108,116.8182,265.9091,1379.4091,8175133.0,0.232008078645326
TV Manufacturing & Supplier Unit,2010-12-19,7312,104.1,98.7,103.5,361.62,6280,2270973.6,68.8107,13.319634,96.5201,1397.7889,5413.095,221.528,0.0,118.6364,279.1818,904.5,8175133.0,0.2777904163761006
TV Manufacturing & Supplier Unit,2010-12-20,5369,104.1,98.7,102.7,361.62,6240,2256508.8,73.7652,13.23974,97.5,1390.8409,5230.286,208.569,30.429,103.9545,276.2727,828.0455,8175133.0,0.27602105066669863
TV Manufacturing & Supplier Unit,2010-12-21,6231,104.1,98.7,102.7,361.62,6482,2344020.84,72.1859,13.440022,97.255,1411.5829,2421.429,136.737,31.5863,109.3182,283.2727,953.0455,8175133.0,0.2867257132085802
TV Manufacturing & Supplier Unit,2010-12-22,16796,104.1,98.7,102.7,361.62,15542,5620298.04,66.0888,13.228643,97.6225,1406.0804,2126.714,151.538,43.0027,119.2727,299.3636,945.0,8175133.0,0.6874870463881139
TV Manufacturing & Supplier Unit,2010-12-23,15783,104.1,98.7,102.7,361.62,15759,5698769.58,74.5333,12.9675,98.9625,1358.775,6354.571,5.659,43.1783,106.9545,286.7273,896.5,8175133.0,0.6970858553616192
TV Manufacturing & Supplier Unit,2010-12-24,16364,104.1,98.7,102.7,361.62,15841,5728422.42,82.3549,13.487846,108.8993,1441.5672,3272.952,173.248,11.7112,138.3182,317.8182,1253.8636,8175133.0,0.7007130550658931
TV Manufacturing & Supplier Unit,2010-12-25,15775,104.1,98.7,102.7,361.62,16456,5950818.72,73.0167,13.521857,100.9125,1417.05,2568.714,200.366,11.8272,120.9545,254.0909,912.6818,8175133.0,0.7279170528479475
TV Manufacturing & Supplier Unit,2010-12-26,16700,104.1,98.7,102.7,361.62,15453,5588113.86,80.2514,13.530168,101.449,1417.1229,4164.429,100.809,0.0,139.4545,273.4545,1060.3182,8175133.0,0.6835502076846945
TV Manufacturing & Supplier Unit,2010-12-27,16140,104.1,98.7,102.7,361.62,14240,5149468.8,74.2157,13.368908,102.5735,1438.0995,3379.333,32.421,50.8308,116.9091,254.0,913.5909,8175133.0,0.6298941925470815
TV Manufacturing & Supplier Unit,2010-12-28,16842,104.1,98.7,102.7,361.62,14266,5158870.92,81.9,13.955036,112.8563,1451.775,3155.143,52.031,144.9951,87.1364,241.4545,799.1818,8175133.0,0.6310442802581927
TV Manufacturing & Supplier Unit,2010-12-29,10645,104.1,98.7,102.7,361.62,14206,5137173.72,70.4439,13.584207,102.6445,1436.1558,252.905,172.967,95.636,79.3636,221.9545,853.5909,8175133.0,0.6283902316940898
TV Manufacturing & Supplier Unit,2010-12-30,16951,104.1,98.7,102.7,361.62,14176,5126325.12,70.8209,13.662473,99.8041,1446.791,2981.048,189.24,11.8084,93.0909,240.1364,881.7273,8175133.0,0.6270632074120385
TV Manufacturing & Supplier Unit,2010-12-31,17668,104.1,98.7,102.7,361.62,15234,5508919.08,76.9832,13.57063,103.6278,1462.2905,3706.667,206.839,3.8765,97.9545,244.3636,971.9091,8175133.0,0.6738629304257191
TV Manufacturing & Supplier Unit,2011-01-01,18565,104.5,98.7,102.7,361.02,14446,5215294.92,75.0382,13.75095,103.3142,1438.6927,2226.429,132.829,0.0,94.3182,230.0455,868.1818,8175133.0,0.637946186318926
TV Manufacturing & Supplier Unit,2011-01-02,17733,104.5,98.7,102.7,361.02,14346,5179192.92,86.2007,13.771313,118.4677,1477.8226,4038.81,194.316,34.6945,77.8182,197.1818,821.3636,8175133.0,0.633530111375558
TV Manufacturing & Supplier Unit,2011-01-03,17926,104.5,98.7,102.7,361.02,14216,5132260.319999999,71.3785,13.186582,98.639,1387.5,3323.762,140.09,35.5475,66.8636,191.1818,770.9091,8175133.0,0.6277892139491797
TV Manufacturing & Supplier Unit,2011-01-04,17236,104.5,98.7,102.7,361.02,14505,5236595.1,70.1412,13.363559,98.464,1424.4915,4422.667,149.738,15.863,66.9545,194.4545,697.6364,8175133.0,0.640551670535513
TV Manufacturing & Supplier Unit,2011-01-05,12113,104.5,98.7,102.7,361.02,5661,2043734.22,70.0298,13.411224,104.3555,1417.0982,3892.381,99.954,15.817,98.1364,253.5455,928.5455,8175133.0,0.24999400254405646
TV Manufacturing & Supplier Unit,2011-01-06,11600,104.5,98.7,102.7,361.02,6305,2276231.1,70.7417,13.195929,98.9625,1400.175,1885.191,117.032,0.0,95.9091,254.0455,843.4091,8175133.0,0.2784335251793457
TV Manufacturing & Supplier Unit,2011-01-07,7400,104.5,98.7,102.7,361.02,5226,1886690.52,75.7181,13.641109,98.5372,1401.3032,1953.81,121.125,35.811,89.0909,245.5,767.3182,8175133.0,0.23078407654040614
TV Manufacturing & Supplier Unit,2011-01-08,7335,104.5,99.9,102.7,361.02,5134,1853476.68,62.6861,12.822399,84.1292,1339.8058,1791.191,189.038,0.0,94.4091,247.6364,802.2273,8175133.0,0.22672128759250765
TV Manufacturing & Supplier Unit,2011-01-09,6638,104.5,99.9,102.7,361.02,4279,1544804.5799999998,72.1521,13.686512,97.145,1434.9029,3074.667,196.773,0.0,92.0455,291.5909,785.5909,8175133.0,0.18896384682671216
TV Manufacturing & Supplier Unit,2011-01-10,7282,104.5,99.9,102.7,361.02,5212,1881636.24,72.9083,13.361679,102.375,1442.025,3117.048,160.32,0.0,135.0455,249.3182,846.5,8175133.0,0.23016582604833463
TV Manufacturing & Supplier Unit,2011-01-11,6834,104.5,99.9,102.7,361.02,5245,1893549.9,71.8265,13.682436,98.0009,1460.4452,2023.524,147.936,40.3932,92.5,221.1818,790.3636,8175133.0,0.23162313077964602
TV Manufacturing & Supplier Unit,2011-01-12,7541,104.5,99.9,102.7,361.02,6280,2267205.6,70.9562,13.756545,98.7625,1454.8207,3395.667,262.807,0.0,96.9091,252.4091,898.4545,8175133.0,0.27732950644350374
TV Manufacturing & Supplier Unit,2011-01-13,7830,104.5,99.9,102.7,361.02,6240,2252764.8,59.2809,13.217295,84.632,1392.1066,2921.333,311.592,30.3757,106.1818,254.9091,1144.5455,8175133.0,0.2755630764661566
TV Manufacturing & Supplier Unit,2011-01-14,10642,104.5,99.9,102.7,361.02,6482,2340131.64,64.7032,13.211155,92.6027,1397.2603,2825.095,455.428,46.9608,126.0455,269.3182,1115.2727,8175133.0,0.2862499778291069
TV Manufacturing & Supplier Unit,2011-01-15,9739,104.5,99.9,102.7,361.02,7542,2722812.84,68.4878,13.715226,90.128,1433.561,5082.667,467.509,93.5075,114.2273,324.5909,1271.5455,8175133.0,0.3330603722288065
TV Manufacturing & Supplier Unit,2011-01-16,10778,104.5,99.9,102.7,361.02,5759,2079114.18,63.4742,13.85664,89.0317,1441.4789,4011.714,402.614,0.0,118.0455,281.5455,971.7273,8175133.0,0.254321755988557
TV Manufacturing & Supplier Unit,2011-01-17,11632,104.5,99.9,102.7,361.02,6841,2469737.82,61.0278,13.6175,90.3229,1411.8333,2666.857,435.346,105.1623,118.5909,261.4545,893.6818,8175133.0,0.3021036868757976
TV Manufacturing & Supplier Unit,2011-01-18,11814,104.5,99.9,102.7,361.02,6456,2330745.12,56.0507,12.873331,75.9069,1322.6087,1675.905,408.612,0.0,175.5455,275.6364,3826.6818,8175133.0,0.28510179834383126
TV Manufacturing & Supplier Unit,2011-01-19,6701,104.5,99.9,102.7,361.02,5453,1968642.06,62.4074,13.102381,85.1042,1365.0,3668.476,481.883,104.0112,167.9545,241.7273,2170.1818,8175133.0,0.24080856666185127
TV Manufacturing & Supplier Unit,2011-01-20,8936,104.5,99.9,102.7,361.02,4484,1618813.68,58.3943,12.994338,80.5564,1387.4085,0.0,217.694,0.0,95.0,216.7273,969.1818,8175133.0,0.19801680046061634
TV Manufacturing & Supplier Unit,2011-01-21,9393,104.5,99.9,102.7,361.02,4266,1540111.3199999998,47.5541,12.722032,73.125,1333.3442,2429.714,52.865,25.8875,111.0909,234.9545,1835.1818,8175133.0,0.18838975708407432
TV Manufacturing & Supplier Unit,2011-01-22,9602,104.5,99.9,102.7,361.02,4206,1518450.12,59.8805,13.436076,80.3244,1381.6456,2754.048,88.948,26.1196,115.1818,242.5909,1697.8636,8175133.0,0.18574011211805364
TV Manufacturing & Supplier Unit,2011-01-23,8207,104.5,99.9,102.7,361.02,4176,1507619.52,61.2679,13.43674,77.7901,1413.0861,2785.095,57.238,36.1466,141.6818,237.7727,1549.3636,8175133.0,0.18441528963504325
TV Manufacturing & Supplier Unit,2011-01-24,8717,104.5,99.9,102.7,361.02,5234,1889578.68,71.0122,13.404974,84.7382,1402.9319,4393.286,28.846,62.6395,108.2273,248.8182,1114.8636,8175133.0,0.23113736253587555
TV Manufacturing & Supplier Unit,2011-01-25,8512,104.5,99.9,102.7,361.02,4446,1605094.92,60.1852,13.030952,83.9583,1380.0,3948.333,621.432,20.7815,108.3182,276.7273,1028.1364,8175133.0,0.19633869198213655
TV Manufacturing & Supplier Unit,2011-01-26,8264,104.5,99.9,102.7,361.02,4346,1568992.92,67.0833,13.468929,85.2188,1415.7115,5381.381,1040.787,51.0694,119.9545,276.2727,941.4545,8175133.0,0.19192261703876864
TV Manufacturing & Supplier Unit,2011-01-27,9327,104.5,99.9,102.7,361.02,4216,1522060.3199999998,60.6469,13.100489,78.3562,1368.8356,4420.81,854.31,0.0,89.8636,226.3636,896.9545,8175133.0,0.18618171961239038
TV Manufacturing & Supplier Unit,2011-01-28,7820,104.5,99.6,102.7,361.02,4505,1626395.1,58.1144,13.07043,80.045,1371.6737,4524.381,587.16,0.0,99.0,220.6818,1072.0455,8175133.0,0.19894417619872362
TV Manufacturing & Supplier Unit,2011-01-29,7338,104.5,99.6,102.7,361.02,9661,3487814.22,57.3207,13.081103,83.5127,1380.6962,3647.762,522.584,0.0,108.6364,278.2273,928.5909,8175133.0,0.42663700027877227
TV Manufacturing & Supplier Unit,2011-01-30,10567,104.5,99.6,102.7,361.02,9305,3359291.1,60.7032,13.50425,77.856,1385.1266,3238.143,900.812,47.174,157.2727,258.3636,1084.3636,8175133.0,0.41091577348038255
TV Manufacturing & Supplier Unit,2011-01-31,10143,104.5,99.6,102.7,361.02,10226,3691790.52,59.1749,13.853677,75.5225,1437.6393,4245.857,818.376,0.0,104.3636,233.6818,807.0909,8175133.0,0.45158782370880085
TV Manufacturing & Supplier Unit,2011-02-01,10828,103.1,99.6,102.7,361.02,11134,4019596.68,65.1245,13.325,78.0981,1381.7672,3604.0,1100.992,46.782,109.6364,226.5909,889.8636,8175133.0,0.4916857841945813
TV Manufacturing & Supplier Unit,2011-02-02,10585,103.1,99.6,102.7,361.02,11279,4071944.58,60.6667,13.488857,76.725,1399.6615,4168.952,272.036,0.0,93.9545,222.7727,805.9091,8175133.0,0.4980890928624648
TV Manufacturing & Supplier Unit,2011-02-03,10988,103.1,99.6,102.7,361.02,11212,4047756.24,59.1026,13.206593,78.6058,1369.3491,3984.429,817.581,31.3919,81.9091,225.1818,816.2727,8175133.0,0.4951303226504083
TV Manufacturing & Supplier Unit,2011-02-04,10113,103.1,99.6,102.7,361.02,11245,4059669.9,61.1351,12.775135,76.2872,1341.7297,3943.524,1288.844,31.1817,98.6818,224.5455,855.8636,8175133.0,0.49658762738171963
TV Manufacturing & Supplier Unit,2011-02-05,10763,103.1,99.6,102.7,361.02,11280,4072305.6,53.7865,12.940132,74.9424,1323.5526,5732.0,540.757,31.5487,111.0455,232.8636,791.3636,8175133.0,0.4981332536118984
TV Manufacturing & Supplier Unit,2011-02-06,10178,103.1,99.6,102.7,361.02,11240,4057864.8,71.5344,13.742857,90.9226,1448.9683,4794.048,1244.833,31.3605,93.0455,200.0,889.3636,8175133.0,0.49636682363455126
TV Manufacturing & Supplier Unit,2011-02-07,12716,103.1,99.6,102.7,361.02,12482,4506251.64,64.2846,13.314926,83.8178,1382.5472,4364.333,1758.402,0.0,133.5,244.9091,1398.6364,8175133.0,0.5512144744311804
TV Manufacturing & Supplier Unit,2011-02-08,12679,103.1,99.6,102.7,361.02,12542,4527912.84,65.7941,12.818661,84.1001,1347.2513,4294.238,1030.257,0.0,86.7727,258.7727,755.4545,8175133.0,0.5538641193972013
TV Manufacturing & Supplier Unit,2011-02-09,12752,103.1,99.6,102.7,361.02,13759,4967274.18,62.4,13.546531,82.5964,1416.1714,3653.238,1418.209,33.6281,121.1818,305.2727,1097.0455,8175133.0,0.6076077514579885
TV Manufacturing & Supplier Unit,2011-02-10,11179,103.1,99.6,102.7,361.02,12841,4635857.819999999,53.7727,12.961169,74.8977,1344.9545,3609.905,715.315,0.0,94.1364,235.6818,781.4545,8175133.0,0.5670681834778711
TV Manufacturing & Supplier Unit,2011-02-11,13358,103.1,99.6,102.7,361.02,13456,4857885.12,52.8214,13.362325,71.2132,1351.5686,4121.333,917.361,0.0,107.1364,281.2727,977.0,8175133.0,0.5942270443795838
TV Manufacturing & Supplier Unit,2011-02-12,14051,103.1,99.6,102.7,361.02,15453,5578842.06,57.7518,12.776208,78.5612,1324.1547,4237.095,1791.183,0.0,95.8636,234.8182,1045.8636,8175133.0,0.6824160609986406
TV Manufacturing & Supplier Unit,2011-02-13,14021,103.1,99.6,102.7,361.02,14134,5102656.68,51.1271,11.920452,72.7743,1257.518,5421.762,1438.156,0.0,98.8636,239.5455,1194.5909,8175133.0,0.624168032495618
TV Manufacturing & Supplier Unit,2011-02-14,14027,103.1,99.6,102.7,361.02,14279,5155004.58,52.1501,12.719017,71.1201,1302.2078,3889.762,1296.546,66.0518,84.0455,229.9545,1077.9545,8175133.0,0.6305713411635016
TV Manufacturing & Supplier Unit,2011-02-15,14018,103.1,99.6,102.7,361.02,14212,5130816.239999999,51.7909,12.351222,75.2632,1311.1184,0.0,1606.041,31.3291,106.0455,229.2727,1248.6364,8175133.0,0.627612570951445
TV Manufacturing & Supplier Unit,2011-02-16,14627,103.1,99.6,102.7,361.02,14245,5142729.899999999,48.2576,12.586364,67.7699,1285.6818,4385.238,733.219,31.442,163.0,220.1364,863.9091,8175133.0,0.6290698756827564
TV Manufacturing & Supplier Unit,2011-02-17,14245,103.1,99.6,102.7,361.02,12280,4433325.6,66.1017,13.261653,90.58,1389.4068,4190.619,559.335,98.8613,97.1364,231.2273,931.4545,8175133.0,0.5422940030455773
TV Manufacturing & Supplier Unit,2011-02-18,12072,103.1,99.6,102.7,361.02,10240,3696844.8,59.9742,13.437482,83.5535,1403.4278,4585.81,594.017,81.0844,227.4091,348.1818,5330.5909,8175133.0,0.45220607420087233
TV Manufacturing & Supplier Unit,2011-02-19,10809,103.1,99.6,102.7,361.02,9482,3423191.64,55.2248,13.235382,74.939,1407.8372,4315.667,1528.002,60.6353,217.6364,246.2273,1589.4545,8175133.0,0.4187322261301437
TV Manufacturing & Supplier Unit,2011-02-20,9386,103.1,99.6,102.7,361.02,7542,2722812.84,41.9396,10.782832,72.2697,1124.5614,3302.667,1456.185,20.4679,906.7727,254.8182,1904.4545,8175133.0,0.3330603722288065
TV Manufacturing & Supplier Unit,2011-02-21,7578,103.1,99.6,102.7,361.02,5759,2079114.18,41.6303,10.945789,77.2762,1151.9869,4852.238,1309.68,5.8744,1169.4091,272.7273,2055.2727,8175133.0,0.254321755988557
TV Manufacturing & Supplier Unit,2011-02-22,7057,103.1,99.6,102.7,361.02,6841,2469737.82,41.6467,10.320488,74.1467,1067.1557,4218.524,1074.439,118.4667,124.0,243.8182,1194.0455,8175133.0,0.3021036868757976
TV Manufacturing & Supplier Unit,2011-02-23,7493,103.1,99.6,102.7,361.02,6456,2330745.12,43.8592,10.441019,82.8277,1122.3786,3900.429,1201.36,33.12,84.6818,223.3182,859.0909,8175133.0,0.28510179834383126
TV Manufacturing & Supplier Unit,2011-02-24,7622,103.1,99.6,102.7,361.02,5453,1968642.06,48.425,11.099679,92.7469,1155.225,4992.524,1321.858,64.7,76.0,199.4545,920.6818,8175133.0,0.24080856666185127
TV Manufacturing & Supplier Unit,2011-02-25,6110,103.1,99.6,102.7,361.02,5134,1853476.68,41.2437,10.780856,74.2386,1114.6447,4108.857,1051.006,85.2464,87.1364,403.7727,1091.8182,8175133.0,0.22672128759250765
TV Manufacturing & Supplier Unit,2011-02-26,7092,103.1,99.6,102.7,361.02,4279,1544804.5799999998,38.057,10.027128,75.1457,1070.1295,3149.857,935.436,7.3203,110.7727,268.5455,1095.4091,8175133.0,0.18896384682671216
TV Manufacturing & Supplier Unit,2011-02-27,6401,103.1,99.6,102.7,361.02,5212,1881636.24,38.1959,10.518225,79.5329,1105.0515,3783.0,1674.99,35.0395,96.7273,225.7727,861.1364,8175133.0,0.23016582604833463
TV Manufacturing & Supplier Unit,2011-02-28,6681,103.1,99.6,102.7,361.02,5245,1893549.9,40.6498,10.727556,81.7345,1115.9174,3883.095,1066.52,0.0,131.6818,210.3182,849.5455,8175133.0,0.23162313077964602
TV Manufacturing & Supplier Unit,2011-03-01,6714,103.5,99.6,102.7,361.02,6280,2267205.6,41.3988,10.489955,73.4515,1080.4018,3695.714,1119.701,70.3706,152.5,214.1818,950.0909,8175133.0,0.27732950644350374
TV Manufacturing & Supplier Unit,2011-03-02,6016,103.5,99.6,102.7,361.02,6240,2252764.8,48.3967,11.065644,83.9878,1155.6522,4390.143,1153.756,101.5147,95.1364,226.2273,852.8182,8175133.0,0.2755630764661566
TV Manufacturing & Supplier Unit,2011-03-03,6056,103.5,99.6,102.7,361.02,6482,2340131.64,42.5309,10.512018,77.8968,1084.3651,4997.381,1430.851,101.9914,106.3182,282.0,901.0,8175133.0,0.2862499778291069
TV Manufacturing & Supplier Unit,2011-03-04,6009,103.5,99.6,102.7,361.02,6542,2361792.84,44.4388,10.814541,81.4573,1140.6888,4414.286,996.813,33.7128,92.0455,246.8182,962.8182,8175133.0,0.2888996227951276
TV Manufacturing & Supplier Unit,2011-03-05,6740,103.5,99.6,102.7,361.02,5759,2079114.18,42.6279,11.224485,79.3605,1176.2093,3298.952,390.3756,0.0,891.5664,1540.4294,7307.3182,8175133.0,0.254321755988557
TV Manufacturing & Supplier Unit,2011-03-06,6795,103.5,99.6,102.7,361.02,6841,2469737.82,49.221,10.995497,86.8139,1151.5217,2838.129,462.8413,17.6288,173.3708,394.712,1420.9545,8175133.0,0.3021036868757976
TV Manufacturing & Supplier Unit,2011-03-07,6235,103.5,99.6,102.7,361.02,6456,2330745.12,46.2566,11.370578,84.5387,1162.7381,2744.632,676.4964,27.254,165.5566,493.4066,1356.9091,8175133.0,0.28510179834383126
TV Manufacturing & Supplier Unit,2011-03-08,6068,103.5,99.6,102.7,361.02,5453,1968642.06,42.2917,11.085268,79.8047,1147.7163,4937.903,694.4416,54.2678,149.4013,543.3876,1224.5,8175133.0,0.24080856666185127
TV Manufacturing & Supplier Unit,2011-03-09,6874,103.5,99.6,102.7,361.02,5134,1853476.68,38.9348,10.688346,72.2086,1090.9399,2590.9,646.6664,61.0317,108.051,280.2315,885.5909,8175133.0,0.22672128759250765
TV Manufacturing & Supplier Unit,2011-03-10,6153,103.5,99.6,102.7,361.02,4279,1544804.5799999998,44.3651,10.86308,79.3506,1129.2857,1628.172,606.9556,0.0,163.1774,580.3669,1337.4091,8175133.0,0.18896384682671216
TV Manufacturing & Supplier Unit,2011-03-11,6005,103.5,99.6,102.7,361.02,5212,1881636.24,38.7023,10.894057,79.2653,1151.4504,3563.992,715.7929,60.3637,115.3161,249.0141,945.1364,8175133.0,0.23016582604833463
TV Manufacturing & Supplier Unit,2011-03-12,5457,103.5,99.6,102.7,361.02,5245,1893549.9,46.6838,11.338144,81.9201,1179.433,0.0,323.3644,0.0,113.4305,240.695,929.6818,8175133.0,0.23162313077964602
TV Manufacturing & Supplier Unit,2011-03-13,5110,103.5,99.6,102.7,361.02,5280,1906185.6,41.5698,10.810839,78.3685,1107.2965,2360.512,78.5261,15.024,123.818,311.9083,1014.8182,8175133.0,0.2331687570098248
TV Manufacturing & Supplier Unit,2011-03-14,6334,103.5,99.6,102.7,361.02,5240,1891744.8,42.8271,11.439653,77.9089,1161.9393,2675.608,132.1241,15.1587,168.141,304.1815,1378.0909,8175133.0,0.23140232703247765
TV Manufacturing & Supplier Unit,2011-03-15,6071,103.5,99.6,102.7,361.02,5482,1979111.64,37.9167,11.885714,62.9688,1251.25,2705.771,85.0218,20.9779,178.9666,381.9316,1466.8182,8175133.0,0.24208922839542793
TV Manufacturing & Supplier Unit,2011-03-16,6031,103.5,99.6,102.7,361.02,5542,2000772.84,38.9348,10.688346,79.3506,1090.9399,4268.157,42.8481,36.3533,131.8041,378.6272,1080.2727,8175133.0,0.2447388733614487
TV Manufacturing & Supplier Unit,2011-03-17,6110,103.5,99.6,102.7,361.02,5759,2079114.18,41.5698,10.810839,78.3685,1107.2965,2360.512,78.5261,15.024,123.818,311.9083,1014.8182,8175133.0,0.254321755988557
TV Manufacturing & Supplier Unit,2011-03-18,6034,103.5,99.6,102.7,361.02,5841,2108717.82,42.8271,11.439653,77.9089,1161.9393,2675.608,132.1241,15.1587,168.141,304.1815,1378.0909,8175133.0,0.25794293744211866
TV Manufacturing & Supplier Unit,2011-03-19,5071,103.5,99.6,102.7,361.02,5556,2005827.12,37.9167,11.885714,62.9688,1251.25,2705.771,85.0218,20.9779,178.9666,381.9316,1466.8182,8175133.0,0.24535712385352018
TV Manufacturing & Supplier Unit,2011-03-20,6131,103.5,99.6,102.7,361.02,5353,1932540.06,38.7023,10.688346,79.3506,1090.9399,4268.157,42.8481,36.3533,131.8041,378.6272,1080.2727,8175133.0,0.23639249171848337
TV Manufacturing & Supplier Unit,2011-03-21,4384,103.5,99.6,102.7,361.02,5134,1853476.68,77.4819,14.104193,112.337,1479.4565,722.571,95.333,11.8398,91.0,276.3636,756.5909,8175133.0,0.22672128759250765
TV Manufacturing & Supplier Unit,2011-03-22,4366,103.5,99.6,102.7,361.02,5279,1905824.58,73.4783,13.298758,105.7133,1369.8913,717.857,114.957,27.8039,111.9091,291.3182,860.1364,8175133.0,0.23312459626039111
TV Manufacturing & Supplier Unit,2011-03-23,4006,103.5,99.6,102.7,361.02,5222,1885246.44,80.6093,13.200691,108.7702,1428.0645,653.333,113.09,0.0,94.6364,282.7273,751.9545,8175133.0,0.2306074335426714
TV Manufacturing & Supplier Unit,2011-03-24,4076,103.5,99.6,102.7,361.02,5524,1994274.48,65.9319,12.721429,93.3065,1309.3548,622.095,72.442,0.0,98.5909,306.3182,749.4545,8175133.0,0.24394397987164246
TV Manufacturing & Supplier Unit,2011-03-25,4834,103.5,99.6,102.7,361.02,5280,1906185.6,77.4819,14.104193,112.337,1479.4565,722.571,95.333,11.8398,91.0,276.3636,756.5909,8175133.0,0.2331687570098248
TV Manufacturing & Supplier Unit,2011-03-26,4636,103.5,99.6,102.7,361.02,5240,1891744.8,73.4783,13.298758,105.7133,1369.8913,717.857,114.957,27.8039,111.9091,291.3182,860.1364,8175133.0,0.23140232703247765
TV Manufacturing & Supplier Unit,2011-03-27,4166,103.5,99.6,102.7,361.02,5482,1979111.64,80.6093,13.200691,108.7702,1428.0645,653.333,113.09,0.0,94.6364,282.7273,751.9545,8175133.0,0.24208922839542793
TV Manufacturing & Supplier Unit,2011-03-28,4186,103.5,99.6,102.7,361.02,5542,2000772.84,65.9319,12.721429,93.3065,1309.3548,622.095,72.442,0.0,98.5909,306.3182,749.4545,8175133.0,0.2447388733614487
TV Manufacturing & Supplier Unit,2011-03-29,4405,103.5,99.6,102.7,361.02,5659,2043012.18,89.7283,13.792314,117.6359,1417.0109,624.238,87.649,0.0,105.0455,306.4545,754.2727,8175133.0,0.2499056810451891
TV Manufacturing & Supplier Unit,2011-03-30,5561,103.5,99.6,102.7,361.02,6841,2469737.82,68.8095,12.581633,91.6071,1334.3407,611.714,38.235,0.0,108.0,305.9545,776.6364,8175133.0,0.3021036868757976
TV Manufacturing & Supplier Unit,2011-03-31,6205,103.5,99.6,102.7,361.02,6456,2330745.12,80.1434,13.419355,101.6935,1390.6452,627.238,92.486,6.9945,112.9545,304.8636,867.1818,8175133.0,0.28510179834383126
TV Manufacturing & Supplier Unit,2011-04-01,5006,103.3,99.6,102.7,361.02,5483,1979472.66,84.3369,13.476267,105.8871,1442.5806,613.143,206.96,69.9877,115.3636,298.5455,905.4091,8175133.0,0.2421333891448616
TV Manufacturing & Supplier Unit,2011-04-02,5034,103.3,99.6,102.7,361.02,6134,2214496.68,75.4189,13.207026,104.5594,1417.1311,615.857,83.632,49.589,171.5,309.6818,880.5909,8175133.0,0.27088203702618663
TV Manufacturing & Supplier Unit,2011-04-03,4319,103.3,99.6,102.7,361.02,6279,2266844.58,70.7921,12.964604,97.6207,1357.7228,688.667,118.126,46.3774,123.8182,273.7727,791.7727,8175133.0,0.27728534569407004
TV Manufacturing & Supplier Unit,2011-04-04,5082,103.3,99.6,102.7,361.02,5212,1881636.24,68.9912,13.25047,102.4712,1378.4211,636.667,125.388,47.8766,111.2727,275.6818,867.7273,8175133.0,0.23016582604833463
TV Manufacturing & Supplier Unit,2011-04-05,5155,103.3,99.6,102.7,361.02,5245,1893549.9,69.6637,13.080365,102.3094,1393.8565,610.286,86.23,34.2365,117.6818,280.8182,840.1364,8175133.0,0.23162313077964602
TV Manufacturing & Supplier Unit,2011-04-06,6000,103.3,99.6,102.7,361.02,6280,2267205.6,66.0726,13.407284,95.4486,1428.7871,622.095,95.229,60.6667,100.9091,284.9545,796.5909,8175133.0,0.27732950644350374
TV Manufacturing & Supplier Unit,2011-04-07,6340,103.3,99.6,102.7,361.02,5240,1891744.8,74.1848,13.345691,103.0639,1399.9728,602.0,158.382,18.7505,112.2727,281.6818,914.9091,8175133.0,0.23140232703247765
TV Manufacturing & Supplier Unit,2011-04-08,6402,103.3,99.6,102.7,361.02,5482,1979111.64,63.5185,13.116667,97.2917,1400.1282,5072.619,48.039,19.0108,116.8182,265.9091,1379.4091,8175133.0,0.24208922839542793
TV Manufacturing & Supplier Unit,2011-04-09,7312,103.3,99.6,102.7,361.02,5542,2000772.84,68.8107,13.319634,96.5201,1397.7889,5413.095,221.528,0.0,118.6364,279.1818,904.5,8175133.0,0.2447388733614487
TV Manufacturing & Supplier Unit,2011-04-10,5369,103.3,99.6,102.7,361.02,5579,2014130.58,73.7652,13.23974,97.5,1390.8409,5230.286,208.569,30.429,103.9545,276.2727,828.0455,8175133.0,0.2463728210904948
TV Manufacturing & Supplier Unit,2011-04-11,6231,103.3,99.6,102.7,361.02,5841,2108717.82,72.1859,13.440022,97.255,1411.5829,2421.429,136.737,31.5863,109.3182,283.2727,953.0455,8175133.0,0.25794293744211866
TV Manufacturing & Supplier Unit,2011-04-12,6796,103.3,99.6,102.7,361.02,5456,1969725.12,66.0888,13.228643,97.6225,1406.0804,2126.714,151.538,43.0027,119.2727,299.3636,945.0,8175133.0,0.2409410489101523
TV Manufacturing & Supplier Unit,2011-04-13,5783,103.3,99.6,102.7,361.02,5553,2004744.06,74.5333,12.9675,98.9625,1358.775,6354.571,5.659,43.1783,106.9545,286.7273,896.5,8175133.0,0.24522464160521915
TV Manufacturing & Supplier Unit,2011-04-14,6364,103.3,107.6,102.7,361.02,6134,2214496.68,82.3549,13.487846,108.8993,1441.5672,3272.952,173.248,11.7112,138.3182,317.8182,1253.8636,8175133.0,0.27088203702618663
TV Manufacturing & Supplier Unit,2011-04-15,5775,103.3,107.6,102.7,361.02,6427,2320275.54,73.0167,13.521857,100.9125,1417.05,2568.714,200.366,11.8272,120.9545,254.0909,912.6818,8175133.0,0.28382113661025454
TV Manufacturing & Supplier Unit,2011-04-16,6700,103.3,107.6,102.7,361.02,6522,2354572.44,80.2514,13.530168,101.449,1417.1229,4164.429,100.809,0.0,139.4545,273.4545,1060.3182,8175133.0,0.28801640780645404
TV Manufacturing & Supplier Unit,2011-04-17,6140,103.3,107.6,102.7,361.02,5245,1893549.9,74.2157,13.368908,102.5735,1438.0995,3379.333,32.421,50.8308,116.9091,254.0,913.5909,8175133.0,0.23162313077964602
TV Manufacturing & Supplier Unit,2011-04-18,6842,103.3,107.6,102.7,361.02,6280,2267205.6,81.9,13.955036,112.8563,1451.775,3155.143,52.031,144.9951,87.1364,241.4545,799.1818,8175133.0,0.27732950644350374
TV Manufacturing & Supplier Unit,2011-04-19,7645,103.3,107.6,102.7,361.02,6240,2252764.8,70.4439,13.584207,102.6445,1436.1558,252.905,172.967,95.636,79.3636,221.9545,853.5909,8175133.0,0.2755630764661566
TV Manufacturing & Supplier Unit,2011-04-20,6951,103.3,107.6,102.7,361.02,6482,2340131.64,70.8209,13.662473,99.8041,1446.791,2981.048,189.24,11.8084,93.0909,240.1364,881.7273,8175133.0,0.2862499778291069
TV Manufacturing & Supplier Unit,2011-04-21,7668,103.3,107.6,102.7,361.02,7542,2722812.84,76.9832,13.57063,103.6278,1462.2905,3706.667,206.839,3.8765,97.9545,244.3636,971.9091,8175133.0,0.3330603722288065
TV Manufacturing & Supplier Unit,2011-04-22,8565,103.3,107.6,102.7,361.02,5759,2079114.18,75.0382,13.75095,103.3142,1438.6927,2226.429,132.829,0.0,94.3182,230.0455,868.1818,8175133.0,0.254321755988557
TV Manufacturing & Supplier Unit,2011-04-23,7733,103.3,107.6,102.7,361.02,6841,2469737.82,86.2007,13.771313,118.4677,1477.8226,4038.81,194.316,34.6945,77.8182,197.1818,821.3636,8175133.0,0.3021036868757976
TV Manufacturing & Supplier Unit,2011-04-24,7926,103.3,107.6,102.7,361.02,6456,2330745.12,71.3785,13.186582,98.639,1387.5,3323.762,140.09,35.5475,66.8636,191.1818,770.9091,8175133.0,0.28510179834383126
TV Manufacturing & Supplier Unit,2011-04-25,7236,103.3,107.6,102.7,361.02,5453,1968642.06,70.1412,13.363559,98.464,1424.4915,4422.667,149.738,15.863,66.9545,194.4545,697.6364,8175133.0,0.24080856666185127
TV Manufacturing & Supplier Unit,2011-04-26,8113,103.3,107.6,102.7,361.02,4240,1530724.7999999998,70.0298,13.411224,104.3555,1417.0982,3892.381,99.954,15.817,98.1364,253.5455,928.5455,8175133.0,0.18724157759879867
TV Manufacturing & Supplier Unit,2011-04-27,6600,103.3,107.6,102.7,361.02,4266,1540111.3199999998,70.7417,13.195929,98.9625,1400.175,1885.191,117.032,0.0,95.9091,254.0455,843.4091,8175133.0,0.18838975708407432
TV Manufacturing & Supplier Unit,2011-04-28,7400,103.3,107.6,102.7,361.02,4206,1518450.12,75.7181,13.641109,98.5372,1401.3032,1953.81,121.125,35.811,89.0909,245.5,767.3182,8175133.0,0.18574011211805364
TV Manufacturing & Supplier Unit,2011-04-29,7335,103.3,107.6,102.7,361.02,4176,1507619.52,62.6861,12.822399,84.1292,1339.8058,1791.191,189.038,0.0,94.4091,247.6364,802.2273,8175133.0,0.18441528963504325
TV Manufacturing & Supplier Unit,2011-04-30,6638,103.3,107.6,102.7,361.02,5234,1889578.68,72.1521,13.686512,97.145,1434.9029,3074.667,196.773,0.0,92.0455,291.5909,785.5909,8175133.0,0.23113736253587555
TV Manufacturing & Supplier Unit,2011-05-01,7282,103.0,107.6,102.7,361.02,4446,1605094.92,72.9083,13.361679,102.375,1442.025,3117.048,160.32,0.0,135.0455,249.3182,846.5,8175133.0,0.19633869198213655
TV Manufacturing & Supplier Unit,2011-05-02,6834,103.0,107.6,102.7,361.02,4346,1568992.92,71.8265,13.682436,98.0009,1460.4452,2023.524,147.936,40.3932,92.5,221.1818,790.3636,8175133.0,0.19192261703876864
TV Manufacturing & Supplier Unit,2011-05-03,7541,103.0,107.6,102.7,361.02,4216,1522060.3199999998,70.9562,13.756545,98.7625,1454.8207,3395.667,262.807,0.0,96.9091,252.4091,898.4545,8175133.0,0.18618171961239038
TV Manufacturing & Supplier Unit,2011-05-04,7830,103.0,107.6,102.7,361.02,4505,1626395.1,59.2809,13.217295,84.632,1392.1066,2921.333,311.592,30.3757,106.1818,254.9091,1144.5455,8175133.0,0.19894417619872362
TV Manufacturing & Supplier Unit,2011-05-05,8642,103.0,107.6,102.7,361.02,5661,2043734.22,64.7032,13.211155,92.6027,1397.2603,2825.095,455.428,46.9608,126.0455,269.3182,1115.2727,8175133.0,0.24999400254405646
TV Manufacturing & Supplier Unit,2011-05-06,7739,103.0,107.6,102.7,361.02,6305,2276231.1,68.4878,13.715226,90.128,1433.561,5082.667,467.509,93.5075,114.2273,324.5909,1271.5455,8175133.0,0.2784335251793457
TV Manufacturing & Supplier Unit,2011-05-07,7778,103.0,107.6,102.7,361.02,5226,1886690.52,63.4742,13.85664,89.0317,1441.4789,4011.714,402.614,0.0,118.0455,281.5455,971.7273,8175133.0,0.23078407654040614
TV Manufacturing & Supplier Unit,2011-05-08,7632,103.0,107.6,102.7,361.02,5134,1853476.68,61.0278,13.6175,90.3229,1411.8333,2666.857,435.346,105.1623,118.5909,261.4545,893.6818,8175133.0,0.22672128759250765
TV Manufacturing & Supplier Unit,2011-05-09,6814,103.0,107.6,102.7,361.02,4279,1544804.5799999998,56.0507,12.873331,75.9069,1322.6087,1675.905,408.612,0.0,175.5455,275.6364,3826.6818,8175133.0,0.18896384682671216
TV Manufacturing & Supplier Unit,2011-05-10,6701,103.0,107.6,102.7,361.02,5212,1881636.24,62.4074,13.102381,85.1042,1365.0,3668.476,481.883,104.0112,167.9545,241.7273,2170.1818,8175133.0,0.23016582604833463
TV Manufacturing & Supplier Unit,2011-05-11,8936,103.0,107.6,102.7,361.02,5245,1893549.9,58.3943,12.994338,80.5564,1387.4085,0.0,217.694,0.0,95.0,216.7273,969.1818,8175133.0,0.23162313077964602
TV Manufacturing & Supplier Unit,2011-05-12,9393,103.0,107.6,102.7,361.02,6280,2267205.6,47.5541,12.722032,73.125,1333.3442,2429.714,52.865,25.8875,111.0909,234.9545,1835.1818,8175133.0,0.27732950644350374
TV Manufacturing & Supplier Unit,2011-05-13,9602,103.0,107.6,102.7,361.02,6240,2252764.8,59.8805,13.436076,80.3244,1381.6456,2754.048,88.948,26.1196,115.1818,242.5909,1697.8636,8175133.0,0.2755630764661566
TV Manufacturing & Supplier Unit,2011-05-14,6207,103.0,107.6,102.7,361.02,6482,2340131.64,61.2679,13.43674,77.7901,1413.0861,2785.095,57.238,36.1466,141.6818,237.7727,1549.3636,8175133.0,0.2862499778291069
TV Manufacturing & Supplier Unit,2011-05-15,6717,103.0,107.6,102.7,361.02,7542,2722812.84,71.0122,13.404974,84.7382,1402.9319,4393.286,28.846,62.6395,108.2273,248.8182,1114.8636,8175133.0,0.3330603722288065
TV Manufacturing & Supplier Unit,2011-05-16,7512,103.0,107.6,102.7,361.02,5759,2079114.18,60.1852,13.030952,83.9583,1380.0,3948.333,621.432,20.7815,108.3182,276.7273,1028.1364,8175133.0,0.254321755988557
TV Manufacturing & Supplier Unit,2011-05-17,7264,103.0,107.6,102.7,361.02,6841,2469737.82,67.0833,13.468929,85.2188,1415.7115,5381.381,1040.787,51.0694,119.9545,276.2727,941.4545,8175133.0,0.3021036868757976
TV Manufacturing & Supplier Unit,2011-05-18,7327,103.0,107.6,102.7,361.02,6456,2330745.12,60.6469,13.100489,78.3562,1368.8356,4420.81,854.31,0.0,89.8636,226.3636,896.9545,8175133.0,0.28510179834383126
TV Manufacturing & Supplier Unit,2011-05-19,6820,103.0,107.6,102.7,361.02,5453,1968642.06,58.1144,13.07043,80.045,1371.6737,4524.381,587.16,0.0,99.0,220.6818,1072.0455,8175133.0,0.24080856666185127
TV Manufacturing & Supplier Unit,2011-05-20,6338,103.0,107.6,102.7,361.02,4484,1618813.68,57.3207,13.081103,83.5127,1380.6962,3647.762,522.584,0.0,108.6364,278.2273,928.5909,8175133.0,0.19801680046061634
TV Manufacturing & Supplier Unit,2011-05-21,5567,103.0,107.6,102.7,361.02,4266,1540111.3199999998,60.7032,13.50425,77.856,1385.1266,3238.143,900.812,47.174,157.2727,258.3636,1084.3636,8175133.0,0.18838975708407432
TV Manufacturing & Supplier Unit,2011-05-22,5143,103.0,107.6,102.7,361.02,4206,1518450.12,59.1749,13.853677,75.5225,1437.6393,4245.857,818.376,0.0,104.3636,233.6818,807.0909,8175133.0,0.18574011211805364
TV Manufacturing & Supplier Unit,2011-05-23,5828,103.0,107.6,102.7,361.02,4176,1507619.52,65.1245,13.325,78.0981,1381.7672,3604.0,1100.992,46.782,109.6364,226.5909,889.8636,8175133.0,0.18441528963504325
TV Manufacturing & Supplier Unit,2011-05-24,5585,103.0,107.6,102.7,361.02,5234,1889578.68,60.6667,13.488857,76.725,1399.6615,4168.952,272.036,0.0,93.9545,222.7727,805.9091,8175133.0,0.23113736253587555
TV Manufacturing & Supplier Unit,2011-05-25,5988,103.0,107.6,102.7,361.02,4446,1605094.92,59.1026,13.206593,78.6058,1369.3491,3984.429,817.581,31.3919,81.9091,225.1818,816.2727,8175133.0,0.19633869198213655
TV Manufacturing & Supplier Unit,2011-05-26,5113,103.0,107.6,102.7,361.02,4346,1568992.92,61.1351,12.775135,76.2872,1341.7297,3943.524,1288.844,31.1817,98.6818,224.5455,855.8636,8175133.0,0.19192261703876864
TV Manufacturing & Supplier Unit,2011-05-27,5763,103.0,107.6,102.7,361.02,4216,1522060.3199999998,53.7865,12.940132,74.9424,1323.5526,5732.0,540.757,31.5487,111.0455,232.8636,791.3636,8175133.0,0.18618171961239038
TV Manufacturing & Supplier Unit,2011-05-28,5178,103.0,107.6,102.7,361.02,4505,1626395.1,71.5344,13.742857,90.9226,1448.9683,4794.048,1244.833,31.3605,93.0455,200.0,889.3636,8175133.0,0.19894417619872362
TV Manufacturing & Supplier Unit,2011-05-29,5716,103.0,107.6,102.7,361.02,5661,2043734.22,64.2846,13.314926,83.8178,1382.5472,4364.333,1758.402,0.0,133.5,244.9091,1398.6364,8175133.0,0.24999400254405646
TV Manufacturing & Supplier Unit,2011-05-30,5679,103.0,107.6,102.7,361.02,6305,2276231.1,65.7941,12.818661,84.1001,1347.2513,4294.238,1030.257,0.0,86.7727,258.7727,755.4545,8175133.0,0.2784335251793457
TV Manufacturing & Supplier Unit,2011-05-31,5752,103.0,107.6,102.7,361.02,5226,1886690.52,62.4,13.546531,82.5964,1416.1714,3653.238,1418.209,33.6281,121.1818,305.2727,1097.0455,8175133.0,0.23078407654040614
TV Manufacturing & Supplier Unit,2011-06-01,5179,102.5,107.6,102.7,361.02,5134,1853476.68,53.7727,12.961169,74.8977,1344.9545,3609.905,715.315,0.0,94.1364,235.6818,781.4545,8175133.0,0.22672128759250765
TV Manufacturing & Supplier Unit,2011-06-02,5358,102.5,107.6,102.7,361.02,4279,1544804.5799999998,52.8214,13.362325,71.2132,1351.5686,4121.333,917.361,0.0,107.1364,281.2727,977.0,8175133.0,0.18896384682671216
TV Manufacturing & Supplier Unit,2011-06-03,6051,102.5,107.6,102.7,361.02,5212,1881636.24,57.7518,12.776208,78.5612,1324.1547,4237.095,1791.183,0.0,95.8636,234.8182,1045.8636,8175133.0,0.23016582604833463
TV Manufacturing & Supplier Unit,2011-06-04,6027,102.5,107.6,102.7,361.02,5245,1893549.9,51.1271,11.920452,72.7743,1257.518,5421.762,1438.156,0.0,98.8636,239.5455,1194.5909,8175133.0,0.23162313077964602
TV Manufacturing & Supplier Unit,2011-06-05,5027,102.5,107.6,102.7,361.02,6280,2267205.6,52.1501,12.719017,71.1201,1302.2078,3889.762,1296.546,66.0518,84.0455,229.9545,1077.9545,8175133.0,0.27732950644350374
TV Manufacturing & Supplier Unit,2011-06-06,6128,102.5,107.6,102.7,361.02,6240,2252764.8,51.7909,12.351222,75.2632,1311.1184,0.0,1606.041,31.3291,106.0455,229.2727,1248.6364,8175133.0,0.2755630764661566
TV Manufacturing & Supplier Unit,2011-06-07,5627,102.5,107.6,102.7,361.02,6482,2340131.64,48.2576,12.586364,67.7699,1285.6818,4385.238,733.219,31.442,163.0,220.1364,863.9091,8175133.0,0.2862499778291069
TV Manufacturing & Supplier Unit,2011-06-08,6245,102.5,107.6,102.7,361.02,7542,2722812.84,66.1017,13.261653,90.58,1389.4068,4190.619,559.335,98.8613,97.1364,231.2273,931.4545,8175133.0,0.3330603722288065
TV Manufacturing & Supplier Unit,2011-06-09,6072,102.5,107.6,102.7,361.02,5759,2079114.18,59.9742,13.437482,83.5535,1403.4278,4585.81,594.017,81.0844,227.4091,348.1818,5330.5909,8175133.0,0.254321755988557
TV Manufacturing & Supplier Unit,2011-06-10,6809,102.5,107.6,102.7,361.02,6841,2469737.82,55.2248,13.235382,74.939,1407.8372,4315.667,1528.002,60.6353,217.6364,246.2273,1589.4545,8175133.0,0.3021036868757976
TV Manufacturing & Supplier Unit,2011-06-11,6386,102.5,107.6,102.7,361.02,6456,2330745.12,41.9396,10.782832,72.2697,1124.5614,3302.667,1456.185,20.4679,906.7727,254.8182,1904.4545,8175133.0,0.28510179834383126
TV Manufacturing & Supplier Unit,2011-06-12,5578,102.5,107.6,102.7,361.02,5453,1968642.06,41.6303,10.945789,77.2762,1151.9869,4852.238,1309.68,5.8744,1169.4091,272.7273,2055.2727,8175133.0,0.24080856666185127
TV Manufacturing & Supplier Unit,2011-06-13,6057,102.5,107.6,102.7,361.02,5134,1853476.68,41.6467,10.320488,74.1467,1067.1557,4218.524,1074.439,118.4667,124.0,243.8182,1194.0455,8175133.0,0.22672128759250765
TV Manufacturing & Supplier Unit,2011-06-14,6493,102.5,107.6,102.7,361.02,4279,1544804.5799999998,43.8592,10.441019,82.8277,1122.3786,3900.429,1201.36,33.12,84.6818,223.3182,859.0909,8175133.0,0.18896384682671216
TV Manufacturing & Supplier Unit,2011-06-15,6622,102.5,107.6,102.7,361.02,5212,1881636.24,48.425,11.099679,92.7469,1155.225,4992.524,1321.858,64.7,76.0,199.4545,920.6818,8175133.0,0.23016582604833463
TV Manufacturing & Supplier Unit,2011-06-16,6103,102.5,107.6,102.7,361.02,5245,1893549.9,41.2437,10.780856,74.2386,1114.6447,4108.857,1051.006,85.2464,87.1364,403.7727,1091.8182,8175133.0,0.23162313077964602
TV Manufacturing & Supplier Unit,2011-06-17,6892,102.5,107.6,102.7,361.02,6280,2267205.6,38.057,10.027128,75.1457,1070.1295,3149.857,935.436,7.3203,110.7727,268.5455,1095.4091,8175133.0,0.27732950644350374
TV Manufacturing & Supplier Unit,2011-06-18,6401,102.5,107.6,102.7,361.02,6240,2252764.8,38.1959,10.518225,79.5329,1105.0515,3783.0,1674.99,35.0395,96.7273,225.7727,861.1364,8175133.0,0.2755630764661566
TV Manufacturing & Supplier Unit,2011-06-19,6681,102.5,107.6,102.7,361.02,6482,2340131.64,40.6498,10.727556,81.7345,1115.9174,3883.095,1066.52,0.0,131.6818,210.3182,849.5455,8175133.0,0.2862499778291069
TV Manufacturing & Supplier Unit,2011-06-20,6714,102.5,107.6,102.7,361.02,7542,2722812.84,41.3988,10.489955,73.4515,1080.4018,3695.714,1119.701,70.3706,152.5,214.1818,950.0909,8175133.0,0.3330603722288065
TV Manufacturing & Supplier Unit,2011-06-21,6816,102.5,107.6,102.7,361.02,5759,2079114.18,48.3967,11.065644,83.9878,1155.6522,4390.143,1153.756,101.5147,95.1364,226.2273,852.8182,8175133.0,0.254321755988557
TV Manufacturing & Supplier Unit,2011-06-22,6756,102.5,107.6,102.7,361.02,6841,2469737.82,42.5309,10.512018,77.8968,1084.3651,4997.381,1430.851,101.9914,106.3182,282.0,901.0,8175133.0,0.3021036868757976
TV Manufacturing & Supplier Unit,2011-06-23,6009,102.5,107.6,102.7,361.02,6456,2330745.12,44.4388,10.814541,81.4573,1140.6888,4414.286,996.813,33.7128,92.0455,246.8182,962.8182,8175133.0,0.28510179834383126
TV Manufacturing & Supplier Unit,2011-06-24,6740,102.5,107.6,102.7,361.02,5453,1968642.06,42.6279,11.224485,79.3605,1176.2093,3298.952,390.3756,0.0,891.5664,1540.4294,7307.3182,8175133.0,0.24080856666185127
TV Manufacturing & Supplier Unit,2011-06-25,6985,102.5,107.6,102.7,361.02,5134,1853476.68,49.221,10.995497,86.8139,1151.5217,2838.129,462.8413,17.6288,173.3708,394.712,1420.9545,8175133.0,0.22672128759250765
TV Manufacturing & Supplier Unit,2011-06-26,6935,102.5,107.6,102.7,361.02,4279,1544804.5799999998,46.2566,11.370578,84.5387,1162.7381,2744.632,676.4964,27.254,165.5566,493.4066,1356.9091,8175133.0,0.18896384682671216
TV Manufacturing & Supplier Unit,2011-06-27,6984,102.5,107.6,102.7,361.02,5212,1881636.24,42.2917,11.085268,79.8047,1147.7163,4937.903,694.4416,54.2678,149.4013,543.3876,1224.5,8175133.0,0.23016582604833463
TV Manufacturing & Supplier Unit,2011-06-28,5874,102.5,107.6,102.7,361.02,5245,1893549.9,38.9348,10.688346,72.2086,1090.9399,2590.9,646.6664,61.0317,108.051,280.2315,885.5909,8175133.0,0.23162313077964602
TV Manufacturing & Supplier Unit,2011-06-29,5953,102.5,107.6,102.7,361.02,6280,2267205.6,44.3651,10.86308,79.3506,1129.2857,1628.172,606.9556,0.0,163.1774,580.3669,1337.4091,8175133.0,0.27732950644350374
TV Manufacturing & Supplier Unit,2011-06-30,6005,102.5,107.6,102.7,361.02,6240,2252764.8,38.7023,10.894057,79.2653,1151.4504,3563.992,715.7929,60.3637,115.3161,249.0141,945.1364,8175133.0,0.2755630764661566
TV Manufacturing & Supplier Unit,2011-07-01,5957,102.5,107.6,102.7,361.02,6482,2340131.64,46.6838,11.338144,81.9201,1179.433,0.0,323.3644,0.0,113.4305,240.695,929.6818,8175133.0,0.2862499778291069
TV Manufacturing & Supplier Unit,2011-07-02,7110,102.5,107.6,102.7,361.02,6542,2361792.84,41.5698,10.810839,78.3685,1107.2965,2360.512,78.5261,15.024,123.818,311.9083,1014.8182,8175133.0,0.2888996227951276
TV Manufacturing & Supplier Unit,2011-07-03,5744,102.5,107.6,102.7,361.02,5759,2079114.18,42.8271,11.439653,77.9089,1161.9393,2675.608,132.1241,15.1587,168.141,304.1815,1378.0909,8175133.0,0.254321755988557
TV Manufacturing & Supplier Unit,2011-07-04,7071,102.5,107.6,102.7,361.02,6841,2469737.82,37.9167,11.885714,62.9688,1251.25,2705.771,85.0218,20.9779,178.9666,381.9316,1466.8182,8175133.0,0.3021036868757976
TV Manufacturing & Supplier Unit,2011-07-05,6031,102.5,107.6,102.7,361.02,6456,2330745.12,38.9348,10.688346,79.3506,1090.9399,4268.157,42.8481,36.3533,131.8041,378.6272,1080.2727,8175133.0,0.28510179834383126
TV Manufacturing & Supplier Unit,2011-07-06,6110,102.5,107.6,102.7,361.02,5453,1968642.06,41.5698,10.810839,78.3685,1107.2965,2360.512,78.5261,15.024,123.818,311.9083,1014.8182,8175133.0,0.24080856666185127
TV Manufacturing & Supplier Unit,2011-07-07,6374,102.5,107.6,102.7,361.02,5134,1853476.68,42.8271,11.439653,77.9089,1161.9393,2675.608,132.1241,15.1587,168.141,304.1815,1378.0909,8175133.0,0.22672128759250765
TV Manufacturing & Supplier Unit,2011-07-08,5571,102.5,107.6,102.7,361.02,4279,1544804.5799999998,37.9167,11.885714,62.9688,1251.25,2705.771,85.0218,20.9779,178.9666,381.9316,1466.8182,8175133.0,0.18896384682671216
TV Manufacturing & Supplier Unit,2011-07-09,5531,102.5,107.6,102.7,361.02,5212,1881636.24,38.7023,10.688346,79.3506,1090.9399,4268.157,42.8481,36.3533,131.8041,378.6272,1080.2727,8175133.0,0.23016582604833463
TV Manufacturing & Supplier Unit,2011-07-10,5155,102.5,107.6,102.7,361.02,5245,1893549.9,69.6637,13.080365,102.3094,1393.8565,610.286,86.23,34.2365,117.6818,280.8182,840.1364,8175133.0,0.23162313077964602
TV Manufacturing & Supplier Unit,2011-07-11,6000,102.5,107.6,102.7,361.02,5628,2031820.56,66.0726,13.407284,95.4486,1428.7871,622.095,95.229,60.6667,100.9091,284.9545,796.5909,8175133.0,0.24853669781274507
TV Manufacturing & Supplier Unit,2011-07-12,6340,102.5,107.6,102.7,361.02,4624,1669356.48,74.1848,13.345691,103.0639,1399.9728,602.0,158.382,18.7505,112.2727,281.6818,914.9091,8175133.0,0.2041993053813314
TV Manufacturing & Supplier Unit,2011-07-13,6402,102.5,107.6,102.7,361.02,6488,2342297.76,63.5185,13.116667,97.2917,1400.1282,5072.619,48.039,19.0108,116.8182,265.9091,1379.4091,8175133.0,0.2865149423257089
TV Manufacturing & Supplier Unit,2011-07-14,7312,102.5,107.6,102.7,361.02,7754,2799349.08,68.8107,13.319634,96.5201,1397.7889,5413.095,221.528,0.0,118.6364,279.1818,904.5,8175133.0,0.3424224511087465
TV Manufacturing & Supplier Unit,2011-07-15,5369,102.5,107.6,102.7,361.02,5075,1832176.5,73.7652,13.23974,97.5,1390.8409,5230.286,208.569,30.429,103.9545,276.2727,828.0455,8175133.0,0.2241158033759206
TV Manufacturing & Supplier Unit,2011-07-16,6231,102.5,107.6,102.7,361.02,6684,2413057.68,72.1859,13.440022,97.255,1411.5829,2421.429,136.737,31.5863,109.3182,283.2727,953.0455,8175133.0,0.29517044921471003
TV Manufacturing & Supplier Unit,2011-07-17,6796,102.5,107.6,102.7,361.02,6456,2330745.12,66.0888,13.228643,97.6225,1406.0804,2126.714,151.538,43.0027,119.2727,299.3636,945.0,8175133.0,0.28510179834383126
TV Manufacturing & Supplier Unit,2011-07-18,5783,102.5,107.6,102.7,361.02,5545,2001855.9,74.5333,12.9675,98.9625,1358.775,6354.571,5.659,43.1783,106.9545,286.7273,896.5,8175133.0,0.2448713556097497
TV Manufacturing & Supplier Unit,2011-07-19,6364,102.5,107.6,102.7,361.02,5434,1961782.68,82.3549,13.487846,108.8993,1441.5672,3272.952,173.248,11.7112,138.3182,317.8182,1253.8636,8175133.0,0.23996951242261133
TV Manufacturing & Supplier Unit,2011-07-20,5775,102.5,107.6,102.7,361.02,5127,1850949.54,73.0167,13.521857,100.9125,1417.05,2568.714,200.366,11.8272,120.9545,254.0909,912.6818,8175133.0,0.22641216234647193
TV Manufacturing & Supplier Unit,2011-07-21,6700,102.5,107.6,102.7,361.02,5202,1878026.04,80.2514,13.530168,101.449,1417.1229,4164.429,100.809,0.0,139.4545,273.4545,1060.3182,8175133.0,0.22972421855399786
TV Manufacturing & Supplier Unit,2011-07-22,6140,102.5,107.6,102.7,361.02,6245,2254569.9,74.2157,13.368908,102.5735,1438.0995,3379.333,32.421,50.8308,116.9091,254.0,913.5909,8175133.0,0.27578388021332495
TV Manufacturing & Supplier Unit,2011-07-23,6842,102.5,107.6,102.7,361.02,6280,2267205.6,81.9,13.955036,112.8563,1451.775,3155.143,52.031,144.9951,87.1364,241.4545,799.1818,8175133.0,0.27732950644350374
TV Manufacturing & Supplier Unit,2011-07-24,7645,102.5,107.6,102.7,361.02,7240,2613784.8,70.4439,13.584207,102.6445,1436.1558,252.905,172.967,95.636,79.3636,221.9545,853.5909,8175133.0,0.3197238258998355
TV Manufacturing & Supplier Unit,2011-07-25,6951,102.5,107.6,102.7,361.02,6482,2340131.64,70.8209,13.662473,99.8041,1446.791,2981.048,189.24,11.8084,93.0909,240.1364,881.7273,8175133.0,0.2862499778291069
TV Manufacturing & Supplier Unit,2011-07-26,7668,102.5,107.6,102.7,361.02,7542,2722812.84,76.9832,13.57063,103.6278,1462.2905,3706.667,206.839,3.8765,97.9545,244.3636,971.9091,8175133.0,0.3330603722288065
TV Manufacturing & Supplier Unit,2011-07-27,8565,102.5,107.6,102.7,361.02,5759,2079114.18,75.0382,13.75095,103.3142,1438.6927,2226.429,132.829,0.0,94.3182,230.0455,868.1818,8175133.0,0.254321755988557
TV Manufacturing & Supplier Unit,2011-07-28,7733,102.5,107.6,102.7,361.02,6841,2469737.82,86.2007,13.771313,118.4677,1477.8226,4038.81,194.316,34.6945,77.8182,197.1818,821.3636,8175133.0,0.3021036868757976
TV Manufacturing & Supplier Unit,2011-07-29,7926,102.5,107.6,102.7,361.02,6456,2330745.12,71.3785,13.186582,98.639,1387.5,3323.762,140.09,35.5475,66.8636,191.1818,770.9091,8175133.0,0.28510179834383126
TV Manufacturing & Supplier Unit,2011-07-30,7236,102.5,107.6,102.7,361.02,6453,2329662.06,70.1412,13.363559,98.464,1424.4915,4422.667,149.738,15.863,66.9545,194.4545,697.6364,8175133.0,0.2849693160955302
TV Manufacturing & Supplier Unit,2011-07-31,8113,102.5,107.6,102.7,361.02,6134,2214496.68,70.0298,13.411224,104.3555,1417.0982,3892.381,99.954,15.817,98.1364,253.5455,928.5455,8175133.0,0.27088203702618663
TV Manufacturing & Supplier Unit,2011-08-01,6600,102.5,107.6,102.7,361.02,6279,2266844.58,70.7417,13.195929,98.9625,1400.175,1885.191,117.032,0.0,95.9091,254.0455,843.4091,8175133.0,0.27728534569407004
TV Manufacturing & Supplier Unit,2011-08-02,7400,102.5,107.6,102.7,361.02,7212,2603676.24,75.7181,13.641109,98.5372,1401.3032,1953.81,121.125,35.811,89.0909,245.5,767.3182,8175133.0,0.31848732491569254
TV Manufacturing & Supplier Unit,2011-08-03,7335,102.5,107.6,102.7,361.02,6245,2254569.9,62.6861,12.822399,84.1292,1339.8058,1791.191,189.038,0.0,94.4091,247.6364,802.2273,8175133.0,0.27578388021332495
TV Manufacturing & Supplier Unit,2011-08-04,6638,102.5,107.6,102.7,361.02,6280,2267205.6,72.1521,13.686512,97.145,1434.9029,3074.667,196.773,0.0,92.0455,291.5909,785.5909,8175133.0,0.27732950644350374
TV Manufacturing & Supplier Unit,2011-08-05,7282,102.5,107.6,102.7,361.02,7240,2613784.8,72.9083,13.361679,102.375,1442.025,3117.048,160.32,0.0,135.0455,249.3182,846.5,8175133.0,0.3197238258998355
TV Manufacturing & Supplier Unit,2011-08-06,6834,102.5,107.6,102.7,361.02,7182,2592845.64,71.8265,13.682436,98.0009,1460.4452,2023.524,147.936,40.3932,92.5,221.1818,790.3636,8175133.0,0.3171625024326821
TV Manufacturing & Supplier Unit,2011-08-07,7541,102.5,107.6,102.7,361.02,6942,2506200.84,70.9562,13.756545,98.7625,1454.8207,3395.667,262.807,0.0,96.9091,252.4091,898.4545,8175133.0,0.30656392256859916
TV Manufacturing & Supplier Unit,2011-08-08,7830,102.5,107.6,102.7,361.02,7759,2801154.18,59.2809,13.217295,84.632,1392.1066,2921.333,311.592,30.3757,106.1818,254.9091,1144.5455,8175133.0,0.3426432548559149
TV Manufacturing & Supplier Unit,2011-08-09,8642,102.5,107.6,102.7,361.02,7841,2830757.82,64.7032,13.211155,92.6027,1397.2603,2825.095,455.428,46.9608,126.0455,269.3182,1115.2727,8175133.0,0.3462644363094765
TV Manufacturing & Supplier Unit,2011-08-10,7739,102.5,107.6,102.7,361.02,7156,2583459.12,68.4878,13.715226,90.128,1433.561,5082.667,467.509,93.5075,114.2273,324.5909,1271.5455,8175133.0,0.3160143229474065
TV Manufacturing & Supplier Unit,2011-08-11,6778,102.5,107.6,102.7,361.02,6453,2329662.06,63.4742,13.85664,89.0317,1441.4789,4011.714,402.614,0.0,118.0455,281.5455,971.7273,8175133.0,0.2849693160955302
TV Manufacturing & Supplier Unit,2011-08-12,6632,102.5,107.6,102.7,361.02,6134,2214496.68,61.0278,13.6175,90.3229,1411.8333,2666.857,435.346,105.1623,118.5909,261.4545,893.6818,8175133.0,0.27088203702618663
TV Manufacturing & Supplier Unit,2011-08-13,6814,102.5,107.6,102.7,361.02,6279,2266844.58,56.0507,12.873331,75.9069,1322.6087,1675.905,408.612,0.0,175.5455,275.6364,3826.6818,8175133.0,0.27728534569407004
TV Manufacturing & Supplier Unit,2011-08-14,6701,102.5,107.6,102.7,361.02,6212,2242656.24,62.4074,13.102381,85.1042,1365.0,3668.476,481.883,104.0112,167.9545,241.7273,2170.1818,8175133.0,0.2743265754820136
TV Manufacturing & Supplier Unit,2011-08-15,8936,102.5,107.6,102.7,361.02,5245,1893549.9,58.3943,12.994338,80.5564,1387.4085,0.0,217.694,0.0,95.0,216.7273,969.1818,8175133.0,0.23162313077964602
TV Manufacturing & Supplier Unit,2011-08-16,7393,101.4,107.6,102.7,361.02,6280,2267205.6,47.5541,12.722032,73.125,1333.3442,2429.714,52.865,25.8875,111.0909,234.9545,1835.1818,8175133.0,0.27732950644350374
TV Manufacturing & Supplier Unit,2011-08-17,8602,101.4,107.6,102.7,361.02,6240,2252764.8,59.8805,13.436076,80.3244,1381.6456,2754.048,88.948,26.1196,115.1818,242.5909,1697.8636,8175133.0,0.2755630764661566
TV Manufacturing & Supplier Unit,2011-08-18,7207,101.4,107.6,102.7,361.02,6482,2340131.64,61.2679,13.43674,77.7901,1413.0861,2785.095,57.238,36.1466,141.6818,237.7727,1549.3636,8175133.0,0.2862499778291069
TV Manufacturing & Supplier Unit,2011-08-19,8717,101.4,107.6,102.7,361.02,7542,2722812.84,71.0122,13.404974,84.7382,1402.9319,4393.286,28.846,62.6395,108.2273,248.8182,1114.8636,8175133.0,0.3330603722288065
TV Manufacturing & Supplier Unit,2011-08-20,8512,101.4,107.6,102.7,361.02,5759,2079114.18,60.1852,13.030952,83.9583,1380.0,3948.333,621.432,20.7815,108.3182,276.7273,1028.1364,8175133.0,0.254321755988557
TV Manufacturing & Supplier Unit,2011-08-21,8264,101.4,107.6,102.7,361.02,6841,2469737.82,67.0833,13.468929,85.2188,1415.7115,5381.381,1040.787,51.0694,119.9545,276.2727,941.4545,8175133.0,0.3021036868757976
TV Manufacturing & Supplier Unit,2011-08-22,8327,101.4,107.6,102.7,361.02,6456,2330745.12,60.6469,13.100489,78.3562,1368.8356,4420.81,854.31,0.0,89.8636,226.3636,896.9545,8175133.0,0.28510179834383126
TV Manufacturing & Supplier Unit,2011-08-23,7820,101.4,107.6,102.7,361.02,5453,1968642.06,58.1144,13.07043,80.045,1371.6737,4524.381,587.16,0.0,99.0,220.6818,1072.0455,8175133.0,0.24080856666185127
TV Manufacturing & Supplier Unit,2011-08-24,8338,101.4,107.6,102.7,361.02,6240,2252764.8,57.3207,13.081103,83.5127,1380.6962,3647.762,522.584,0.0,108.6364,278.2273,928.5909,8175133.0,0.2755630764661566
TV Manufacturing & Supplier Unit,2011-08-25,8567,101.4,107.6,102.7,361.02,6266,2262151.32,60.7032,13.50425,77.856,1385.1266,3238.143,900.812,47.174,157.2727,258.3636,1084.3636,8175133.0,0.2767112559514322
TV Manufacturing & Supplier Unit,2011-08-26,8143,101.4,107.6,102.7,361.02,6206,2240490.12,59.1749,13.853677,75.5225,1437.6393,4245.857,818.376,0.0,104.3636,233.6818,807.0909,8175133.0,0.2740616109854115
TV Manufacturing & Supplier Unit,2011-08-27,7828,101.4,107.6,102.7,361.02,6176,2229659.52,65.1245,13.325,78.0981,1381.7672,3604.0,1100.992,46.782,109.6364,226.5909,889.8636,8175133.0,0.27273678850240113
TV Manufacturing & Supplier Unit,2011-08-28,6585,101.4,107.6,102.7,361.02,6234,2250598.68,60.6667,13.488857,76.725,1399.6615,4168.952,272.036,0.0,93.9545,222.7727,805.9091,8175133.0,0.2752981119695545
TV Manufacturing & Supplier Unit,2011-08-29,6988,101.4,107.6,102.7,361.02,6446,2327134.92,59.1026,13.206593,78.6058,1369.3491,3984.429,817.581,31.3919,81.9091,225.1818,816.2727,8175133.0,0.28466019084949445
TV Manufacturing & Supplier Unit,2011-08-30,8113,101.4,107.6,102.7,361.02,6346,2291032.92,61.1351,12.775135,76.2872,1341.7297,3943.524,1288.844,31.1817,98.6818,224.5455,855.8636,8175133.0,0.2802441159061265
TV Manufacturing & Supplier Unit,2011-08-31,8763,101.4,107.6,102.7,361.02,6216,2244100.32,53.7865,12.940132,74.9424,1323.5526,5732.0,540.757,31.5487,111.0455,232.8636,791.3636,8175133.0,0.27450321847974823
TV Manufacturing & Supplier Unit,2011-09-01,8517,101.4,107.6,102.7,361.02,6505,2348435.1,71.5344,13.742857,90.9226,1448.9683,4794.048,1244.833,31.3605,93.0455,200.0,889.3636,8175133.0,0.2872656750660815
TV Manufacturing & Supplier Unit,2011-09-02,8716,101.4,107.6,102.7,361.02,6661,2404754.22,64.2846,13.314926,83.8178,1382.5472,4364.333,1758.402,0.0,133.5,244.9091,1398.6364,8175133.0,0.29415475197773544
TV Manufacturing & Supplier Unit,2011-09-03,7679,101.4,107.6,102.7,361.02,6305,2276231.1,65.7941,12.818661,84.1001,1347.2513,4294.238,1030.257,0.0,86.7727,258.7727,755.4545,8175133.0,0.2784335251793457
TV Manufacturing & Supplier Unit,2011-09-04,7752,101.4,107.6,102.7,361.02,7226,2608730.52,62.4,13.546531,82.5964,1416.1714,3653.238,1418.209,33.6281,121.1818,305.2727,1097.0455,8175133.0,0.319105575407764
TV Manufacturing & Supplier Unit,2011-09-05,7179,101.4,107.6,102.7,361.02,6134,2214496.68,53.7727,12.961169,74.8977,1344.9545,3609.905,715.315,0.0,94.1364,235.6818,781.4545,8175133.0,0.27088203702618663
TV Manufacturing & Supplier Unit,2011-09-06,7358,101.4,107.6,102.7,361.02,6279,2266844.58,52.8214,13.362325,71.2132,1351.5686,4121.333,917.361,0.0,107.1364,281.2727,977.0,8175133.0,0.27728534569407004
TV Manufacturing & Supplier Unit,2011-09-07,7051,101.4,107.6,102.7,361.02,6212,2242656.24,57.7518,12.776208,78.5612,1324.1547,4237.095,1791.183,0.0,95.8636,234.8182,1045.8636,8175133.0,0.2743265754820136
TV Manufacturing & Supplier Unit,2011-09-08,8027,101.4,107.6,102.7,361.02,6245,2254569.9,51.1271,11.920452,72.7743,1257.518,5421.762,1438.156,0.0,98.8636,239.5455,1194.5909,8175133.0,0.27578388021332495
TV Manufacturing & Supplier Unit,2011-09-09,8027,101.4,107.6,102.7,361.02,7280,2628225.6,52.1501,12.719017,71.1201,1302.2078,3889.762,1296.546,66.0518,84.0455,229.9545,1077.9545,8175133.0,0.32149025587718266
TV Manufacturing & Supplier Unit,2011-09-10,7328,101.4,107.6,102.7,361.02,6240,2252764.8,51.7909,12.351222,75.2632,1311.1184,0.0,1606.041,31.3291,106.0455,229.2727,1248.6364,8175133.0,0.2755630764661566
TV Manufacturing & Supplier Unit,2011-09-11,7627,101.4,107.6,102.7,361.02,6482,2340131.64,48.2576,12.586364,67.7699,1285.6818,4385.238,733.219,31.442,163.0,220.1364,863.9091,8175133.0,0.2862499778291069
TV Manufacturing & Supplier Unit,2011-09-12,7245,101.4,107.6,102.7,361.02,7542,2722812.84,66.1017,13.261653,90.58,1389.4068,4190.619,559.335,98.8613,97.1364,231.2273,931.4545,8175133.0,0.3330603722288065
TV Manufacturing & Supplier Unit,2011-09-13,7072,101.4,107.6,102.7,361.02,5759,2079114.18,59.9742,13.437482,83.5535,1403.4278,4585.81,594.017,81.0844,227.4091,348.1818,5330.5909,8175133.0,0.254321755988557
TV Manufacturing & Supplier Unit,2011-09-14,7809,101.4,107.6,102.7,361.02,6841,2469737.82,55.2248,13.235382,74.939,1407.8372,4315.667,1528.002,60.6353,217.6364,246.2273,1589.4545,8175133.0,0.3021036868757976
TV Manufacturing & Supplier Unit,2011-09-15,7386,101.4,107.6,102.7,361.02,6456,2330745.12,41.9396,10.782832,72.2697,1124.5614,3302.667,1456.185,20.4679,906.7727,254.8182,1904.4545,8175133.0,0.28510179834383126
TV Manufacturing & Supplier Unit,2011-09-16,7578,101.4,107.6,102.7,361.02,6453,2329662.06,41.6303,10.945789,77.2762,1151.9869,4852.238,1309.68,5.8744,1169.4091,272.7273,2055.2727,8175133.0,0.2849693160955302
TV Manufacturing & Supplier Unit,2011-09-17,7057,101.4,107.6,102.7,361.02,6484,2340853.68,41.6467,10.320488,74.1467,1067.1557,4218.524,1074.439,118.4667,124.0,243.8182,1194.0455,8175133.0,0.2863382993279743
TV Manufacturing & Supplier Unit,2011-09-18,7493,101.4,107.6,102.7,361.02,7166,2587069.32,43.8592,10.441019,82.8277,1122.3786,3900.429,1201.36,33.12,84.6818,223.3182,859.0909,8175133.0,0.31645593044174325
TV Manufacturing & Supplier Unit,2011-09-19,8220,101.4,107.6,102.7,361.02,7206,2601510.12,48.425,11.099679,92.7469,1155.225,4992.524,1321.858,64.7,76.0,199.4545,920.6818,8175133.0,0.31822236041909047
TV Manufacturing & Supplier Unit,2011-09-20,8103,101.4,107.6,102.7,361.02,7176,2590679.52,41.2437,10.780856,74.2386,1114.6447,4108.857,1051.006,85.2464,87.1364,403.7727,1091.8182,8175133.0,0.31689753793608005
TV Manufacturing & Supplier Unit,2011-09-21,6092,101.4,107.6,102.7,361.02,5234,1889578.68,38.057,10.027128,75.1457,1070.1295,3149.857,935.436,7.3203,110.7727,268.5455,1095.4091,8175133.0,0.23113736253587555
TV Manufacturing & Supplier Unit,2011-09-22,6401,101.4,107.6,102.7,361.02,4446,1605094.92,38.1959,10.518225,79.5329,1105.0515,3783.0,1674.99,35.0395,96.7273,225.7727,861.1364,8175133.0,0.19633869198213655
TV Manufacturing & Supplier Unit,2011-09-23,6841,101.4,107.6,102.7,361.02,4346,1568992.92,40.6498,10.727556,81.7345,1115.9174,3883.095,1066.52,0.0,131.6818,210.3182,849.5455,8175133.0,0.19192261703876864
TV Manufacturing & Supplier Unit,2011-09-24,6714,101.4,107.6,102.7,361.02,4216,1522060.3199999998,41.3988,10.489955,73.4515,1080.4018,3695.714,1119.701,70.3706,152.5,214.1818,950.0909,8175133.0,0.18618171961239038
TV Manufacturing & Supplier Unit,2011-09-25,5816,101.4,107.6,102.7,361.02,4505,1626395.1,48.3967,11.065644,83.9878,1155.6522,4390.143,1153.756,101.5147,95.1364,226.2273,852.8182,8175133.0,0.19894417619872362
TV Manufacturing & Supplier Unit,2011-09-26,6756,101.4,107.6,102.7,361.02,5661,2043734.22,42.5309,10.512018,77.8968,1084.3651,4997.381,1430.851,101.9914,106.3182,282.0,901.0,8175133.0,0.24999400254405646
TV Manufacturing & Supplier Unit,2011-09-27,6009,101.4,107.6,102.7,361.02,6305,2276231.1,44.4388,10.814541,81.4573,1140.6888,4414.286,996.813,33.7128,92.0455,246.8182,962.8182,8175133.0,0.2784335251793457
TV Manufacturing & Supplier Unit,2011-09-28,6740,101.4,107.6,102.7,361.02,5226,1886690.52,42.6279,11.224485,79.3605,1176.2093,3298.952,390.3756,0.0,891.5664,1540.4294,7307.3182,8175133.0,0.23078407654040614
TV Manufacturing & Supplier Unit,2011-09-29,6985,101.4,107.6,102.7,361.02,5134,1853476.68,49.221,10.995497,86.8139,1151.5217,2838.129,462.8413,17.6288,173.3708,394.712,1420.9545,8175133.0,0.22672128759250765
TV Manufacturing & Supplier Unit,2011-09-30,6935,101.4,107.6,102.7,361.02,4279,1544804.5799999998,46.2566,11.370578,84.5387,1162.7381,2744.632,676.4964,27.254,165.5566,493.4066,1356.9091,8175133.0,0.18896384682671216
TV Manufacturing & Supplier Unit,2011-10-01,6938,101.4,107.6,102.7,361.02,5212,1881636.24,42.2917,11.085268,79.8047,1147.7163,4937.903,694.4416,54.2678,149.4013,543.3876,1224.5,8175133.0,0.23016582604833463
TV Manufacturing & Supplier Unit,2011-10-02,6874,101.4,107.6,102.7,361.02,5245,1893549.9,38.9348,10.688346,72.2086,1090.9399,2590.9,646.6664,61.0317,108.051,280.2315,885.5909,8175133.0,0.23162313077964602
TV Manufacturing & Supplier Unit,2011-10-03,6903,101.4,107.6,102.7,361.02,6280,2267205.6,44.3651,10.86308,79.3506,1129.2857,1628.172,606.9556,0.0,163.1774,580.3669,1337.4091,8175133.0,0.27732950644350374
TV Manufacturing & Supplier Unit,2011-10-04,6005,101.4,107.6,102.7,361.02,6240,2252764.8,38.7023,10.894057,79.2653,1151.4504,3563.992,715.7929,60.3637,115.3161,249.0141,945.1364,8175133.0,0.2755630764661566
TV Manufacturing & Supplier Unit,2011-10-05,6457,101.4,107.6,102.7,361.02,6482,2340131.64,46.6838,11.338144,81.9201,1179.433,0.0,323.3644,0.0,113.4305,240.695,929.6818,8175133.0,0.2862499778291069
TV Manufacturing & Supplier Unit,2011-10-06,6110,101.4,107.6,102.7,361.02,7542,2722812.84,41.5698,10.810839,78.3685,1107.2965,2360.512,78.5261,15.024,123.818,311.9083,1014.8182,8175133.0,0.3330603722288065
TV Manufacturing & Supplier Unit,2011-10-07,6374,101.4,107.6,102.7,361.02,5759,2079114.18,42.8271,11.439653,77.9089,1161.9393,2675.608,132.1241,15.1587,168.141,304.1815,1378.0909,8175133.0,0.254321755988557
TV Manufacturing & Supplier Unit,2011-10-08,6071,101.4,107.6,102.7,361.02,6841,2469737.82,37.9167,11.885714,62.9688,1251.25,2705.771,85.0218,20.9779,178.9666,381.9316,1466.8182,8175133.0,0.3021036868757976
TV Manufacturing & Supplier Unit,2011-10-09,6031,101.4,107.6,102.7,361.02,6456,2330745.12,38.9348,10.688346,79.3506,1090.9399,4268.157,42.8481,36.3533,131.8041,378.6272,1080.2727,8175133.0,0.28510179834383126
TV Manufacturing & Supplier Unit,2011-10-10,5110,101.4,107.6,102.7,361.02,5453,1968642.06,41.5698,10.810839,78.3685,1107.2965,2360.512,78.5261,15.024,123.818,311.9083,1014.8182,8175133.0,0.24080856666185127
TV Manufacturing & Supplier Unit,2011-10-11,6374,101.4,107.6,102.7,361.02,5134,1853476.68,42.8271,11.439653,77.9089,1161.9393,2675.608,132.1241,15.1587,168.141,304.1815,1378.0909,8175133.0,0.22672128759250765
TV Manufacturing & Supplier Unit,2011-10-12,5071,101.4,107.6,102.7,361.02,4279,1544804.5799999998,37.9167,11.885714,62.9688,1251.25,2705.771,85.0218,20.9779,178.9666,381.9316,1466.8182,8175133.0,0.18896384682671216
TV Manufacturing & Supplier Unit,2011-10-13,6031,101.4,107.6,102.7,361.02,5212,1881636.24,38.7023,10.688346,79.3506,1090.9399,4268.157,42.8481,36.3533,131.8041,378.6272,1080.2727,8175133.0,0.23016582604833463
TV Manufacturing & Supplier Unit,2011-10-14,4384,101.4,107.6,102.7,361.02,5245,1893549.9,77.4819,14.104193,112.337,1479.4565,722.571,95.333,11.8398,91.0,276.3636,756.5909,8175133.0,0.23162313077964602
TV Manufacturing & Supplier Unit,2011-10-15,4366,101.4,107.6,102.7,361.02,6280,2267205.6,73.4783,13.298758,105.7133,1369.8913,717.857,114.957,27.8039,111.9091,291.3182,860.1364,8175133.0,0.27732950644350374
TV Manufacturing & Supplier Unit,2011-10-16,4006,101.4,107.6,102.7,361.02,6240,2252764.8,80.6093,13.200691,108.7702,1428.0645,653.333,113.09,0.0,94.6364,282.7273,751.9545,8175133.0,0.2755630764661566
TV Manufacturing & Supplier Unit,2011-10-17,4076,101.4,107.6,102.7,361.02,6482,2340131.64,65.9319,12.721429,93.3065,1309.3548,622.095,72.442,0.0,98.5909,306.3182,749.4545,8175133.0,0.2862499778291069
TV Manufacturing & Supplier Unit,2011-10-18,4834,101.4,107.6,102.7,361.02,7542,2722812.84,77.4819,14.104193,112.337,1479.4565,722.571,95.333,11.8398,91.0,276.3636,756.5909,8175133.0,0.3330603722288065
TV Manufacturing & Supplier Unit,2011-10-19,4636,101.4,107.6,102.7,361.02,5759,2079114.18,73.4783,13.298758,105.7133,1369.8913,717.857,114.957,27.8039,111.9091,291.3182,860.1364,8175133.0,0.254321755988557
TV Manufacturing & Supplier Unit,2011-10-20,4166,101.4,107.6,102.7,361.02,6841,2469737.82,80.6093,13.200691,108.7702,1428.0645,653.333,113.09,0.0,94.6364,282.7273,751.9545,8175133.0,0.3021036868757976
TV Manufacturing & Supplier Unit,2011-10-21,4186,101.4,107.6,102.7,361.02,6456,2330745.12,65.9319,12.721429,93.3065,1309.3548,622.095,72.442,0.0,98.5909,306.3182,749.4545,8175133.0,0.28510179834383126
TV Manufacturing & Supplier Unit,2011-10-22,4405,101.4,107.6,102.7,361.02,5453,1968642.06,89.7283,13.792314,117.6359,1417.0109,624.238,87.649,0.0,105.0455,306.4545,754.2727,8175133.0,0.24080856666185127
TV Manufacturing & Supplier Unit,2011-10-23,5561,101.4,107.6,102.7,361.02,5134,1853476.68,68.8095,12.581633,91.6071,1334.3407,611.714,38.235,0.0,108.0,305.9545,776.6364,8175133.0,0.22672128759250765
TV Manufacturing & Supplier Unit,2011-10-24,6205,101.4,107.6,102.7,361.02,4279,1544804.5799999998,80.1434,13.419355,101.6935,1390.6452,627.238,92.486,6.9945,112.9545,304.8636,867.1818,8175133.0,0.18896384682671216
TV Manufacturing & Supplier Unit,2011-10-25,5006,101.4,107.6,102.7,361.02,5212,1881636.24,84.3369,13.476267,105.8871,1442.5806,613.143,206.96,69.9877,115.3636,298.5455,905.4091,8175133.0,0.23016582604833463
TV Manufacturing & Supplier Unit,2011-10-26,5034,101.4,107.6,102.7,361.02,5245,1893549.9,75.4189,13.207026,104.5594,1417.1311,615.857,83.632,49.589,171.5,309.6818,880.5909,8175133.0,0.23162313077964602
TV Manufacturing & Supplier Unit,2011-10-27,4319,101.4,107.6,102.7,361.02,6280,2267205.6,70.7921,12.964604,97.6207,1357.7228,688.667,118.126,46.3774,123.8182,273.7727,791.7727,8175133.0,0.27732950644350374
TV Manufacturing & Supplier Unit,2011-10-28,5082,101.4,107.6,102.7,361.02,6240,2252764.8,68.9912,13.25047,102.4712,1378.4211,636.667,125.388,47.8766,111.2727,275.6818,867.7273,8175133.0,0.2755630764661566
TV Manufacturing & Supplier Unit,2011-10-29,5155,101.4,107.6,102.7,361.02,6482,2340131.64,69.6637,13.080365,102.3094,1393.8565,610.286,86.23,34.2365,117.6818,280.8182,840.1364,8175133.0,0.2862499778291069
TV Manufacturing & Supplier Unit,2011-10-30,6000,101.4,107.6,102.7,361.02,5542,2000772.84,66.0726,13.407284,95.4486,1428.7871,622.095,95.229,60.6667,100.9091,284.9545,796.5909,8175133.0,0.2447388733614487
TV Manufacturing & Supplier Unit,2011-10-31,6340,101.4,107.6,102.7,361.02,5759,2079114.18,74.1848,13.345691,103.0639,1399.9728,602.0,158.382,18.7505,112.2727,281.6818,914.9091,8175133.0,0.254321755988557
TV Manufacturing & Supplier Unit,2011-11-01,6402,101.4,107.6,102.7,361.02,6841,2469737.82,63.5185,13.116667,97.2917,1400.1282,5072.619,48.039,19.0108,116.8182,265.9091,1379.4091,8175133.0,0.3021036868757976
TV Manufacturing & Supplier Unit,2011-11-02,7312,101.4,107.6,102.7,361.02,6456,2330745.12,68.8107,13.319634,96.5201,1397.7889,5413.095,221.528,0.0,118.6364,279.1818,904.5,8175133.0,0.28510179834383126
TV Manufacturing & Supplier Unit,2011-11-03,5369,101.4,107.6,102.7,361.02,5453,1968642.06,73.7652,13.23974,97.5,1390.8409,5230.286,208.569,30.429,103.9545,276.2727,828.0455,8175133.0,0.24080856666185127
TV Manufacturing & Supplier Unit,2011-11-04,6231,101.4,107.6,102.7,361.02,5134,1853476.68,72.1859,13.440022,97.255,1411.5829,2421.429,136.737,31.5863,109.3182,283.2727,953.0455,8175133.0,0.22672128759250765
TV Manufacturing & Supplier Unit,2011-11-05,6796,101.4,107.6,102.7,361.02,7279,2627864.58,66.0888,13.228643,97.6225,1406.0804,2126.714,151.538,43.0027,119.2727,299.3636,945.0,8175133.0,0.321446095127749
TV Manufacturing & Supplier Unit,2011-11-06,5783,101.4,107.6,102.7,361.02,7212,2603676.24,74.5333,12.9675,98.9625,1358.775,6354.571,5.659,43.1783,106.9545,286.7273,896.5,8175133.0,0.31848732491569254
TV Manufacturing & Supplier Unit,2011-11-07,6364,101.4,107.6,102.7,361.02,8245,2976609.9,82.3549,13.487846,108.8993,1441.5672,3272.952,173.248,11.7112,138.3182,317.8182,1253.8636,8175133.0,0.36410537908068286
TV Manufacturing & Supplier Unit,2011-11-08,8775,101.4,107.6,102.7,361.02,9280,3350265.6,73.0167,13.521857,100.9125,1417.05,2568.714,200.366,11.8272,120.9545,254.0909,912.6818,8175133.0,0.40981175474454057
TV Manufacturing & Supplier Unit,2011-11-09,8700,101.4,107.6,102.7,361.02,9240,3335824.8,80.2514,13.530168,101.449,1417.1229,4164.429,100.809,0.0,139.4545,273.4545,1060.3182,8175133.0,0.40804532476719335
TV Manufacturing & Supplier Unit,2011-11-10,8140,101.4,97.0,102.7,361.02,9482,3423191.64,74.2157,13.368908,102.5735,1438.0995,3379.333,32.421,50.8308,116.9091,254.0,913.5909,8175133.0,0.4187322261301437
TV Manufacturing & Supplier Unit,2011-11-11,8142,101.4,97.0,102.7,361.02,9542,3444852.84,81.9,13.955036,112.8563,1451.775,3155.143,52.031,144.9951,87.1364,241.4545,799.1818,8175133.0,0.42138187109616443
TV Manufacturing & Supplier Unit,2011-11-12,8645,101.4,97.0,102.7,361.02,9759,3523194.18,70.4439,13.584207,102.6445,1436.1558,252.905,172.967,95.636,79.3636,221.9545,853.5909,8175133.0,0.43096475372327275
TV Manufacturing & Supplier Unit,2011-11-13,7951,101.4,97.0,102.7,361.02,9841,3552797.82,70.8209,13.662473,99.8041,1446.791,2981.048,189.24,11.8084,93.0909,240.1364,881.7273,8175133.0,0.4345859351768344
TV Manufacturing & Supplier Unit,2011-11-14,9668,101.4,97.0,102.7,361.02,9456,3413805.12,76.9832,13.57063,103.6278,1462.2905,3706.667,206.839,3.8765,97.9545,244.3636,971.9091,8175133.0,0.41758404664486803
TV Manufacturing & Supplier Unit,2011-11-15,9565,101.4,97.0,102.7,361.02,9453,3412722.06,75.0382,13.75095,103.3142,1438.6927,2226.429,132.829,0.0,94.3182,230.0455,868.1818,8175133.0,0.417451564396567
TV Manufacturing & Supplier Unit,2011-11-16,9733,101.4,97.0,102.7,361.02,9134,3297556.68,86.2007,13.771313,118.4677,1477.8226,4038.81,194.316,34.6945,77.8182,197.1818,821.3636,8175133.0,0.40336428532722346
TV Manufacturing & Supplier Unit,2011-11-17,9926,101.4,97.0,102.7,361.02,10279,3710924.58,71.3785,13.186582,98.639,1387.5,3323.762,140.09,35.5475,66.8636,191.1818,770.9091,8175133.0,0.4539283434287858
TV Manufacturing & Supplier Unit,2011-11-18,8236,101.4,97.0,102.7,361.02,10212,3686736.24,70.1412,13.363559,98.464,1424.4915,4422.667,149.738,15.863,66.9545,194.4545,697.6364,8175133.0,0.45096957321672937
TV Manufacturing & Supplier Unit,2011-11-19,8113,101.4,97.0,102.7,361.02,8245,2976609.9,70.0298,13.411224,104.3555,1417.0982,3892.381,99.954,15.817,98.1364,253.5455,928.5455,8175133.0,0.36410537908068286
TV Manufacturing & Supplier Unit,2011-11-20,6600,101.4,97.0,102.7,361.02,7280,2628225.6,70.7417,13.195929,98.9625,1400.175,1885.191,117.032,0.0,95.9091,254.0455,843.4091,8175133.0,0.32149025587718266
TV Manufacturing & Supplier Unit,2011-11-21,7400,101.4,97.0,102.7,361.02,7240,2613784.8,75.7181,13.641109,98.5372,1401.3032,1953.81,121.125,35.811,89.0909,245.5,767.3182,8175133.0,0.3197238258998355
TV Manufacturing & Supplier Unit,2011-11-22,7335,101.4,97.0,102.7,361.02,6482,2340131.64,62.6861,12.822399,84.1292,1339.8058,1791.191,189.038,0.0,94.4091,247.6364,802.2273,8175133.0,0.2862499778291069
TV Manufacturing & Supplier Unit,2011-11-23,6638,101.4,97.0,102.7,361.02,7542,2722812.84,72.1521,13.686512,97.145,1434.9029,3074.667,196.773,0.0,92.0455,291.5909,785.5909,8175133.0,0.3330603722288065
TV Manufacturing & Supplier Unit,2011-11-24,7282,101.4,97.0,102.7,361.02,5759,2079114.18,72.9083,13.361679,102.375,1442.025,3117.048,160.32,0.0,135.0455,249.3182,846.5,8175133.0,0.254321755988557
TV Manufacturing & Supplier Unit,2011-11-25,6834,101.4,97.0,102.7,361.02,6841,2469737.82,71.8265,13.682436,98.0009,1460.4452,2023.524,147.936,40.3932,92.5,221.1818,790.3636,8175133.0,0.3021036868757976
TV Manufacturing & Supplier Unit,2011-11-26,7541,101.4,97.0,102.7,361.02,6456,2330745.12,70.9562,13.756545,98.7625,1454.8207,3395.667,262.807,0.0,96.9091,252.4091,898.4545,8175133.0,0.28510179834383126
TV Manufacturing & Supplier Unit,2011-11-27,7830,101.4,97.0,102.7,361.02,7453,2690682.06,59.2809,13.217295,84.632,1392.1066,2921.333,311.592,30.3757,106.1818,254.9091,1144.5455,8175133.0,0.32913006552920915
TV Manufacturing & Supplier Unit,2011-11-28,8642,101.4,97.0,102.7,361.02,7134,2575516.68,64.7032,13.211155,92.6027,1397.2603,2825.095,455.428,46.9608,126.0455,269.3182,1115.2727,8175133.0,0.31504278645986555
TV Manufacturing & Supplier Unit,2011-11-29,7739,101.4,97.0,102.7,361.02,7279,2627864.58,68.4878,13.715226,90.128,1433.561,5082.667,467.509,93.5075,114.2273,324.5909,1271.5455,8175133.0,0.321446095127749
TV Manufacturing & Supplier Unit,2011-11-30,7178,101.4,97.0,102.7,361.02,6512,2350962.24,63.4742,13.85664,89.0317,1441.4789,4011.714,402.614,0.0,118.0455,281.5455,971.7273,8175133.0,0.2875748003121173
TV Manufacturing & Supplier Unit,2011-12-01,7632,101.4,97.0,102.7,361.02,7245,2615589.9,61.0278,13.6175,90.3229,1411.8333,2666.857,435.346,105.1623,118.5909,261.4545,893.6818,8175133.0,0.3199446296470039
TV Manufacturing & Supplier Unit,2011-12-02,6814,101.4,97.0,102.7,361.02,6780,2447715.6,56.0507,12.873331,75.9069,1322.6087,1675.905,408.612,0.0,175.5455,275.6364,3826.6818,8175133.0,0.2994098811603432
TV Manufacturing & Supplier Unit,2011-12-03,6701,101.4,97.0,102.7,361.02,6340,2288866.8,62.4074,13.102381,85.1042,1365.0,3668.476,481.883,104.0112,167.9545,241.7273,2170.1818,8175133.0,0.27997915140952445
TV Manufacturing & Supplier Unit,2011-12-04,8936,101.4,97.0,102.7,361.02,6482,2340131.64,58.3943,12.994338,80.5564,1387.4085,0.0,217.694,0.0,95.0,216.7273,969.1818,8175133.0,0.2862499778291069
TV Manufacturing & Supplier Unit,2011-12-05,7393,101.4,97.0,102.7,361.02,7442,2686710.84,47.5541,12.722032,73.125,1333.3442,2429.714,52.865,25.8875,111.0909,234.9545,1835.1818,8175133.0,0.32864429728543865
TV Manufacturing & Supplier Unit,2011-12-06,7602,101.4,97.0,102.7,361.02,6759,2440134.18,59.8805,13.436076,80.3244,1381.6456,2754.048,88.948,26.1196,115.1818,242.5909,1697.8636,8175133.0,0.298482505422236
TV Manufacturing & Supplier Unit,2011-12-07,6207,101.4,97.0,102.7,361.02,5841,2108717.82,61.2679,13.43674,77.7901,1413.0861,2785.095,57.238,36.1466,141.6818,237.7727,1549.3636,8175133.0,0.25794293744211866
TV Manufacturing & Supplier Unit,2011-12-08,5717,101.4,97.0,102.7,361.02,5456,1969725.12,71.0122,13.404974,84.7382,1402.9319,4393.286,28.846,62.6395,108.2273,248.8182,1114.8636,8175133.0,0.2409410489101523
TV Manufacturing & Supplier Unit,2011-12-09,5512,101.4,97.0,102.7,361.02,6453,2329662.06,60.1852,13.030952,83.9583,1380.0,3948.333,621.432,20.7815,108.3182,276.7273,1028.1364,8175133.0,0.2849693160955302
TV Manufacturing & Supplier Unit,2011-12-10,5264,101.4,97.0,102.7,361.02,6134,2214496.68,67.0833,13.468929,85.2188,1415.7115,5381.381,1040.787,51.0694,119.9545,276.2727,941.4545,8175133.0,0.27088203702618663
TV Manufacturing & Supplier Unit,2011-12-11,6327,101.4,97.0,102.7,361.02,6279,2266844.58,60.6469,13.100489,78.3562,1368.8356,4420.81,854.31,0.0,89.8636,226.3636,896.9545,8175133.0,0.27728534569407004
TV Manufacturing & Supplier Unit,2011-12-12,5820,101.4,97.0,102.7,361.02,6212,2242656.24,58.1144,13.07043,80.045,1371.6737,4524.381,587.16,0.0,99.0,220.6818,1072.0455,8175133.0,0.2743265754820136
TV Manufacturing & Supplier Unit,2011-12-13,6338,101.4,97.0,102.7,361.02,6245,2254569.9,57.3207,13.081103,83.5127,1380.6962,3647.762,522.584,0.0,108.6364,278.2273,928.5909,8175133.0,0.27578388021332495
TV Manufacturing & Supplier Unit,2011-12-14,5567,101.4,97.0,102.7,361.02,6280,2267205.6,60.7032,13.50425,77.856,1385.1266,3238.143,900.812,47.174,157.2727,258.3636,1084.3636,8175133.0,0.27732950644350374
TV Manufacturing & Supplier Unit,2011-12-15,6143,101.4,97.0,102.7,361.02,6240,2252764.8,59.1749,13.853677,75.5225,1437.6393,4245.857,818.376,0.0,104.3636,233.6818,807.0909,8175133.0,0.2755630764661566
TV Manufacturing & Supplier Unit,2011-12-16,5828,101.4,97.0,102.7,361.02,6482,2340131.64,65.1245,13.325,78.0981,1381.7672,3604.0,1100.992,46.782,109.6364,226.5909,889.8636,8175133.0,0.2862499778291069
TV Manufacturing & Supplier Unit,2011-12-17,6585,101.4,97.0,100.4,361.02,6542,2361792.84,60.6667,13.488857,76.725,1399.6615,4168.952,272.036,0.0,93.9545,222.7727,805.9091,8175133.0,0.2888996227951276
TV Manufacturing & Supplier Unit,2011-12-18,5988,101.4,97.0,100.4,361.02,5759,2079114.18,59.1026,13.206593,78.6058,1369.3491,3984.429,817.581,31.3919,81.9091,225.1818,816.2727,8175133.0,0.254321755988557
TV Manufacturing & Supplier Unit,2011-12-19,6113,101.4,97.0,100.4,361.02,6841,2469737.82,61.1351,12.775135,76.2872,1341.7297,3943.524,1288.844,31.1817,98.6818,224.5455,855.8636,8175133.0,0.3021036868757976
TV Manufacturing & Supplier Unit,2011-12-20,5763,101.4,97.0,100.4,361.02,6456,2330745.12,53.7865,12.940132,74.9424,1323.5526,5732.0,540.757,31.5487,111.0455,232.8636,791.3636,8175133.0,0.28510179834383126
TV Manufacturing & Supplier Unit,2011-12-21,6178,101.4,97.0,100.4,361.02,6453,2329662.06,71.5344,13.742857,90.9226,1448.9683,4794.048,1244.833,31.3605,93.0455,200.0,889.3636,8175133.0,0.2849693160955302
TV Manufacturing & Supplier Unit,2011-12-22,8716,101.4,97.0,100.4,361.02,7240,2613784.8,64.2846,13.314926,83.8178,1382.5472,4364.333,1758.402,0.0,133.5,244.9091,1398.6364,8175133.0,0.3197238258998355
TV Manufacturing & Supplier Unit,2011-12-23,8679,101.4,100.1,100.4,361.02,8266,2984191.32,65.7941,12.818661,84.1001,1347.2513,4294.238,1030.257,0.0,86.7727,258.7727,755.4545,8175133.0,0.3650327548187901
TV Manufacturing & Supplier Unit,2011-12-24,8752,101.4,100.1,100.4,361.02,9206,3323550.12,62.4,13.546531,82.5964,1416.1714,3653.238,1418.209,33.6281,121.1818,305.2727,1097.0455,8175133.0,0.4065438592864483
TV Manufacturing & Supplier Unit,2011-12-25,9179,101.4,100.1,100.4,361.02,9176,3312719.52,53.7727,12.961169,74.8977,1344.9545,3609.905,715.315,0.0,94.1364,235.6818,781.4545,8175133.0,0.40521903680343796
TV Manufacturing & Supplier Unit,2011-12-26,9358,101.4,100.1,100.4,361.02,9234,3333658.68,52.8214,13.362325,71.2132,1351.5686,4121.333,917.361,0.0,107.1364,281.2727,977.0,8175133.0,0.40778036027059134
TV Manufacturing & Supplier Unit,2011-12-27,9051,101.4,100.1,100.4,361.02,9446,3410194.92,57.7518,12.776208,78.5612,1324.1547,4237.095,1791.183,0.0,95.8636,234.8182,1045.8636,8175133.0,0.41714243915053123
TV Manufacturing & Supplier Unit,2011-12-28,9029,101.4,100.1,100.4,361.02,9346,3374092.92,51.1271,11.920452,72.7743,1257.518,5421.762,1438.156,0.0,98.8636,239.5455,1194.5909,8175133.0,0.41272636420716335
TV Manufacturing & Supplier Unit,2011-12-29,9027,101.4,100.1,100.4,361.02,9216,3327160.32,52.1501,12.719017,71.1201,1302.2078,3889.762,1296.546,66.0518,84.0455,229.9545,1077.9545,8175133.0,0.40698546678078507
TV Manufacturing & Supplier Unit,2011-12-30,9128,101.4,100.1,100.4,361.02,9505,3431495.1,51.7909,12.351222,75.2632,1311.1184,0.0,1606.041,31.3291,106.0455,229.2727,1248.6364,8175133.0,0.4197479233671183
TV Manufacturing & Supplier Unit,2011-12-31,9627,101.4,100.1,100.4,361.02,9661,3487814.22,48.2576,12.586364,67.7699,1285.6818,4385.238,733.219,31.442,163.0,220.1364,863.9091,8175133.0,0.42663700027877227
TV Manufacturing & Supplier Unit,2012-01-01,9245,101.4,100.1,100.4,361.6,9305,3364688.0,66.1017,13.261653,90.58,1389.4068,4190.619,559.335,98.8613,97.1364,231.2273,931.4545,8175133.0,0.41157593399397907
TV Manufacturing & Supplier Unit,2012-01-02,9072,101.4,100.1,100.4,361.6,9226,3336121.6,59.9742,13.437482,83.5535,1403.4278,4585.81,594.017,81.0844,227.4091,348.1818,5330.5909,8175133.0,0.4080816299869372
TV Manufacturing & Supplier Unit,2012-01-03,9809,101.4,100.1,100.4,361.6,9134,3302854.4000000004,55.2248,13.235382,74.939,1407.8372,4315.667,1528.002,60.6353,217.6364,246.2273,1589.4545,8175133.0,0.4040123139281037
TV Manufacturing & Supplier Unit,2012-01-04,9386,101.4,100.1,100.4,361.6,10279,3716886.4,41.9396,10.782832,72.2697,1124.5614,3302.667,1456.185,20.4679,906.7727,254.8182,1904.4545,8175133.0,0.4546576061820645
TV Manufacturing & Supplier Unit,2012-01-05,8578,101.4,100.1,100.4,361.6,7212,2607859.2,41.6303,10.945789,77.2762,1151.9869,4852.238,1309.68,5.8744,1169.4091,272.7273,2055.2727,8175133.0,0.3189989936555161
TV Manufacturing & Supplier Unit,2012-01-06,8057,101.4,100.1,100.4,361.6,7245,2619792.0,41.6467,10.320488,74.1467,1067.1557,4218.524,1074.439,118.4667,124.0,243.8182,1194.0455,8175133.0,0.32045863963314114
TV Manufacturing & Supplier Unit,2012-01-07,7493,101.4,100.1,100.4,361.6,6280,2270848.0,43.8592,10.441019,82.8277,1122.3786,3900.429,1201.36,33.12,84.6818,223.3182,859.0909,8175133.0,0.2777750527116807
TV Manufacturing & Supplier Unit,2012-01-08,7622,101.4,100.1,100.4,361.6,6240,2256384.0,48.425,11.099679,92.7469,1155.225,4992.524,1321.858,64.7,76.0,199.4545,920.6818,8175133.0,0.2760057848600139
TV Manufacturing & Supplier Unit,2012-01-09,7103,101.4,100.1,100.4,361.6,6482,2343891.2,41.2437,10.780856,74.2386,1114.6447,4108.857,1051.006,85.2464,87.1364,403.7727,1091.8182,8175133.0,0.2867098553625978
TV Manufacturing & Supplier Unit,2012-01-10,7092,101.4,100.1,100.4,361.6,6542,2365587.2,38.057,10.027128,75.1457,1070.1295,3149.857,935.436,7.3203,110.7727,268.5455,1095.4091,8175133.0,0.28936375714009793
TV Manufacturing & Supplier Unit,2012-01-11,7401,101.4,100.1,100.4,361.6,5759,2082454.4,38.1959,10.518225,79.5329,1105.0515,3783.0,1674.99,35.0395,96.7273,225.7727,861.1364,8175133.0,0.25473033894372116
TV Manufacturing & Supplier Unit,2012-01-12,7681,101.4,100.1,100.4,361.6,6841,2473705.6,40.6498,10.727556,81.7345,1115.9174,3883.095,1066.52,0.0,131.6818,210.3182,849.5455,8175133.0,0.3025890343313069
TV Manufacturing & Supplier Unit,2012-01-13,6714,101.4,100.1,100.4,361.6,6456,2334489.6,41.3988,10.489955,73.4515,1080.4018,3695.714,1119.701,70.3706,152.5,214.1818,950.0909,8175133.0,0.2855598312590144
TV Manufacturing & Supplier Unit,2012-01-14,7016,101.4,100.1,100.4,361.6,5453,1971804.8,48.3967,11.065644,83.9878,1155.6522,4390.143,1153.756,101.5147,95.1364,226.2273,852.8182,8175133.0,0.24119543987847047
TV Manufacturing & Supplier Unit,2012-01-15,6756,101.4,100.1,100.4,361.6,4484,1621414.4,42.5309,10.512018,77.8968,1084.3651,4997.381,1430.851,101.9914,106.3182,282.0,901.0,8175133.0,0.1983349261718433
TV Manufacturing & Supplier Unit,2012-01-16,6009,101.4,100.1,100.4,361.6,4266,1542585.6,44.4388,10.814541,81.4573,1140.6888,4414.286,996.813,33.7128,92.0455,246.8182,962.8182,8175133.0,0.18869241638025952
TV Manufacturing & Supplier Unit,2012-01-17,5740,101.4,100.1,100.4,361.6,4206,1520889.6,42.6279,11.224485,79.3605,1176.2093,3298.952,390.3756,0.0,891.5664,1540.4294,7307.3182,8175133.0,0.18603851460275939
TV Manufacturing & Supplier Unit,2012-01-18,5985,101.4,100.1,100.4,361.6,4176,1510041.6,49.221,10.995497,86.8139,1151.5217,2838.129,462.8413,17.6288,173.3708,394.712,1420.9545,8175133.0,0.18471156371400932
TV Manufacturing & Supplier Unit,2012-01-19,5935,101.4,100.1,100.4,361.6,5234,1892614.4,46.2566,11.370578,84.5387,1162.7381,2744.632,676.4964,27.254,165.5566,493.4066,1356.9091,8175133.0,0.23150869839059499
TV Manufacturing & Supplier Unit,2012-01-20,5998,101.4,100.1,100.4,361.6,4446,1607673.6,42.2917,11.085268,79.8047,1147.7163,4937.903,694.4416,54.2678,149.4013,543.3876,1224.5,8175133.0,0.19665412171275992
TV Manufacturing & Supplier Unit,2012-01-21,5874,101.4,100.1,100.4,361.6,4346,1571513.6,38.9348,10.688346,72.2086,1090.9399,2590.9,646.6664,61.0317,108.051,280.2315,885.5909,8175133.0,0.19223095208359303
TV Manufacturing & Supplier Unit,2012-01-22,5953,101.4,100.1,100.4,361.6,4216,1524505.6,44.3651,10.86308,79.3506,1129.2857,1628.172,606.9556,0.0,163.1774,580.3669,1337.4091,8175133.0,0.18648083156567608
TV Manufacturing & Supplier Unit,2012-01-23,6005,101.4,100.1,100.4,361.6,4505,1629008.0,38.7023,10.894057,79.2653,1151.4504,3563.992,715.7929,60.3637,115.3161,249.0141,945.1364,8175133.0,0.19926379179396836
TV Manufacturing & Supplier Unit,2012-01-24,6457,101.4,100.1,100.4,361.6,5661,2047017.6,46.6838,11.338144,81.9201,1179.433,0.0,323.3644,0.0,113.4305,240.695,929.6818,8175133.0,0.2503956327071376
TV Manufacturing & Supplier Unit,2012-01-25,5110,101.4,100.1,100.4,361.6,6305,2279888.0,41.5698,10.810839,78.3685,1107.2965,2360.512,78.5261,15.024,123.818,311.9083,1014.8182,8175133.0,0.2788808451189724
TV Manufacturing & Supplier Unit,2012-01-26,5374,101.4,100.1,100.4,361.6,5226,1889721.6,42.8271,11.439653,77.9089,1161.9393,2675.608,132.1241,15.1587,168.141,304.1815,1378.0909,8175133.0,0.23115484482026166
TV Manufacturing & Supplier Unit,2012-01-27,5071,101.4,100.1,100.4,361.6,5134,1856454.4,37.9167,11.885714,62.9688,1251.25,2705.771,85.0218,20.9779,178.9666,381.9316,1466.8182,8175133.0,0.2270855287614281
TV Manufacturing & Supplier Unit,2012-01-28,5031,101.4,100.1,100.4,361.6,5279,1908886.4,38.9348,10.688346,79.3506,1090.9399,4268.157,42.8481,36.3533,131.8041,378.6272,1080.2727,8175133.0,0.2334991247237201
TV Manufacturing & Supplier Unit,2012-01-29,5110,101.4,100.1,100.4,361.6,5212,1884659.2,41.5698,10.810839,78.3685,1107.2965,2360.512,78.5261,15.024,123.818,311.9083,1014.8182,8175133.0,0.23053560107217827
TV Manufacturing & Supplier Unit,2012-01-30,6374,101.4,100.1,100.4,361.6,5245,1896592.0,42.8271,11.439653,77.9089,1161.9393,2675.608,132.1241,15.1587,168.141,304.1815,1378.0909,8175133.0,0.23199524704980334
TV Manufacturing & Supplier Unit,2012-01-31,7071,101.4,100.1,100.4,361.6,6280,2270848.0,37.9167,11.885714,62.9688,1251.25,2705.771,85.0218,20.9779,178.9666,381.9316,1466.8182,8175133.0,0.2777750527116807
TV Manufacturing & Supplier Unit,2012-02-01,7031,101.4,103.0,100.4,361.6,6240,2256384.0,38.7023,10.688346,79.3506,1090.9399,4268.157,42.8481,36.3533,131.8041,378.6272,1080.2727,8175133.0,0.2760057848600139
TV Manufacturing & Supplier Unit,2012-02-02,7384,101.4,103.0,100.4,361.6,6482,2343891.2,77.4819,14.104193,112.337,1479.4565,722.571,95.333,11.8398,91.0,276.3636,756.5909,8175133.0,0.2867098553625978
TV Manufacturing & Supplier Unit,2012-02-03,7366,101.4,103.0,100.4,361.6,7542,2727187.2,73.4783,13.298758,105.7133,1369.8913,717.857,114.957,27.8039,111.9091,291.3182,860.1364,8175133.0,0.33359545343176683
TV Manufacturing & Supplier Unit,2012-02-04,7006,101.4,103.0,100.4,361.6,5759,2082454.4,80.6093,13.200691,108.7702,1428.0645,653.333,113.09,0.0,94.6364,282.7273,751.9545,8175133.0,0.25473033894372116
TV Manufacturing & Supplier Unit,2012-02-05,7076,101.3,103.0,100.4,361.6,6841,2473705.6,65.9319,12.721429,93.3065,1309.3548,622.095,72.442,0.0,98.5909,306.3182,749.4545,8175133.0,0.3025890343313069
TV Manufacturing & Supplier Unit,2012-02-06,7834,101.3,103.0,100.4,361.6,6456,2334489.6,77.4819,14.104193,112.337,1479.4565,722.571,95.333,11.8398,91.0,276.3636,756.5909,8175133.0,0.2855598312590144
TV Manufacturing & Supplier Unit,2012-02-07,7636,101.3,103.0,100.4,361.6,7453,2695004.8000000003,73.4783,13.298758,105.7133,1369.8913,717.857,114.957,27.8039,111.9091,291.3182,860.1364,8175133.0,0.3296588324618083
TV Manufacturing & Supplier Unit,2012-02-08,7166,101.3,103.0,100.4,361.6,8134,2941254.4000000004,80.6093,13.200691,108.7702,1428.0645,653.333,113.09,0.0,94.6364,282.7273,751.9545,8175133.0,0.3597806176364348
TV Manufacturing & Supplier Unit,2012-02-09,7186,101.3,103.0,100.4,361.6,8279,2993686.4000000004,65.9319,12.721429,93.3065,1309.3548,622.095,72.442,0.0,98.5909,306.3182,749.4545,8175133.0,0.36619421359872684
TV Manufacturing & Supplier Unit,2012-02-10,7405,101.3,103.0,100.4,361.6,8212,2969459.2,89.7283,13.792314,117.6359,1417.0109,624.238,87.649,0.0,105.0455,306.4545,754.2727,8175133.0,0.363230689947185
TV Manufacturing & Supplier Unit,2012-02-11,7561,101.3,103.0,100.4,361.6,9245,3342992.0,68.8095,12.581633,91.6071,1334.3407,611.714,38.235,0.0,108.0,305.9545,776.6364,8175133.0,0.40892203221647894
TV Manufacturing & Supplier Unit,2012-02-12,7205,101.3,103.0,100.4,361.6,9280,3355648.0,80.1434,13.419355,101.6935,1390.6452,627.238,92.486,6.9945,112.9545,304.8636,867.1818,8175133.0,0.4104701415866873
TV Manufacturing & Supplier Unit,2012-02-13,7006,101.3,103.0,100.4,361.6,9240,3341184.0,84.3369,13.476267,105.8871,1442.5806,613.143,206.96,69.9877,115.3636,298.5455,905.4091,8175133.0,0.40870087373502056
TV Manufacturing & Supplier Unit,2012-02-14,7034,101.3,103.0,100.4,361.6,9482,3428691.2,75.4189,13.207026,104.5594,1417.1311,615.857,83.632,49.589,171.5,309.6818,880.5909,8175133.0,0.4194049442376045
TV Manufacturing & Supplier Unit,2012-02-15,7319,101.3,103.0,100.4,361.6,9542,3450387.2,70.7921,12.964604,97.6207,1357.7228,688.667,118.126,46.3774,123.8182,273.7727,791.7727,8175133.0,0.4220588460151046
TV Manufacturing & Supplier Unit,2012-02-16,8082,101.3,103.0,100.4,361.6,9759,3528854.4000000004,68.9912,13.25047,102.4712,1378.4211,636.667,125.388,47.8766,111.2727,275.6818,867.7273,8175133.0,0.4316571241103968
TV Manufacturing & Supplier Unit,2012-02-17,9155,101.3,103.0,100.4,361.6,9841,3558505.6,69.6637,13.080365,102.3094,1393.8565,610.286,86.23,34.2365,117.6818,280.8182,840.1364,8175133.0,0.4352841232063136
TV Manufacturing & Supplier Unit,2012-02-18,9000,101.3,103.0,100.4,361.6,9456,3419289.6,66.0726,13.407284,95.4486,1428.7871,622.095,95.229,60.6667,100.9091,284.9545,796.5909,8175133.0,0.41825492013402105
TV Manufacturing & Supplier Unit,2012-02-19,9340,101.3,103.0,100.4,361.6,9453,3418204.8000000003,74.1848,13.345691,103.0639,1399.9728,602.0,158.382,18.7505,112.2727,281.6818,914.9091,8175133.0,0.41812222504514607
TV Manufacturing & Supplier Unit,2012-02-20,9402,101.3,103.0,100.4,361.6,9134,3302854.4000000004,63.5185,13.116667,97.2917,1400.1282,5072.619,48.039,19.0108,116.8182,265.9091,1379.4091,8175133.0,0.4040123139281037
TV Manufacturing & Supplier Unit,2012-02-21,9312,101.3,103.0,100.4,361.6,9279,3355286.4000000004,68.8107,13.319634,96.5201,1397.7889,5413.095,221.528,0.0,118.6364,279.1818,904.5,8175133.0,0.41042590989039573
TV Manufacturing & Supplier Unit,2012-02-22,5369,101.3,103.0,100.4,361.6,5212,1884659.2,73.7652,13.23974,97.5,1390.8409,5230.286,208.569,30.429,103.9545,276.2727,828.0455,8175133.0,0.23053560107217827
TV Manufacturing & Supplier Unit,2012-02-23,6231,101.3,103.0,100.4,361.6,5245,1896592.0,72.1859,13.440022,97.255,1411.5829,2421.429,136.737,31.5863,109.3182,283.2727,953.0455,8175133.0,0.23199524704980334
TV Manufacturing & Supplier Unit,2012-02-24,6796,101.3,103.0,100.4,361.6,6280,2270848.0,66.0888,13.228643,97.6225,1406.0804,2126.714,151.538,43.0027,119.2727,299.3636,945.0,8175133.0,0.2777750527116807
TV Manufacturing & Supplier Unit,2012-02-25,5783,101.3,103.0,100.4,361.6,6240,2256384.0,74.5333,12.9675,98.9625,1358.775,6354.571,5.659,43.1783,106.9545,286.7273,896.5,8175133.0,0.2760057848600139
TV Manufacturing & Supplier Unit,2012-02-26,6364,101.3,103.0,100.4,361.6,6482,2343891.2,82.3549,13.487846,108.8993,1441.5672,3272.952,173.248,11.7112,138.3182,317.8182,1253.8636,8175133.0,0.2867098553625978
TV Manufacturing & Supplier Unit,2012-02-27,5775,101.3,103.0,100.4,361.6,6542,2365587.2,73.0167,13.521857,100.9125,1417.05,2568.714,200.366,11.8272,120.9545,254.0909,912.6818,8175133.0,0.28936375714009793
TV Manufacturing & Supplier Unit,2012-02-28,6700,101.3,103.0,100.4,361.6,5759,2082454.4,80.2514,13.530168,101.449,1417.1229,4164.429,100.809,0.0,139.4545,273.4545,1060.3182,8175133.0,0.25473033894372116
TV Manufacturing & Supplier Unit,2012-02-29,6140,101.3,103.0,100.4,361.6,6841,2473705.6,74.2157,13.368908,102.5735,1438.0995,3379.333,32.421,50.8308,116.9091,254.0,913.5909,8175133.0,0.3025890343313069
TV Manufacturing & Supplier Unit,2012-03-01,6842,101.3,103.0,100.4,361.6,6456,2334489.6,81.9,13.955036,112.8563,1451.775,3155.143,52.031,144.9951,87.1364,241.4545,799.1818,8175133.0,0.2855598312590144
TV Manufacturing & Supplier Unit,2012-03-02,7645,101.3,103.0,100.4,361.6,5453,1971804.8,70.4439,13.584207,102.6445,1436.1558,252.905,172.967,95.636,79.3636,221.9545,853.5909,8175133.0,0.24119543987847047
TV Manufacturing & Supplier Unit,2012-03-03,6951,101.3,103.0,100.4,361.6,5134,1856454.4,70.8209,13.662473,99.8041,1446.791,2981.048,189.24,11.8084,93.0909,240.1364,881.7273,8175133.0,0.2270855287614281
TV Manufacturing & Supplier Unit,2012-03-04,7668,101.3,103.0,100.4,361.6,4279,1547286.4,76.9832,13.57063,103.6278,1462.2905,3706.667,206.839,3.8765,97.9545,244.3636,971.9091,8175133.0,0.1892674284320512
TV Manufacturing & Supplier Unit,2012-03-05,8565,101.3,103.0,100.4,361.6,5212,1884659.2,75.0382,13.75095,103.3142,1438.6927,2226.429,132.829,0.0,94.3182,230.0455,868.1818,8175133.0,0.23053560107217827
TV Manufacturing & Supplier Unit,2012-03-06,7733,101.3,103.0,100.4,361.6,6245,2258192.0,86.2007,13.771313,118.4677,1477.8226,4038.81,194.316,34.6945,77.8182,197.1818,821.3636,8175133.0,0.27622694334147224
TV Manufacturing & Supplier Unit,2012-03-07,7926,101.3,103.0,100.4,361.6,6280,2270848.0,71.3785,13.186582,98.639,1387.5,3323.762,140.09,35.5475,66.8636,191.1818,770.9091,8175133.0,0.2777750527116807
TV Manufacturing & Supplier Unit,2012-03-08,7236,101.3,103.0,100.4,361.6,6240,2256384.0,70.1412,13.363559,98.464,1424.4915,4422.667,149.738,15.863,66.9545,194.4545,697.6364,8175133.0,0.2760057848600139
TV Manufacturing & Supplier Unit,2012-03-09,8113,101.3,103.0,100.4,361.6,7482,2705491.2,70.0298,13.411224,104.3555,1417.0982,3892.381,99.954,15.817,98.1364,253.5455,928.5455,8175133.0,0.3309415516542667
TV Manufacturing & Supplier Unit,2012-03-10,6600,101.3,103.0,100.4,361.6,6542,2365587.2,70.7417,13.195929,98.9625,1400.175,1885.191,117.032,0.0,95.9091,254.0455,843.4091,8175133.0,0.28936375714009793
TV Manufacturing & Supplier Unit,2012-03-11,7400,101.3,103.0,100.4,361.6,6759,2444054.4000000004,75.7181,13.641109,98.5372,1401.3032,1953.81,121.125,35.811,89.0909,245.5,767.3182,8175133.0,0.2989620352353901
TV Manufacturing & Supplier Unit,2012-03-12,7335,101.3,103.0,100.4,361.6,6841,2473705.6,62.6861,12.822399,84.1292,1339.8058,1791.191,189.038,0.0,94.4091,247.6364,802.2273,8175133.0,0.3025890343313069
TV Manufacturing & Supplier Unit,2012-03-13,6638,101.3,103.0,100.4,361.6,6456,2334489.6,72.1521,13.686512,97.145,1434.9029,3074.667,196.773,0.0,92.0455,291.5909,785.5909,8175133.0,0.2855598312590144
TV Manufacturing & Supplier Unit,2012-03-14,7282,101.3,103.0,100.4,361.6,6453,2333404.8000000003,72.9083,13.361679,102.375,1442.025,3117.048,160.32,0.0,135.0455,249.3182,846.5,8175133.0,0.28542713617013943
TV Manufacturing & Supplier Unit,2012-03-15,6834,101.3,103.0,100.4,361.6,6134,2218054.4,71.8265,13.682436,98.0009,1460.4452,2023.524,147.936,40.3932,92.5,221.1818,790.3636,8175133.0,0.27131722505309697
TV Manufacturing & Supplier Unit,2012-03-16,7541,101.3,103.0,100.4,361.6,6279,2270486.4000000004,70.9562,13.756545,98.7625,1454.8207,3395.667,262.807,0.0,96.9091,252.4091,898.4545,8175133.0,0.27773082101538904
TV Manufacturing & Supplier Unit,2012-03-17,7830,101.3,103.0,100.4,361.6,6712,2427059.2,59.2809,13.217295,84.632,1392.1066,2921.333,311.592,30.3757,106.1818,254.9091,1144.5455,8175133.0,0.29688314550968165
TV Manufacturing & Supplier Unit,2012-03-18,8642,101.3,103.0,100.4,361.6,7245,2619792.0,64.7032,13.211155,92.6027,1397.2603,2825.095,455.428,46.9608,126.0455,269.3182,1115.2727,8175133.0,0.32045863963314114
TV Manufacturing & Supplier Unit,2012-03-19,9739,101.3,103.0,100.4,361.6,8280,2994048.0,68.4878,13.715226,90.128,1433.561,5082.667,467.509,93.5075,114.2273,324.5909,1271.5455,8175133.0,0.3662384452950184
TV Manufacturing & Supplier Unit,2012-03-20,8778,101.3,103.0,100.4,361.6,8240,2979584.0,63.4742,13.85664,89.0317,1441.4789,4011.714,402.614,0.0,118.0455,281.5455,971.7273,8175133.0,0.36446917744335167
TV Manufacturing & Supplier Unit,2012-03-21,8632,101.3,103.0,100.4,361.6,8482,3067091.2,61.0278,13.6175,90.3229,1411.8333,2666.857,435.346,105.1623,118.5909,261.4545,893.6818,8175133.0,0.3751732479459356
TV Manufacturing & Supplier Unit,2012-03-22,8114,101.3,103.0,100.4,361.6,7542,2727187.2,56.0507,12.873331,75.9069,1322.6087,1675.905,408.612,0.0,175.5455,275.6364,3826.6818,8175133.0,0.33359545343176683
TV Manufacturing & Supplier Unit,2012-03-23,6701,101.3,103.0,100.4,361.6,5759,2082454.4,62.4074,13.102381,85.1042,1365.0,3668.476,481.883,104.0112,167.9545,241.7273,2170.1818,8175133.0,0.25473033894372116
TV Manufacturing & Supplier Unit,2012-03-24,8936,101.3,103.0,100.4,361.6,6841,2473705.6,58.3943,12.994338,80.5564,1387.4085,0.0,217.694,0.0,95.0,216.7273,969.1818,8175133.0,0.3025890343313069
TV Manufacturing & Supplier Unit,2012-03-25,9393,101.3,103.0,100.4,361.6,6456,2334489.6,47.5541,12.722032,73.125,1333.3442,2429.714,52.865,25.8875,111.0909,234.9545,1835.1818,8175133.0,0.2855598312590144
TV Manufacturing & Supplier Unit,2012-03-26,9602,101.3,103.0,100.4,361.6,7453,2695004.8000000003,59.8805,13.436076,80.3244,1381.6456,2754.048,88.948,26.1196,115.1818,242.5909,1697.8636,8175133.0,0.3296588324618083
TV Manufacturing & Supplier Unit,2012-03-27,8207,101.3,103.0,100.4,361.6,8134,2941254.4000000004,61.2679,13.43674,77.7901,1413.0861,2785.095,57.238,36.1466,141.6818,237.7727,1549.3636,8175133.0,0.3597806176364348
TV Manufacturing & Supplier Unit,2012-03-28,8717,101.3,103.0,100.4,361.6,8279,2993686.4000000004,71.0122,13.404974,84.7382,1402.9319,4393.286,28.846,62.6395,108.2273,248.8182,1114.8636,8175133.0,0.36619421359872684
TV Manufacturing & Supplier Unit,2012-03-29,8512,101.3,103.0,100.4,361.6,8212,2969459.2,60.1852,13.030952,83.9583,1380.0,3948.333,621.432,20.7815,108.3182,276.7273,1028.1364,8175133.0,0.363230689947185
TV Manufacturing & Supplier Unit,2012-03-30,8264,101.3,103.0,100.4,361.6,8245,2981392.0,67.0833,13.468929,85.2188,1415.7115,5381.381,1040.787,51.0694,119.9545,276.2727,941.4545,8175133.0,0.36469033592481004
TV Manufacturing & Supplier Unit,2012-03-31,8327,101.3,103.0,100.4,361.6,8280,2994048.0,60.6469,13.100489,78.3562,1368.8356,4420.81,854.31,0.0,89.8636,226.3636,896.9545,8175133.0,0.3662384452950184
TV Manufacturing & Supplier Unit,2012-04-01,7820,101.3,103.0,100.4,361.6,8240,2979584.0,58.1144,13.07043,80.045,1371.6737,4524.381,587.16,0.0,99.0,220.6818,1072.0455,8175133.0,0.36446917744335167
TV Manufacturing & Supplier Unit,2012-04-02,7338,101.3,103.0,100.4,361.6,8482,3067091.2,57.3207,13.081103,83.5127,1380.6962,3647.762,522.584,0.0,108.6364,278.2273,928.5909,8175133.0,0.3751732479459356
TV Manufacturing & Supplier Unit,2012-04-03,7567,101.3,103.0,100.4,361.6,7542,2727187.2,60.7032,13.50425,77.856,1385.1266,3238.143,900.812,47.174,157.2727,258.3636,1084.3636,8175133.0,0.33359545343176683
TV Manufacturing & Supplier Unit,2012-04-04,7143,101.3,103.0,100.4,361.6,6759,2444054.4000000004,59.1749,13.853677,75.5225,1437.6393,4245.857,818.376,0.0,104.3636,233.6818,807.0909,8175133.0,0.2989620352353901
TV Manufacturing & Supplier Unit,2012-04-05,7828,101.3,103.0,100.4,361.6,7841,2835305.6,65.1245,13.325,78.0981,1381.7672,3604.0,1100.992,46.782,109.6364,226.5909,889.8636,8175133.0,0.3468207306229758
TV Manufacturing & Supplier Unit,2012-04-06,7585,101.3,103.0,100.4,361.6,7456,2696089.6,60.6667,13.488857,76.725,1399.6615,4168.952,272.036,0.0,93.9545,222.7727,805.9091,8175133.0,0.3297915275506833
TV Manufacturing & Supplier Unit,2012-04-07,7988,101.3,103.0,100.4,361.6,7453,2695004.8000000003,59.1026,13.206593,78.6058,1369.3491,3984.429,817.581,31.3919,81.9091,225.1818,816.2727,8175133.0,0.3296588324618083
TV Manufacturing & Supplier Unit,2012-04-08,8113,101.3,103.0,100.4,361.6,8134,2941254.4000000004,61.1351,12.775135,76.2872,1341.7297,3943.524,1288.844,31.1817,98.6818,224.5455,855.8636,8175133.0,0.3597806176364348
TV Manufacturing & Supplier Unit,2012-04-09,7763,101.3,103.0,100.4,361.6,8279,2993686.4000000004,53.7865,12.940132,74.9424,1323.5526,5732.0,540.757,31.5487,111.0455,232.8636,791.3636,8175133.0,0.36619421359872684
TV Manufacturing & Supplier Unit,2012-04-10,8178,101.3,103.0,100.4,361.6,8212,2969459.2,71.5344,13.742857,90.9226,1448.9683,4794.048,1244.833,31.3605,93.0455,200.0,889.3636,8175133.0,0.363230689947185
TV Manufacturing & Supplier Unit,2012-04-11,7716,101.3,103.0,100.4,361.6,8245,2981392.0,64.2846,13.314926,83.8178,1382.5472,4364.333,1758.402,0.0,133.5,244.9091,1398.6364,8175133.0,0.36469033592481004
TV Manufacturing & Supplier Unit,2012-04-12,7679,101.3,103.0,100.4,361.6,7280,2632448.0,65.7941,12.818661,84.1001,1347.2513,4294.238,1030.257,0.0,86.7727,258.7727,755.4545,8175133.0,0.3220067490033495
TV Manufacturing & Supplier Unit,2012-04-13,7752,101.3,103.0,100.4,361.6,7240,2617984.0,62.4,13.546531,82.5964,1416.1714,3653.238,1418.209,33.6281,121.1818,305.2727,1097.0455,8175133.0,0.32023748115168277
TV Manufacturing & Supplier Unit,2012-04-14,6179,101.3,103.0,100.4,361.6,6482,2343891.2,53.7727,12.961169,74.8977,1344.9545,3609.905,715.315,0.0,94.1364,235.6818,781.4545,8175133.0,0.2867098553625978
TV Manufacturing & Supplier Unit,2012-04-15,7358,101.3,103.0,100.4,361.6,7542,2727187.2,52.8214,13.362325,71.2132,1351.5686,4121.333,917.361,0.0,107.1364,281.2727,977.0,8175133.0,0.33359545343176683
TV Manufacturing & Supplier Unit,2012-04-16,7051,101.3,103.0,100.4,361.6,5759,2082454.4,57.7518,12.776208,78.5612,1324.1547,4237.095,1791.183,0.0,95.8636,234.8182,1045.8636,8175133.0,0.25473033894372116
TV Manufacturing & Supplier Unit,2012-04-17,7027,101.3,103.0,100.4,361.6,6841,2473705.6,51.1271,11.920452,72.7743,1257.518,5421.762,1438.156,0.0,98.8636,239.5455,1194.5909,8175133.0,0.3025890343313069
TV Manufacturing & Supplier Unit,2012-04-18,7027,101.3,103.0,100.4,361.6,6456,2334489.6,52.1501,12.719017,71.1201,1302.2078,3889.762,1296.546,66.0518,84.0455,229.9545,1077.9545,8175133.0,0.2855598312590144
TV Manufacturing & Supplier Unit,2012-04-19,7128,101.3,103.0,100.4,361.6,5453,1971804.8,51.7909,12.351222,75.2632,1311.1184,0.0,1606.041,31.3291,106.0455,229.2727,1248.6364,8175133.0,0.24119543987847047
TV Manufacturing & Supplier Unit,2012-04-20,7627,101.3,105.3,100.4,361.6,4240,1533184.0,48.2576,12.586364,67.7699,1285.6818,4385.238,733.219,31.442,163.0,220.1364,863.9091,8175133.0,0.1875423922766761
TV Manufacturing & Supplier Unit,2012-04-21,7245,101.3,105.3,100.4,361.6,4266,1542585.6,66.1017,13.261653,90.58,1389.4068,4190.619,559.335,98.8613,97.1364,231.2273,931.4545,8175133.0,0.18869241638025952
TV Manufacturing & Supplier Unit,2012-04-22,5072,101.3,105.3,100.4,361.6,4206,1520889.6,59.9742,13.437482,83.5535,1403.4278,4585.81,594.017,81.0844,227.4091,348.1818,5330.5909,8175133.0,0.18603851460275939
TV Manufacturing & Supplier Unit,2012-04-23,5809,101.3,105.3,100.4,361.6,4176,1510041.6,55.2248,13.235382,74.939,1407.8372,4315.667,1528.002,60.6353,217.6364,246.2273,1589.4545,8175133.0,0.18471156371400932
TV Manufacturing & Supplier Unit,2012-04-24,5386,101.3,105.3,100.4,361.6,5234,1892614.4,41.9396,10.782832,72.2697,1124.5614,3302.667,1456.185,20.4679,906.7727,254.8182,1904.4545,8175133.0,0.23150869839059499
TV Manufacturing & Supplier Unit,2012-04-25,5578,101.3,105.3,100.4,361.6,4446,1607673.6,41.6303,10.945789,77.2762,1151.9869,4852.238,1309.68,5.8744,1169.4091,272.7273,2055.2727,8175133.0,0.19665412171275992
TV Manufacturing & Supplier Unit,2012-04-26,5057,101.3,105.3,100.4,361.6,4346,1571513.6,41.6467,10.320488,74.1467,1067.1557,4218.524,1074.439,118.4667,124.0,243.8182,1194.0455,8175133.0,0.19223095208359303
TV Manufacturing & Supplier Unit,2012-04-27,5493,101.3,105.3,100.4,361.6,4216,1524505.6,43.8592,10.441019,82.8277,1122.3786,3900.429,1201.36,33.12,84.6818,223.3182,859.0909,8175133.0,0.18648083156567608
TV Manufacturing & Supplier Unit,2012-04-28,4622,101.3,105.3,100.4,361.6,4505,1629008.0,48.425,11.099679,92.7469,1155.225,4992.524,1321.858,64.7,76.0,199.4545,920.6818,8175133.0,0.19926379179396836
TV Manufacturing & Supplier Unit,2012-04-29,5103,101.3,105.3,100.4,361.6,5661,2047017.6,41.2437,10.780856,74.2386,1114.6447,4108.857,1051.006,85.2464,87.1364,403.7727,1091.8182,8175133.0,0.2503956327071376
TV Manufacturing & Supplier Unit,2012-04-30,5092,101.3,105.3,100.4,361.6,6305,2279888.0,38.057,10.027128,75.1457,1070.1295,3149.857,935.436,7.3203,110.7727,268.5455,1095.4091,8175133.0,0.2788808451189724
TV Manufacturing & Supplier Unit,2012-05-01,5401,101.3,105.3,100.4,361.6,5226,1889721.6,38.1959,10.518225,79.5329,1105.0515,3783.0,1674.99,35.0395,96.7273,225.7727,861.1364,8175133.0,0.23115484482026166
TV Manufacturing & Supplier Unit,2012-05-02,5681,101.3,105.3,100.4,361.6,5134,1856454.4,40.6498,10.727556,81.7345,1115.9174,3883.095,1066.52,0.0,131.6818,210.3182,849.5455,8175133.0,0.2270855287614281
TV Manufacturing & Supplier Unit,2012-05-03,5714,101.3,105.3,100.4,361.6,4279,1547286.4,41.3988,10.489955,73.4515,1080.4018,3695.714,1119.701,70.3706,152.5,214.1818,950.0909,8175133.0,0.1892674284320512
TV Manufacturing & Supplier Unit,2012-05-04,5816,101.3,105.3,100.4,361.6,5212,1884659.2,48.3967,11.065644,83.9878,1155.6522,4390.143,1153.756,101.5147,95.1364,226.2273,852.8182,8175133.0,0.23053560107217827
TV Manufacturing & Supplier Unit,2012-05-05,5756,101.3,105.3,100.4,361.6,5245,1896592.0,42.5309,10.512018,77.8968,1084.3651,4997.381,1430.851,101.9914,106.3182,282.0,901.0,8175133.0,0.23199524704980334
TV Manufacturing & Supplier Unit,2012-05-06,6009,101.3,105.3,100.4,361.6,6280,2270848.0,44.4388,10.814541,81.4573,1140.6888,4414.286,996.813,33.7128,92.0455,246.8182,962.8182,8175133.0,0.2777750527116807
TV Manufacturing & Supplier Unit,2012-05-07,5740,101.3,105.3,100.4,361.6,6240,2256384.0,42.6279,11.224485,79.3605,1176.2093,3298.952,390.3756,0.0,891.5664,1540.4294,7307.3182,8175133.0,0.2760057848600139
TV Manufacturing & Supplier Unit,2012-05-08,5985,101.3,105.3,100.4,361.6,6482,2343891.2,49.221,10.995497,86.8139,1151.5217,2838.129,462.8413,17.6288,173.3708,394.712,1420.9545,8175133.0,0.2867098553625978
TV Manufacturing & Supplier Unit,2012-05-09,5935,101.3,105.3,99.5,361.6,7542,2727187.2,46.2566,11.370578,84.5387,1162.7381,2744.632,676.4964,27.254,165.5566,493.4066,1356.9091,8175133.0,0.33359545343176683
TV Manufacturing & Supplier Unit,2012-05-10,5698,101.3,105.3,99.5,361.6,5759,2082454.4,42.2917,11.085268,79.8047,1147.7163,4937.903,694.4416,54.2678,149.4013,543.3876,1224.5,8175133.0,0.25473033894372116
TV Manufacturing & Supplier Unit,2012-05-11,5874,101.3,105.3,99.5,361.6,6841,2473705.6,38.9348,10.688346,72.2086,1090.9399,2590.9,646.6664,61.0317,108.051,280.2315,885.5909,8175133.0,0.3025890343313069
TV Manufacturing & Supplier Unit,2012-05-12,5953,101.3,105.3,99.5,361.6,6456,2334489.6,44.3651,10.86308,79.3506,1129.2857,1628.172,606.9556,0.0,163.1774,580.3669,1337.4091,8175133.0,0.2855598312590144
TV Manufacturing & Supplier Unit,2012-05-13,5005,101.3,105.3,99.5,361.6,5453,1971804.8,38.7023,10.894057,79.2653,1151.4504,3563.992,715.7929,60.3637,115.3161,249.0141,945.1364,8175133.0,0.24119543987847047
TV Manufacturing & Supplier Unit,2012-05-14,5457,101.3,105.3,99.5,361.6,4484,1621414.4,46.6838,11.338144,81.9201,1179.433,0.0,323.3644,0.0,113.4305,240.695,929.6818,8175133.0,0.1983349261718433
TV Manufacturing & Supplier Unit,2012-05-15,5110,101.3,105.3,99.5,361.6,4266,1542585.6,41.5698,10.810839,78.3685,1107.2965,2360.512,78.5261,15.024,123.818,311.9083,1014.8182,8175133.0,0.18869241638025952
TV Manufacturing & Supplier Unit,2012-05-16,5374,101.3,105.3,99.5,361.6,4206,1520889.6,42.8271,11.439653,77.9089,1161.9393,2675.608,132.1241,15.1587,168.141,304.1815,1378.0909,8175133.0,0.18603851460275939
TV Manufacturing & Supplier Unit,2012-05-17,5071,101.3,105.3,99.5,361.6,4176,1510041.6,37.9167,11.885714,62.9688,1251.25,2705.771,85.0218,20.9779,178.9666,381.9316,1466.8182,8175133.0,0.18471156371400932
TV Manufacturing & Supplier Unit,2012-05-18,5031,101.3,105.3,99.5,361.6,5234,1892614.4,38.9348,10.688346,79.3506,1090.9399,4268.157,42.8481,36.3533,131.8041,378.6272,1080.2727,8175133.0,0.23150869839059499
TV Manufacturing & Supplier Unit,2012-05-19,4910,101.3,105.3,99.5,361.6,4446,1607673.6,41.5698,10.810839,78.3685,1107.2965,2360.512,78.5261,15.024,123.818,311.9083,1014.8182,8175133.0,0.19665412171275992
TV Manufacturing & Supplier Unit,2012-05-20,5374,101.3,105.3,99.5,361.6,4346,1571513.6,42.8271,11.439653,77.9089,1161.9393,2675.608,132.1241,15.1587,168.141,304.1815,1378.0909,8175133.0,0.19223095208359303
TV Manufacturing & Supplier Unit,2012-05-21,5171,101.3,105.3,99.5,361.6,4216,1524505.6,37.9167,11.885714,62.9688,1251.25,2705.771,85.0218,20.9779,178.9666,381.9316,1466.8182,8175133.0,0.18648083156567608
TV Manufacturing & Supplier Unit,2012-05-22,4931,101.3,105.3,99.5,361.6,4505,1629008.0,38.7023,10.688346,79.3506,1090.9399,4268.157,42.8481,36.3533,131.8041,378.6272,1080.2727,8175133.0,0.19926379179396836
TV Manufacturing & Supplier Unit,2012-05-23,4384,101.3,105.3,99.5,361.6,5661,2047017.6,77.4819,14.104193,112.337,1479.4565,722.571,95.333,11.8398,91.0,276.3636,756.5909,8175133.0,0.2503956327071376
TV Manufacturing & Supplier Unit,2012-05-24,4366,101.3,105.3,99.5,361.6,5305,1918288.0,73.4783,13.298758,105.7133,1369.8913,717.857,114.957,27.8039,111.9091,291.3182,860.1364,8175133.0,0.23464914882730348
TV Manufacturing & Supplier Unit,2012-05-25,4006,101.3,105.3,99.5,361.6,5226,1889721.6,80.6093,13.200691,108.7702,1428.0645,653.333,113.09,0.0,94.6364,282.7273,751.9545,8175133.0,0.23115484482026166
TV Manufacturing & Supplier Unit,2012-05-26,4076,101.3,105.3,99.5,361.6,5134,1856454.4,65.9319,12.721429,93.3065,1309.3548,622.095,72.442,0.0,98.5909,306.3182,749.4545,8175133.0,0.2270855287614281
TV Manufacturing & Supplier Unit,2012-05-27,4834,101.3,105.3,99.5,361.6,4279,1547286.4,77.4819,14.104193,112.337,1479.4565,722.571,95.333,11.8398,91.0,276.3636,756.5909,8175133.0,0.1892674284320512
TV Manufacturing & Supplier Unit,2012-05-28,4636,101.3,105.3,99.5,361.6,5212,1884659.2,73.4783,13.298758,105.7133,1369.8913,717.857,114.957,27.8039,111.9091,291.3182,860.1364,8175133.0,0.23053560107217827
TV Manufacturing & Supplier Unit,2012-05-29,4166,101.3,105.3,99.5,361.6,5245,1896592.0,80.6093,13.200691,108.7702,1428.0645,653.333,113.09,0.0,94.6364,282.7273,751.9545,8175133.0,0.23199524704980334
TV Manufacturing & Supplier Unit,2012-05-30,4186,101.3,105.3,99.5,361.6,6280,2270848.0,65.9319,12.721429,93.3065,1309.3548,622.095,72.442,0.0,98.5909,306.3182,749.4545,8175133.0,0.2777750527116807
TV Manufacturing & Supplier Unit,2012-05-31,4405,101.3,105.3,99.5,361.6,6240,2256384.0,89.7283,13.792314,117.6359,1417.0109,624.238,87.649,0.0,105.0455,306.4545,754.2727,8175133.0,0.2760057848600139
TV Manufacturing & Supplier Unit,2012-06-01,5561,101.3,105.3,99.5,361.6,6482,2343891.2,68.8095,12.581633,91.6071,1334.3407,611.714,38.235,0.0,108.0,305.9545,776.6364,8175133.0,0.2867098553625978
TV Manufacturing & Supplier Unit,2012-06-02,6205,101.3,105.3,99.5,361.6,7542,2727187.2,80.1434,13.419355,101.6935,1390.6452,627.238,92.486,6.9945,112.9545,304.8636,867.1818,8175133.0,0.33359545343176683
TV Manufacturing & Supplier Unit,2012-06-03,5006,101.3,105.3,99.5,361.6,5759,2082454.4,84.3369,13.476267,105.8871,1442.5806,613.143,206.96,69.9877,115.3636,298.5455,905.4091,8175133.0,0.25473033894372116
TV Manufacturing & Supplier Unit,2012-06-04,5034,101.3,105.3,99.5,361.6,6841,2473705.6,75.4189,13.207026,104.5594,1417.1311,615.857,83.632,49.589,171.5,309.6818,880.5909,8175133.0,0.3025890343313069
TV Manufacturing & Supplier Unit,2012-06-05,4319,101.3,105.3,99.5,361.6,6456,2334489.6,70.7921,12.964604,97.6207,1357.7228,688.667,118.126,46.3774,123.8182,273.7727,791.7727,8175133.0,0.2855598312590144
TV Manufacturing & Supplier Unit,2012-06-06,5082,101.3,105.3,99.5,361.6,5453,1971804.8,68.9912,13.25047,102.4712,1378.4211,636.667,125.388,47.8766,111.2727,275.6818,867.7273,8175133.0,0.24119543987847047
TV Manufacturing & Supplier Unit,2012-06-07,5155,101.3,105.3,99.5,361.6,5134,1856454.4,69.6637,13.080365,102.3094,1393.8565,610.286,86.23,34.2365,117.6818,280.8182,840.1364,8175133.0,0.2270855287614281
TV Manufacturing & Supplier Unit,2012-06-08,6000,101.3,105.3,99.5,361.6,4279,1547286.4,66.0726,13.407284,95.4486,1428.7871,622.095,95.229,60.6667,100.9091,284.9545,796.5909,8175133.0,0.1892674284320512
TV Manufacturing & Supplier Unit,2012-06-09,6340,101.3,105.3,99.5,361.6,5212,1884659.2,74.1848,13.345691,103.0639,1399.9728,602.0,158.382,18.7505,112.2727,281.6818,914.9091,8175133.0,0.23053560107217827
TV Manufacturing & Supplier Unit,2012-06-10,6402,101.3,105.3,99.5,361.6,5245,1896592.0,63.5185,13.116667,97.2917,1400.1282,5072.619,48.039,19.0108,116.8182,265.9091,1379.4091,8175133.0,0.23199524704980334
TV Manufacturing & Supplier Unit,2012-06-11,7312,101.3,105.3,99.5,361.6,6280,2270848.0,68.8107,13.319634,96.5201,1397.7889,5413.095,221.528,0.0,118.6364,279.1818,904.5,8175133.0,0.2777750527116807
TV Manufacturing & Supplier Unit,2012-06-12,5369,101.3,105.3,99.5,361.6,6240,2256384.0,73.7652,13.23974,97.5,1390.8409,5230.286,208.569,30.429,103.9545,276.2727,828.0455,8175133.0,0.2760057848600139
TV Manufacturing & Supplier Unit,2012-06-13,6231,101.3,105.3,99.5,361.6,6482,2343891.2,72.1859,13.440022,97.255,1411.5829,2421.429,136.737,31.5863,109.3182,283.2727,953.0455,8175133.0,0.2867098553625978
TV Manufacturing & Supplier Unit,2012-06-14,6796,101.3,105.3,99.5,361.6,7542,2727187.2,66.0888,13.228643,97.6225,1406.0804,2126.714,151.538,43.0027,119.2727,299.3636,945.0,8175133.0,0.33359545343176683
TV Manufacturing & Supplier Unit,2012-06-15,5783,101.3,105.3,99.5,361.6,5759,2082454.4,74.5333,12.9675,98.9625,1358.775,6354.571,5.659,43.1783,106.9545,286.7273,896.5,8175133.0,0.25473033894372116
TV Manufacturing & Supplier Unit,2012-06-16,6364,101.3,105.3,99.5,361.6,6841,2473705.6,82.3549,13.487846,108.8993,1441.5672,3272.952,173.248,11.7112,138.3182,317.8182,1253.8636,8175133.0,0.3025890343313069
TV Manufacturing & Supplier Unit,2012-06-17,5775,101.3,105.3,99.5,361.6,6456,2334489.6,73.0167,13.521857,100.9125,1417.05,2568.714,200.366,11.8272,120.9545,254.0909,912.6818,8175133.0,0.2855598312590144
TV Manufacturing & Supplier Unit,2012-06-18,6700,101.3,105.3,99.5,361.6,5453,1971804.8,80.2514,13.530168,101.449,1417.1229,4164.429,100.809,0.0,139.4545,273.4545,1060.3182,8175133.0,0.24119543987847047
TV Manufacturing & Supplier Unit,2012-06-19,6140,101.3,105.3,99.5,361.6,5134,1856454.4,74.2157,13.368908,102.5735,1438.0995,3379.333,32.421,50.8308,116.9091,254.0,913.5909,8175133.0,0.2270855287614281
TV Manufacturing & Supplier Unit,2012-06-20,6842,101.3,105.3,99.5,361.6,4279,1547286.4,81.9,13.955036,112.8563,1451.775,3155.143,52.031,144.9951,87.1364,241.4545,799.1818,8175133.0,0.1892674284320512
TV Manufacturing & Supplier Unit,2012-06-21,7645,101.3,105.3,99.5,361.6,5212,1884659.2,70.4439,13.584207,102.6445,1436.1558,252.905,172.967,95.636,79.3636,221.9545,853.5909,8175133.0,0.23053560107217827
TV Manufacturing & Supplier Unit,2012-06-22,6951,101.3,105.3,99.5,361.6,5245,1896592.0,70.8209,13.662473,99.8041,1446.791,2981.048,189.24,11.8084,93.0909,240.1364,881.7273,8175133.0,0.23199524704980334
TV Manufacturing & Supplier Unit,2012-06-23,7668,101.3,105.3,99.5,361.6,6280,2270848.0,76.9832,13.57063,103.6278,1462.2905,3706.667,206.839,3.8765,97.9545,244.3636,971.9091,8175133.0,0.2777750527116807
TV Manufacturing & Supplier Unit,2012-06-24,8565,101.3,105.3,99.5,361.6,6240,2256384.0,75.0382,13.75095,103.3142,1438.6927,2226.429,132.829,0.0,94.3182,230.0455,868.1818,8175133.0,0.2760057848600139
TV Manufacturing & Supplier Unit,2012-06-25,7733,101.3,104.2,99.5,361.6,6482,2343891.2,86.2007,13.771313,118.4677,1477.8226,4038.81,194.316,34.6945,77.8182,197.1818,821.3636,8175133.0,0.2867098553625978
TV Manufacturing & Supplier Unit,2012-06-26,7926,101.3,104.2,99.5,361.6,6542,2365587.2,71.3785,13.186582,98.639,1387.5,3323.762,140.09,35.5475,66.8636,191.1818,770.9091,8175133.0,0.28936375714009793
TV Manufacturing & Supplier Unit,2012-06-27,7236,101.3,104.2,99.5,361.6,5759,2082454.4,70.1412,13.363559,98.464,1424.4915,4422.667,149.738,15.863,66.9545,194.4545,697.6364,8175133.0,0.25473033894372116
TV Manufacturing & Supplier Unit,2012-06-28,7113,101.3,104.2,99.5,361.6,6841,2473705.6,70.0298,13.411224,104.3555,1417.0982,3892.381,99.954,15.817,98.1364,253.5455,928.5455,8175133.0,0.3025890343313069
TV Manufacturing & Supplier Unit,2012-06-29,6600,101.3,104.2,99.5,361.6,6456,2334489.6,70.7417,13.195929,98.9625,1400.175,1885.191,117.032,0.0,95.9091,254.0455,843.4091,8175133.0,0.2855598312590144
TV Manufacturing & Supplier Unit,2012-06-30,6400,101.3,104.2,99.5,361.6,5453,1971804.8,75.7181,13.641109,98.5372,1401.3032,1953.81,121.125,35.811,89.0909,245.5,767.3182,8175133.0,0.24119543987847047
TV Manufacturing & Supplier Unit,2012-07-01,7335,101.3,104.2,99.5,361.6,5134,1856454.4,62.6861,12.822399,84.1292,1339.8058,1791.191,189.038,0.0,94.4091,247.6364,802.2273,8175133.0,0.2270855287614281
TV Manufacturing & Supplier Unit,2012-07-02,6638,101.3,104.2,99.5,361.6,4279,1547286.4,72.1521,13.686512,97.145,1434.9029,3074.667,196.773,0.0,92.0455,291.5909,785.5909,8175133.0,0.1892674284320512
TV Manufacturing & Supplier Unit,2012-07-03,7282,101.3,104.2,99.5,361.6,5212,1884659.2,72.9083,13.361679,102.375,1442.025,3117.048,160.32,0.0,135.0455,249.3182,846.5,8175133.0,0.23053560107217827
TV Manufacturing & Supplier Unit,2012-07-04,6834,101.3,104.2,99.5,361.6,6245,2258192.0,71.8265,13.682436,98.0009,1460.4452,2023.524,147.936,40.3932,92.5,221.1818,790.3636,8175133.0,0.27622694334147224
TV Manufacturing & Supplier Unit,2012-07-05,7541,101.3,104.2,99.5,361.6,6281,2271209.6,70.9562,13.756545,98.7625,1454.8207,3395.667,262.807,0.0,96.9091,252.4091,898.4545,8175133.0,0.2778192844079723
TV Manufacturing & Supplier Unit,2012-07-06,7830,101.3,104.2,99.5,361.6,6640,2401024.0,59.2809,13.217295,84.632,1392.1066,2921.333,311.592,30.3757,106.1818,254.9091,1144.5455,8175133.0,0.29369846337668143
TV Manufacturing & Supplier Unit,2012-07-07,7642,101.3,104.2,99.5,361.6,6982,2524691.2,64.7032,13.211155,92.6027,1397.2603,2825.095,455.428,46.9608,126.0455,269.3182,1115.2727,8175133.0,0.30882570350843225
TV Manufacturing & Supplier Unit,2012-07-08,7739,101.3,104.2,99.5,361.6,7754,2803846.4000000004,68.4878,13.715226,90.128,1433.561,5082.667,467.509,93.5075,114.2273,324.5909,1271.5455,8175133.0,0.34297257304560064
TV Manufacturing & Supplier Unit,2012-07-09,6678,101.3,104.2,99.5,361.6,6759,2444054.4000000004,63.4742,13.85664,89.0317,1441.4789,4011.714,402.614,0.0,118.0455,281.5455,971.7273,8175133.0,0.2989620352353901
TV Manufacturing & Supplier Unit,2012-07-10,6632,101.3,104.2,99.5,361.6,6842,2474067.2,61.0278,13.6175,90.3229,1411.8333,2666.857,435.346,105.1623,118.5909,261.4545,893.6818,8175133.0,0.3026332660275986
TV Manufacturing & Supplier Unit,2012-07-11,6814,101.3,104.2,99.5,361.6,6456,2334489.6,56.0507,12.873331,75.9069,1322.6087,1675.905,408.612,0.0,175.5455,275.6364,3826.6818,8175133.0,0.2855598312590144
TV Manufacturing & Supplier Unit,2012-07-12,6701,101.3,104.2,99.5,361.6,5453,1971804.8,62.4074,13.102381,85.1042,1365.0,3668.476,481.883,104.0112,167.9545,241.7273,2170.1818,8175133.0,0.24119543987847047
TV Manufacturing & Supplier Unit,2012-07-13,6936,101.3,104.2,99.5,361.6,5134,1856454.4,58.3943,12.994338,80.5564,1387.4085,0.0,217.694,0.0,95.0,216.7273,969.1818,8175133.0,0.2270855287614281
TV Manufacturing & Supplier Unit,2012-07-14,9393,101.3,104.2,99.5,361.6,5279,1908886.4,47.5541,12.722032,73.125,1333.3442,2429.714,52.865,25.8875,111.0909,234.9545,1835.1818,8175133.0,0.2334991247237201
TV Manufacturing & Supplier Unit,2012-07-15,9602,101.3,104.2,99.5,361.6,5212,1884659.2,59.8805,13.436076,80.3244,1381.6456,2754.048,88.948,26.1196,115.1818,242.5909,1697.8636,8175133.0,0.23053560107217827
TV Manufacturing & Supplier Unit,2012-07-16,5207,101.3,104.2,99.5,361.6,5245,1896592.0,61.2679,13.43674,77.7901,1413.0861,2785.095,57.238,36.1466,141.6818,237.7727,1549.3636,8175133.0,0.23199524704980334
TV Manufacturing & Supplier Unit,2012-07-17,5717,101.3,104.2,99.5,361.6,5280,1909248.0,71.0122,13.404974,84.7382,1402.9319,4393.286,28.846,62.6395,108.2273,248.8182,1114.8636,8175133.0,0.23354335642001176
TV Manufacturing & Supplier Unit,2012-07-18,5512,101.3,104.2,99.5,361.6,5240,1894784.0,60.1852,13.030952,83.9583,1380.0,3948.333,621.432,20.7815,108.3182,276.7273,1028.1364,8175133.0,0.231774088568345
TV Manufacturing & Supplier Unit,2012-07-19,5264,101.3,104.2,99.5,361.6,5482,1982291.2,67.0833,13.468929,85.2188,1415.7115,5381.381,1040.787,51.0694,119.9545,276.2727,941.4545,8175133.0,0.24247815907092887
TV Manufacturing & Supplier Unit,2012-07-20,5327,101.3,104.2,99.5,361.6,5542,2003987.2,60.6469,13.100489,78.3562,1368.8356,4420.81,854.31,0.0,89.8636,226.3636,896.9545,8175133.0,0.245132060848429
TV Manufacturing & Supplier Unit,2012-07-21,5820,101.3,104.2,99.5,361.6,5759,2082454.4,58.1144,13.07043,80.045,1371.6737,4524.381,587.16,0.0,99.0,220.6818,1072.0455,8175133.0,0.25473033894372116
TV Manufacturing & Supplier Unit,2012-07-22,4338,101.3,104.2,99.5,361.6,3841,1388905.6,57.3207,13.081103,83.5127,1380.6962,3647.762,522.584,0.0,108.6364,278.2273,928.5909,8175133.0,0.16989394545630024
TV Manufacturing & Supplier Unit,2012-07-23,5567,101.3,104.2,99.5,361.6,5456,1972889.6,60.7032,13.50425,77.856,1385.1266,3238.143,900.812,47.174,157.2727,258.3636,1084.3636,8175133.0,0.2413281349673455
TV Manufacturing & Supplier Unit,2012-07-24,5143,101.3,104.2,99.5,361.6,5453,1971804.8,59.1749,13.853677,75.5225,1437.6393,4245.857,818.376,0.0,104.3636,233.6818,807.0909,8175133.0,0.24119543987847047
TV Manufacturing & Supplier Unit,2012-07-25,5828,101.3,104.2,99.5,361.6,5134,1856454.4,65.1245,13.325,78.0981,1381.7672,3604.0,1100.992,46.782,109.6364,226.5909,889.8636,8175133.0,0.2270855287614281
TV Manufacturing & Supplier Unit,2012-07-26,5585,101.3,104.2,99.5,361.6,4279,1547286.4,60.6667,13.488857,76.725,1399.6615,4168.952,272.036,0.0,93.9545,222.7727,805.9091,8175133.0,0.1892674284320512
TV Manufacturing & Supplier Unit,2012-07-27,5988,101.3,104.2,99.5,361.6,5212,1884659.2,59.1026,13.206593,78.6058,1369.3491,3984.429,817.581,31.3919,81.9091,225.1818,816.2727,8175133.0,0.23053560107217827
TV Manufacturing & Supplier Unit,2012-07-28,5113,101.3,104.2,99.5,361.6,5245,1896592.0,61.1351,12.775135,76.2872,1341.7297,3943.524,1288.844,31.1817,98.6818,224.5455,855.8636,8175133.0,0.23199524704980334
TV Manufacturing & Supplier Unit,2012-07-29,5763,101.3,104.2,99.5,361.6,5280,1909248.0,53.7865,12.940132,74.9424,1323.5526,5732.0,540.757,31.5487,111.0455,232.8636,791.3636,8175133.0,0.23354335642001176
TV Manufacturing & Supplier Unit,2012-07-30,5178,101.3,104.2,99.5,361.6,5240,1894784.0,71.5344,13.742857,90.9226,1448.9683,4794.048,1244.833,31.3605,93.0455,200.0,889.3636,8175133.0,0.231774088568345
TV Manufacturing & Supplier Unit,2012-07-31,5716,101.3,104.2,99.5,361.6,5482,1982291.2,64.2846,13.314926,83.8178,1382.5472,4364.333,1758.402,0.0,133.5,244.9091,1398.6364,8175133.0,0.24247815907092887
TV Manufacturing & Supplier Unit,2012-08-01,5679,101.3,104.2,99.5,361.6,5542,2003987.2,65.7941,12.818661,84.1001,1347.2513,4294.238,1030.257,0.0,86.7727,258.7727,755.4545,8175133.0,0.245132060848429
TV Manufacturing & Supplier Unit,2012-08-02,5752,101.3,104.2,99.5,361.6,4759,1720854.4,62.4,13.546531,82.5964,1416.1714,3653.238,1418.209,33.6281,121.1818,305.2727,1097.0455,8175133.0,0.21049864265205226
TV Manufacturing & Supplier Unit,2012-08-03,5179,101.3,104.2,99.5,361.6,4841,1750505.6,53.7727,12.961169,74.8977,1344.9545,3609.905,715.315,0.0,94.1364,235.6818,781.4545,8175133.0,0.21412564174796914
TV Manufacturing & Supplier Unit,2012-08-04,5358,101.3,104.2,99.5,361.6,4456,1611289.6,52.8214,13.362325,71.2132,1351.5686,4121.333,917.361,0.0,107.1364,281.2727,977.0,8175133.0,0.1970964386756766
TV Manufacturing & Supplier Unit,2012-08-05,5051,101.3,104.2,99.5,361.6,4453,1610204.8,57.7518,12.776208,78.5612,1324.1547,4237.095,1791.183,0.0,95.8636,234.8182,1045.8636,8175133.0,0.1969637435868016
TV Manufacturing & Supplier Unit,2012-08-06,5027,101.3,104.2,99.5,361.6,4134,1494854.4,51.1271,11.920452,72.7743,1257.518,5421.762,1438.156,0.0,98.8636,239.5455,1194.5909,8175133.0,0.1828538324697592
TV Manufacturing & Supplier Unit,2012-08-07,5027,101.3,104.2,99.5,361.6,4279,1547286.4,52.1501,12.719017,71.1201,1302.2078,3889.762,1296.546,66.0518,84.0455,229.9545,1077.9545,8175133.0,0.1892674284320512
TV Manufacturing & Supplier Unit,2012-08-08,5128,101.3,104.2,99.5,361.6,4212,1523059.2000000002,51.7909,12.351222,75.2632,1311.1184,0.0,1606.041,31.3291,106.0455,229.2727,1248.6364,8175133.0,0.1863039047805094
TV Manufacturing & Supplier Unit,2012-08-09,4627,101.3,104.2,99.5,361.6,4245,1534992.0,48.2576,12.586364,67.7699,1285.6818,4385.238,733.219,31.442,163.0,220.1364,863.9091,8175133.0,0.18776355075813445
TV Manufacturing & Supplier Unit,2012-08-10,4924,101.3,104.2,99.5,361.6,4280,1547648.0,66.1017,13.261653,90.58,1389.4068,4190.619,559.335,98.8613,97.1364,231.2273,931.4545,8175133.0,0.18931166012834286
TV Manufacturing & Supplier Unit,2012-08-11,4072,101.3,104.2,99.5,361.6,4240,1533184.0,59.9742,13.437482,83.5535,1403.4278,4585.81,594.017,81.0844,227.4091,348.1818,5330.5909,8175133.0,0.1875423922766761
TV Manufacturing & Supplier Unit,2012-08-12,4809,101.3,104.2,99.5,361.6,4482,1620691.2000000002,55.2248,13.235382,74.939,1407.8372,4315.667,1528.002,60.6353,217.6364,246.2273,1589.4545,8175133.0,0.19824646277926
TV Manufacturing & Supplier Unit,2012-08-13,4386,101.3,104.2,99.5,361.6,4542,1642387.2000000002,41.9396,10.782832,72.2697,1124.5614,3302.667,1456.185,20.4679,906.7727,254.8182,1904.4545,8175133.0,0.20090036455676014
TV Manufacturing & Supplier Unit,2012-08-14,4578,101.3,104.2,99.5,361.6,4759,1720854.4,41.6303,10.945789,77.2762,1151.9869,4852.238,1309.68,5.8744,1169.4091,272.7273,2055.2727,8175133.0,0.21049864265205226
TV Manufacturing & Supplier Unit,2012-08-15,4057,101.3,104.2,99.5,361.6,4841,1750505.6,41.6467,10.320488,74.1467,1067.1557,4218.524,1074.439,118.4667,124.0,243.8182,1194.0455,8175133.0,0.21412564174796914
TV Manufacturing & Supplier Unit,2012-08-16,4493,101.3,104.2,99.5,361.6,4456,1611289.6,43.8592,10.441019,82.8277,1122.3786,3900.429,1201.36,33.12,84.6818,223.3182,859.0909,8175133.0,0.1970964386756766
TV Manufacturing & Supplier Unit,2012-08-17,4622,101.3,104.2,99.5,361.6,4453,1610204.8,48.425,11.099679,92.7469,1155.225,4992.524,1321.858,64.7,76.0,199.4545,920.6818,8175133.0,0.1969637435868016
TV Manufacturing & Supplier Unit,2012-08-18,4103,101.3,104.2,99.5,361.6,4240,1533184.0,41.2437,10.780856,74.2386,1114.6447,4108.857,1051.006,85.2464,87.1364,403.7727,1091.8182,8175133.0,0.1875423922766761
TV Manufacturing & Supplier Unit,2012-08-19,4092,101.3,104.2,99.5,361.6,4266,1542585.6,38.057,10.027128,75.1457,1070.1295,3149.857,935.436,7.3203,110.7727,268.5455,1095.4091,8175133.0,0.18869241638025952
TV Manufacturing & Supplier Unit,2012-08-20,4051,101.3,104.2,99.5,361.6,4206,1520889.6,38.1959,10.518225,79.5329,1105.0515,3783.0,1674.99,35.0395,96.7273,225.7727,861.1364,8175133.0,0.18603851460275939
TV Manufacturing & Supplier Unit,2012-08-21,4381,101.3,104.2,99.5,361.6,4176,1510041.6,40.6498,10.727556,81.7345,1115.9174,3883.095,1066.52,0.0,131.6818,210.3182,849.5455,8175133.0,0.18471156371400932
TV Manufacturing & Supplier Unit,2012-08-22,4014,101.3,104.2,99.5,361.6,4234,1531014.4,41.3988,10.489955,73.4515,1080.4018,3695.714,1119.701,70.3706,152.5,214.1818,950.0909,8175133.0,0.1872770020989261
TV Manufacturing & Supplier Unit,2012-08-23,4016,101.3,104.2,99.5,361.6,4446,1607673.6,48.3967,11.065644,83.9878,1155.6522,4390.143,1153.756,101.5147,95.1364,226.2273,852.8182,8175133.0,0.19665412171275992
TV Manufacturing & Supplier Unit,2012-08-24,4056,101.3,104.2,99.5,361.6,4346,1571513.6,42.5309,10.512018,77.8968,1084.3651,4997.381,1430.851,101.9914,106.3182,282.0,901.0,8175133.0,0.19223095208359303
TV Manufacturing & Supplier Unit,2012-08-25,4009,101.3,104.2,99.5,361.6,4216,1524505.6,44.4388,10.814541,81.4573,1140.6888,4414.286,996.813,33.7128,92.0455,246.8182,962.8182,8175133.0,0.18648083156567608
TV Manufacturing & Supplier Unit,2012-08-26,4140,101.3,104.2,99.5,361.6,4505,1629008.0,42.6279,11.224485,79.3605,1176.2093,3298.952,390.3756,0.0,891.5664,1540.4294,7307.3182,8175133.0,0.19926379179396836
TV Manufacturing & Supplier Unit,2012-08-27,4085,101.3,104.2,99.5,361.6,3661,1323817.6,49.221,10.995497,86.8139,1151.5217,2838.129,462.8413,17.6288,173.3708,394.712,1420.9545,8175133.0,0.16193224012379984
TV Manufacturing & Supplier Unit,2012-08-28,4035,101.3,104.2,99.5,361.6,3905,1412048.0,46.2566,11.370578,84.5387,1162.7381,2744.632,676.4964,27.254,165.5566,493.4066,1356.9091,8175133.0,0.17272477401896702
TV Manufacturing & Supplier Unit,2012-08-29,4098,101.3,104.2,99.5,361.6,3926,1419641.6,42.2917,11.085268,79.8047,1147.7163,4937.903,694.4416,54.2678,149.4013,543.3876,1224.5,8175133.0,0.1736536396410921
TV Manufacturing & Supplier Unit,2012-08-30,4174,101.3,104.2,99.5,361.6,4134,1494854.4,38.9348,10.688346,72.2086,1090.9399,2590.9,646.6664,61.0317,108.051,280.2315,885.5909,8175133.0,0.1828538324697592
TV Manufacturing & Supplier Unit,2012-08-31,3953,101.3,104.2,99.5,361.6,3279,1185686.4,44.3651,10.86308,79.3506,1129.2857,1628.172,606.9556,0.0,163.1774,580.3669,1337.4091,8175133.0,0.1450357321403823
TV Manufacturing & Supplier Unit,2012-09-01,3705,101.3,104.2,99.5,361.6,3212,1161459.2000000002,38.7023,10.894057,79.2653,1151.4504,3563.992,715.7929,60.3637,115.3161,249.0141,945.1364,8175133.0,0.1420722084888405
TV Manufacturing & Supplier Unit,2012-09-02,3557,101.3,104.2,99.5,361.6,3245,1173392.0,46.6838,11.338144,81.9201,1179.433,0.0,323.3644,0.0,113.4305,240.695,929.6818,8175133.0,0.14353185446646555
TV Manufacturing & Supplier Unit,2012-09-03,3510,101.3,104.2,99.5,361.6,3280,1186048.0,41.5698,10.810839,78.3685,1107.2965,2360.512,78.5261,15.024,123.818,311.9083,1014.8182,8175133.0,0.14507996383667396
TV Manufacturing & Supplier Unit,2012-09-04,3374,101.3,104.2,99.5,361.6,3240,1171584.0,42.8271,11.439653,77.9089,1161.9393,2675.608,132.1241,15.1587,168.141,304.1815,1378.0909,8175133.0,0.1433106959850072
TV Manufacturing & Supplier Unit,2012-09-05,3371,101.3,104.2,99.5,361.6,3482,1259091.2000000002,37.9167,11.885714,62.9688,1251.25,2705.771,85.0218,20.9779,178.9666,381.9316,1466.8182,8175133.0,0.1540147664875911
TV Manufacturing & Supplier Unit,2012-09-06,3031,101.3,104.2,99.5,361.6,3542,1280787.2000000002,38.9348,10.688346,79.3506,1090.9399,4268.157,42.8481,36.3533,131.8041,378.6272,1080.2727,8175133.0,0.15666866826509124
TV Manufacturing & Supplier Unit,2012-09-07,3110,101.3,104.2,99.5,361.6,3759,1359254.4,41.5698,10.810839,78.3685,1107.2965,2360.512,78.5261,15.024,123.818,311.9083,1014.8182,8175133.0,0.16626694636038336
TV Manufacturing & Supplier Unit,2012-09-08,3374,101.3,104.2,99.5,361.6,3841,1388905.6,42.8271,11.439653,77.9089,1161.9393,2675.608,132.1241,15.1587,168.141,304.1815,1378.0909,8175133.0,0.16989394545630024
TV Manufacturing & Supplier Unit,2012-09-09,3071,101.3,104.2,99.5,361.6,3456,1249689.6,37.9167,11.885714,62.9688,1251.25,2705.771,85.0218,20.9779,178.9666,381.9316,1466.8182,8175133.0,0.1528647423840077
TV Manufacturing & Supplier Unit,2012-09-10,3031,101.3,104.2,99.5,361.6,3453,1248604.8,38.7023,10.688346,79.3506,1090.9399,4268.157,42.8481,36.3533,131.8041,378.6272,1080.2727,8175133.0,0.1527320472951327
TV Manufacturing & Supplier Unit,2012-09-11,4384,101.3,104.2,99.5,361.6,3484,1259814.4,77.4819,14.104193,112.337,1479.4565,722.571,95.333,11.8398,91.0,276.3636,756.5909,8175133.0,0.1541032298801744
TV Manufacturing & Supplier Unit,2012-09-12,4366,101.3,104.2,99.5,361.6,3266,1180985.6,73.4783,13.298758,105.7133,1369.8913,717.857,114.957,27.8039,111.9091,291.3182,860.1364,8175133.0,0.14446072008859062
TV Manufacturing & Supplier Unit,2012-09-13,4006,101.3,104.2,99.5,361.6,3206,1159289.6,80.6093,13.200691,108.7702,1428.0645,653.333,113.09,0.0,94.6364,282.7273,751.9545,8175133.0,0.1418068183110905
TV Manufacturing & Supplier Unit,2012-09-14,4076,101.3,104.2,99.5,361.6,3176,1148441.6,65.9319,12.721429,93.3065,1309.3548,622.095,72.442,0.0,98.5909,306.3182,749.4545,8175133.0,0.14047986742234042
TV Manufacturing & Supplier Unit,2012-09-15,4834,101.3,104.2,99.5,361.6,3234,1169414.4,77.4819,14.104193,112.337,1479.4565,722.571,95.333,11.8398,91.0,276.3636,756.5909,8175133.0,0.1430453058072572
TV Manufacturing & Supplier Unit,2012-09-16,4636,101.3,104.2,99.5,361.6,3446,1246073.6,73.4783,13.298758,105.7133,1369.8913,717.857,114.957,27.8039,111.9091,291.3182,860.1364,8175133.0,0.15242242542109102
TV Manufacturing & Supplier Unit,2012-09-17,4166,101.3,104.2,99.5,361.6,3346,1209913.6,80.6093,13.200691,108.7702,1428.0645,653.333,113.09,0.0,94.6364,282.7273,751.9545,8175133.0,0.14799925579192413
TV Manufacturing & Supplier Unit,2012-09-18,4186,101.3,102.9,99.5,361.6,3216,1162905.6,65.9319,12.721429,93.3065,1309.3548,622.095,72.442,0.0,98.5909,306.3182,749.4545,8175133.0,0.14224913527400718
TV Manufacturing & Supplier Unit,2012-09-19,4405,101.3,102.9,99.5,361.6,3505,1267408.0,89.7283,13.792314,117.6359,1417.0109,624.238,87.649,0.0,105.0455,306.4545,754.2727,8175133.0,0.15503209550229946
TV Manufacturing & Supplier Unit,2012-09-20,4561,101.3,102.9,99.5,361.6,3661,1323817.6,68.8095,12.581633,91.6071,1334.3407,611.714,38.235,0.0,108.0,305.9545,776.6364,8175133.0,0.16193224012379984
TV Manufacturing & Supplier Unit,2012-09-21,4205,101.3,102.9,99.5,361.6,4305,1556688.0,80.1434,13.419355,101.6935,1390.6452,627.238,92.486,6.9945,112.9545,304.8636,867.1818,8175133.0,0.19041745253563458
TV Manufacturing & Supplier Unit,2012-09-22,4006,101.3,102.9,99.5,361.6,4226,1528121.6,84.3369,13.476267,105.8871,1442.5806,613.143,206.96,69.9877,115.3636,298.5455,905.4091,8175133.0,0.18692314852859276
TV Manufacturing & Supplier Unit,2012-09-23,4034,101.3,102.9,99.5,361.6,4134,1494854.4,75.4189,13.207026,104.5594,1417.1311,615.857,83.632,49.589,171.5,309.6818,880.5909,8175133.0,0.1828538324697592
TV Manufacturing & Supplier Unit,2012-09-24,4319,101.3,102.9,99.5,361.6,4279,1547286.4,70.7921,12.964604,97.6207,1357.7228,688.667,118.126,46.3774,123.8182,273.7727,791.7727,8175133.0,0.1892674284320512
TV Manufacturing & Supplier Unit,2012-09-25,4082,101.3,102.9,99.5,361.6,4212,1523059.2000000002,68.9912,13.25047,102.4712,1378.4211,636.667,125.388,47.8766,111.2727,275.6818,867.7273,8175133.0,0.1863039047805094
TV Manufacturing & Supplier Unit,2012-09-26,4155,101.3,102.9,99.5,361.6,4245,1534992.0,69.6637,13.080365,102.3094,1393.8565,610.286,86.23,34.2365,117.6818,280.8182,840.1364,8175133.0,0.18776355075813445
TV Manufacturing & Supplier Unit,2012-09-27,4000,101.3,102.9,99.5,361.6,4280,1547648.0,66.0726,13.407284,95.4486,1428.7871,622.095,95.229,60.6667,100.9091,284.9545,796.5909,8175133.0,0.18931166012834286
TV Manufacturing & Supplier Unit,2012-09-28,4340,101.3,102.9,99.5,361.6,4240,1533184.0,74.1848,13.345691,103.0639,1399.9728,602.0,158.382,18.7505,112.2727,281.6818,914.9091,8175133.0,0.1875423922766761
TV Manufacturing & Supplier Unit,2012-09-29,4402,101.3,102.9,99.5,361.6,3482,1259091.2000000002,63.5185,13.116667,97.2917,1400.1282,5072.619,48.039,19.0108,116.8182,265.9091,1379.4091,8175133.0,0.1540147664875911
TV Manufacturing & Supplier Unit,2012-09-30,4312,101.3,102.9,99.5,361.6,3542,1280787.2000000002,68.8107,13.319634,96.5201,1397.7889,5413.095,221.528,0.0,118.6364,279.1818,904.5,8175133.0,0.15666866826509124
TV Manufacturing & Supplier Unit,2012-10-01,4369,101.3,102.9,99.5,361.6,3759,1359254.4,73.7652,13.23974,97.5,1390.8409,5230.286,208.569,30.429,103.9545,276.2727,828.0455,8175133.0,0.16626694636038336
TV Manufacturing & Supplier Unit,2012-10-02,4231,101.3,102.9,99.5,361.6,3841,1388905.6,72.1859,13.440022,97.255,1411.5829,2421.429,136.737,31.5863,109.3182,283.2727,953.0455,8175133.0,0.16989394545630024
TV Manufacturing & Supplier Unit,2012-10-03,3796,101.3,102.9,99.5,361.6,3456,1249689.6,66.0888,13.228643,97.6225,1406.0804,2126.714,151.538,43.0027,119.2727,299.3636,945.0,8175133.0,0.1528647423840077
TV Manufacturing & Supplier Unit,2012-10-04,3783,101.3,102.9,99.5,361.6,3453,1248604.8,74.5333,12.9675,98.9625,1358.775,6354.571,5.659,43.1783,106.9545,286.7273,896.5,8175133.0,0.1527320472951327
TV Manufacturing & Supplier Unit,2012-10-05,3364,101.3,102.9,99.5,361.6,3134,1133254.4,82.3549,13.487846,108.8993,1441.5672,3272.952,173.248,11.7112,138.3182,317.8182,1253.8636,8175133.0,0.1386221361780903
TV Manufacturing & Supplier Unit,2012-10-06,3775,101.3,102.9,99.5,361.6,3279,1185686.4,73.0167,13.521857,100.9125,1417.05,2568.714,200.366,11.8272,120.9545,254.0909,912.6818,8175133.0,0.1450357321403823
TV Manufacturing & Supplier Unit,2012-10-07,3700,101.3,102.9,99.5,361.6,3212,1161459.2000000002,80.2514,13.530168,101.449,1417.1229,4164.429,100.809,0.0,139.4545,273.4545,1060.3182,8175133.0,0.1420722084888405
TV Manufacturing & Supplier Unit,2012-10-08,3140,101.3,102.9,99.5,361.6,3245,1173392.0,74.2157,13.368908,102.5735,1438.0995,3379.333,32.421,50.8308,116.9091,254.0,913.5909,8175133.0,0.14353185446646555
TV Manufacturing & Supplier Unit,2012-10-09,3842,101.3,102.9,99.5,361.6,3280,1186048.0,81.9,13.955036,112.8563,1451.775,3155.143,52.031,144.9951,87.1364,241.4545,799.1818,8175133.0,0.14507996383667396
TV Manufacturing & Supplier Unit,2012-10-10,3645,101.3,102.9,99.5,361.6,3240,1171584.0,70.4439,13.584207,102.6445,1436.1558,252.905,172.967,95.636,79.3636,221.9545,853.5909,8175133.0,0.1433106959850072
TV Manufacturing & Supplier Unit,2012-10-11,3951,101.3,102.9,99.5,361.6,3482,1259091.2000000002,70.8209,13.662473,99.8041,1446.791,2981.048,189.24,11.8084,93.0909,240.1364,881.7273,8175133.0,0.1540147664875911
TV Manufacturing & Supplier Unit,2012-10-12,3668,101.3,102.9,99.5,361.6,3542,1280787.2000000002,76.9832,13.57063,103.6278,1462.2905,3706.667,206.839,3.8765,97.9545,244.3636,971.9091,8175133.0,0.15666866826509124
TV Manufacturing & Supplier Unit,2012-10-13,3565,101.3,102.9,99.5,361.6,3759,1359254.4,75.0382,13.75095,103.3142,1438.6927,2226.429,132.829,0.0,94.3182,230.0455,868.1818,8175133.0,0.16626694636038336
TV Manufacturing & Supplier Unit,2012-10-14,3733,101.3,102.9,99.5,361.6,3841,1388905.6,86.2007,13.771313,118.4677,1477.8226,4038.81,194.316,34.6945,77.8182,197.1818,821.3636,8175133.0,0.16989394545630024
TV Manufacturing & Supplier Unit,2012-10-15,3926,101.3,102.9,99.5,361.6,3456,1249689.6,71.3785,13.186582,98.639,1387.5,3323.762,140.09,35.5475,66.8636,191.1818,770.9091,8175133.0,0.1528647423840077
TV Manufacturing & Supplier Unit,2012-10-16,3236,101.3,102.9,99.5,361.6,3453,1248604.8,70.1412,13.363559,98.464,1424.4915,4422.667,149.738,15.863,66.9545,194.4545,697.6364,8175133.0,0.1527320472951327
TV Manufacturing & Supplier Unit,2012-10-17,3113,101.3,102.9,99.5,361.6,3134,1133254.4,70.0298,13.411224,104.3555,1417.0982,3892.381,99.954,15.817,98.1364,253.5455,928.5455,8175133.0,0.1386221361780903
TV Manufacturing & Supplier Unit,2012-10-18,3600,101.3,102.9,99.5,361.6,3279,1185686.4,70.7417,13.195929,98.9625,1400.175,1885.191,117.032,0.0,95.9091,254.0455,843.4091,8175133.0,0.1450357321403823
TV Manufacturing & Supplier Unit,2012-10-19,3400,101.3,102.9,99.5,361.6,3212,1161459.2000000002,75.7181,13.641109,98.5372,1401.3032,1953.81,121.125,35.811,89.0909,245.5,767.3182,8175133.0,0.1420722084888405
TV Manufacturing & Supplier Unit,2012-10-20,3335,101.3,102.9,99.5,361.6,3245,1173392.0,62.6861,12.822399,84.1292,1339.8058,1791.191,189.038,0.0,94.4091,247.6364,802.2273,8175133.0,0.14353185446646555
TV Manufacturing & Supplier Unit,2012-10-21,3638,101.3,102.9,99.5,361.6,3280,1186048.0,72.1521,13.686512,97.145,1434.9029,3074.667,196.773,0.0,92.0455,291.5909,785.5909,8175133.0,0.14507996383667396
TV Manufacturing & Supplier Unit,2012-10-22,3282,101.3,102.9,99.5,361.6,3240,1171584.0,72.9083,13.361679,102.375,1442.025,3117.048,160.32,0.0,135.0455,249.3182,846.5,8175133.0,0.1433106959850072
TV Manufacturing & Supplier Unit,2012-10-23,3834,101.3,102.9,99.5,361.6,3482,1259091.2000000002,71.8265,13.682436,98.0009,1460.4452,2023.524,147.936,40.3932,92.5,221.1818,790.3636,8175133.0,0.1540147664875911
TV Manufacturing & Supplier Unit,2012-10-24,3541,101.3,102.9,99.5,361.6,3542,1280787.2000000002,70.9562,13.756545,98.7625,1454.8207,3395.667,262.807,0.0,96.9091,252.4091,898.4545,8175133.0,0.15666866826509124
TV Manufacturing & Supplier Unit,2012-10-25,3830,101.3,102.9,99.5,361.6,3759,1359254.4,59.2809,13.217295,84.632,1392.1066,2921.333,311.592,30.3757,106.1818,254.9091,1144.5455,8175133.0,0.16626694636038336
TV Manufacturing & Supplier Unit,2012-10-26,3642,101.3,102.9,99.5,361.6,3441,1244265.6,64.7032,13.211155,92.6027,1397.2603,2825.095,455.428,46.9608,126.0455,269.3182,1115.2727,8175133.0,0.15220126693963268
TV Manufacturing & Supplier Unit,2012-10-27,3339,101.3,102.9,99.5,361.6,3456,1249689.6,68.4878,13.715226,90.128,1433.561,5082.667,467.509,93.5075,114.2273,324.5909,1271.5455,8175133.0,0.1528647423840077
TV Manufacturing & Supplier Unit,2012-10-28,3478,101.3,102.9,99.5,361.6,3453,1248604.8,63.4742,13.85664,89.0317,1441.4789,4011.714,402.614,0.0,118.0455,281.5455,971.7273,8175133.0,0.1527320472951327
TV Manufacturing & Supplier Unit,2012-10-29,3432,101.3,102.9,99.5,361.6,3234,1169414.4,61.0278,13.6175,90.3229,1411.8333,2666.857,435.346,105.1623,118.5909,261.4545,893.6818,8175133.0,0.1430453058072572
TV Manufacturing & Supplier Unit,2012-10-30,3214,101.3,102.9,99.5,361.6,3279,1185686.4,56.0507,12.873331,75.9069,1322.6087,1675.905,408.612,0.0,175.5455,275.6364,3826.6818,8175133.0,0.1450357321403823
TV Manufacturing & Supplier Unit,2012-10-31,3401,101.3,102.9,99.5,361.6,3212,1161459.2000000002,62.4074,13.102381,85.1042,1365.0,3668.476,481.883,104.0112,167.9545,241.7273,2170.1818,8175133.0,0.1420722084888405
TV Manufacturing & Supplier Unit,2012-11-01,3536,101.3,102.9,99.5,361.6,3445,1245712.0,58.3943,12.994338,80.5564,1387.4085,0.0,217.694,0.0,95.0,216.7273,969.1818,8175133.0,0.15237819372479933
TV Manufacturing & Supplier Unit,2012-11-02,3593,101.3,102.9,99.5,361.6,3480,1258368.0,47.5541,12.722032,73.125,1333.3442,2429.714,52.865,25.8875,111.0909,234.9545,1835.1818,8175133.0,0.15392630309500774
TV Manufacturing & Supplier Unit,2012-11-03,3502,101.3,102.9,99.5,361.6,3340,1207744.0,59.8805,13.436076,80.3244,1381.6456,2754.048,88.948,26.1196,115.1818,242.5909,1697.8636,8175133.0,0.1477338656141741
TV Manufacturing & Supplier Unit,2012-11-04,3520,101.3,102.9,99.5,361.6,3382,1222931.2000000002,61.2679,13.43674,77.7901,1413.0861,2785.095,57.238,36.1466,141.6818,237.7727,1549.3636,8175133.0,0.14959159685842421
TV Manufacturing & Supplier Unit,2012-11-05,3517,101.3,102.9,99.5,361.6,3342,1208467.2000000002,71.0122,13.404974,84.7382,1402.9319,4393.286,28.846,62.6395,108.2273,248.8182,1114.8636,8175133.0,0.14782232900675746
TV Manufacturing & Supplier Unit,2012-11-06,4012,101.3,102.9,99.5,361.6,4159,1503894.4,60.1852,13.030952,83.9583,1380.0,3948.333,621.432,20.7815,108.3182,276.7273,1028.1364,8175133.0,0.18395962487705092
TV Manufacturing & Supplier Unit,2012-11-07,4364,101.3,102.9,99.5,361.6,4241,1533545.6,67.0833,13.468929,85.2188,1415.7115,5381.381,1040.787,51.0694,119.9545,276.2727,941.4545,8175133.0,0.1875866239729678
TV Manufacturing & Supplier Unit,2012-11-08,4327,101.3,102.9,99.5,361.6,4356,1575129.6,60.6469,13.100489,78.3562,1368.8356,4420.81,854.31,0.0,89.8636,226.3636,896.9545,8175133.0,0.19267326904650972
TV Manufacturing & Supplier Unit,2012-11-09,4820,101.3,102.9,99.5,361.6,4545,1643472.0,58.1144,13.07043,80.045,1371.6737,4524.381,587.16,0.0,99.0,220.6818,1072.0455,8175133.0,0.20103305964563511
TV Manufacturing & Supplier Unit,2012-11-10,4638,101.3,102.9,99.5,361.6,4513,1631900.8,57.3207,13.081103,83.5127,1380.6962,3647.762,522.584,0.0,108.6364,278.2273,928.5909,8175133.0,0.19961764536430174
TV Manufacturing & Supplier Unit,2012-11-11,4567,101.3,102.9,99.5,361.6,4679,1691926.4,60.7032,13.50425,77.856,1385.1266,3238.143,900.812,47.174,157.2727,258.3636,1084.3636,8175133.0,0.20696010694871875
TV Manufacturing & Supplier Unit,2012-11-12,4743,101.3,102.9,99.5,361.6,5212,1884659.2,59.1749,13.853677,75.5225,1437.6393,4245.857,818.376,0.0,104.3636,233.6818,807.0909,8175133.0,0.23053560107217827
TV Manufacturing & Supplier Unit,2012-11-13,4828,101.3,102.9,99.5,361.6,5245,1896592.0,65.1245,13.325,78.0981,1381.7672,3604.0,1100.992,46.782,109.6364,226.5909,889.8636,8175133.0,0.23199524704980334
TV Manufacturing & Supplier Unit,2012-11-14,4885,101.3,102.9,99.5,361.6,5280,1909248.0,60.6667,13.488857,76.725,1399.6615,4168.952,272.036,0.0,93.9545,222.7727,805.9091,8175133.0,0.23354335642001176
TV Manufacturing & Supplier Unit,2012-11-15,4988,101.3,102.9,99.5,361.6,5240,1894784.0,59.1026,13.206593,78.6058,1369.3491,3984.429,817.581,31.3919,81.9091,225.1818,816.2727,8175133.0,0.231774088568345
TV Manufacturing & Supplier Unit,2012-11-16,4913,101.3,102.9,99.5,361.6,5282,1909971.2,61.1351,12.775135,76.2872,1341.7297,3943.524,1288.844,31.1817,98.6818,224.5455,855.8636,8175133.0,0.2336318198125951
TV Manufacturing & Supplier Unit,2012-11-17,5063,101.3,102.9,99.5,361.6,5242,1895507.2,53.7865,12.940132,74.9424,1323.5526,5732.0,540.757,31.5487,111.0455,232.8636,791.3636,8175133.0,0.23186255196092834
TV Manufacturing & Supplier Unit,2012-11-18,5178,101.3,102.9,99.5,361.6,5259,1901654.4,71.5344,13.742857,90.9226,1448.9683,4794.048,1244.833,31.3605,93.0455,200.0,889.3636,8175133.0,0.2326144907978867
TV Manufacturing & Supplier Unit,2012-11-19,5216,101.3,102.9,99.5,361.6,5341,1931305.6,64.2846,13.314926,83.8178,1382.5472,4364.333,1758.402,0.0,133.5,244.9091,1398.6364,8175133.0,0.23624148989380359
TV Manufacturing & Supplier Unit,2012-11-20,5279,101.3,102.9,99.5,361.6,5356,1936729.6,65.7941,12.818661,84.1001,1347.2513,4294.238,1030.257,0.0,86.7727,258.7727,755.4545,8175133.0,0.23690496533817862
TV Manufacturing & Supplier Unit,2012-11-21,3752,101.3,102.9,99.5,361.6,3153,1140124.8,62.4,13.546531,82.5964,1416.1714,3653.238,1418.209,33.6281,121.1818,305.2727,1097.0455,8175133.0,0.13946253840763204
TV Manufacturing & Supplier Unit,2012-11-22,3779,101.3,102.9,99.5,361.6,3134,1133254.4,53.7727,12.961169,74.8977,1344.9545,3609.905,715.315,0.0,94.1364,235.6818,781.4545,8175133.0,0.1386221361780903
TV Manufacturing & Supplier Unit,2012-11-23,3582,101.3,102.9,99.5,361.6,3179,1149526.4,52.8214,13.362325,71.2132,1351.5686,4121.333,917.361,0.0,107.1364,281.2727,977.0,8175133.0,0.1406125625112154
TV Manufacturing & Supplier Unit,2012-11-24,3551,101.3,102.9,99.5,361.6,3112,1125299.2000000002,57.7518,12.776208,78.5612,1324.1547,4237.095,1791.183,0.0,95.8636,234.8182,1045.8636,8175133.0,0.1376490388596736
TV Manufacturing & Supplier Unit,2012-11-25,3427,101.3,102.9,99.5,361.6,3145,1137232.0,51.1271,11.920452,72.7743,1257.518,5421.762,1438.156,0.0,98.8636,239.5455,1194.5909,8175133.0,0.13910868483729869
TV Manufacturing & Supplier Unit,2012-11-26,3427,101.3,102.9,99.5,361.6,3180,1149888.0,52.1501,12.719017,71.1201,1302.2078,3889.762,1296.546,66.0518,84.0455,229.9545,1077.9545,8175133.0,0.1406567942075071
TV Manufacturing & Supplier Unit,2012-11-27,3428,101.3,102.9,99.5,361.6,3140,1135424.0,51.7909,12.351222,75.2632,1311.1184,0.0,1606.041,31.3291,106.0455,229.2727,1248.6364,8175133.0,0.13888752635584034
TV Manufacturing & Supplier Unit,2012-11-28,3427,101.3,102.9,99.5,361.6,3182,1150611.2000000002,48.2576,12.586364,67.7699,1285.6818,4385.238,733.219,31.442,163.0,220.1364,863.9091,8175133.0,0.14074525760009043
TV Manufacturing & Supplier Unit,2012-11-29,3445,101.3,102.9,99.5,361.6,3142,1136147.2000000002,66.1017,13.261653,90.58,1389.4068,4190.619,559.335,98.8613,97.1364,231.2273,931.4545,8175133.0,0.13897598974842368
TV Manufacturing & Supplier Unit,2012-11-30,3472,101.3,102.9,99.5,361.6,3159,1142294.4,59.9742,13.437482,83.5535,1403.4278,4585.81,594.017,81.0844,227.4091,348.1818,5330.5909,8175133.0,0.13972792858538202
TV Manufacturing & Supplier Unit,2012-12-01,3409,101.3,102.9,99.5,361.6,3041,1099625.6,55.2248,13.235382,74.939,1407.8372,4315.667,1528.002,60.6353,217.6364,246.2273,1589.4545,8175133.0,0.13450858842296512
TV Manufacturing & Supplier Unit,2012-12-02,3486,101.3,102.9,99.5,361.6,3056,1105049.6,41.9396,10.782832,72.2697,1124.5614,3302.667,1456.185,20.4679,906.7727,254.8182,1904.4545,8175133.0,0.13517206386734015
TV Manufacturing & Supplier Unit,2012-12-03,3478,101.3,102.9,99.5,361.6,3053,1103964.8,41.6303,10.945789,77.2762,1151.9869,4852.238,1309.68,5.8744,1169.4091,272.7273,2055.2727,8175133.0,0.13503936877846515
TV Manufacturing & Supplier Unit,2012-12-04,3457,101.3,102.9,99.5,361.6,3034,1097094.4,41.6467,10.320488,74.1467,1067.1557,4218.524,1074.439,118.4667,124.0,243.8182,1194.0455,8175133.0,0.1341989665489234
TV Manufacturing & Supplier Unit,2012-12-05,3493,101.3,102.9,99.5,361.6,3079,1113366.4,43.8592,10.441019,82.8277,1122.3786,3900.429,1201.36,33.12,84.6818,223.3182,859.0909,8175133.0,0.1361893928820485
TV Manufacturing & Supplier Unit,2012-12-06,3422,101.3,102.9,99.5,361.6,3012,1089139.2,48.425,11.099679,92.7469,1155.225,4992.524,1321.858,64.7,76.0,199.4545,920.6818,8175133.0,0.1332258692305067
TV Manufacturing & Supplier Unit,2012-12-07,3303,101.3,102.9,99.5,361.6,3045,1101072.0,41.2437,10.780856,74.2386,1114.6447,4108.857,1051.006,85.2464,87.1364,403.7727,1091.8182,8175133.0,0.1346855152081318
TV Manufacturing & Supplier Unit,2012-12-08,3292,101.3,102.9,99.5,361.6,3080,1113728.0,38.057,10.027128,75.1457,1070.1295,3149.857,935.436,7.3203,110.7727,268.5455,1095.4091,8175133.0,0.1362336245783402
TV Manufacturing & Supplier Unit,2012-12-09,3001,101.3,102.9,99.5,361.6,3040,1099264.0,38.1959,10.518225,79.5329,1105.0515,3783.0,1674.99,35.0395,96.7273,225.7727,861.1364,8175133.0,0.13446435672667345
TV Manufacturing & Supplier Unit,2012-12-10,3081,101.3,102.9,99.5,361.6,2882,1042131.2,40.6498,10.727556,81.7345,1115.9174,3883.095,1066.52,0.0,131.6818,210.3182,849.5455,8175133.0,0.12747574871258974
TV Manufacturing & Supplier Unit,2012-12-11,3014,101.3,102.9,99.5,361.6,2842,1027667.2,41.3988,10.489955,73.4515,1080.4018,3695.714,1119.701,70.3706,152.5,214.1818,950.0909,8175133.0,0.12570648086092298
TV Manufacturing & Supplier Unit,2012-12-12,3016,101.3,102.9,99.5,361.6,2859,1033814.4,48.3967,11.065644,83.9878,1155.6522,4390.143,1153.756,101.5147,95.1364,226.2273,852.8182,8175133.0,0.12645841969788138
TV Manufacturing & Supplier Unit,2012-12-13,3056,101.3,102.9,99.5,361.6,2841,1027305.6,42.5309,10.512018,77.8968,1084.3651,4997.381,1430.851,101.9914,106.3182,282.0,901.0,8175133.0,0.1256622491646313
TV Manufacturing & Supplier Unit,2012-12-14,3009,101.3,102.9,99.5,361.6,2856,1032729.6,44.4388,10.814541,81.4573,1140.6888,4414.286,996.813,33.7128,92.0455,246.8182,962.8182,8175133.0,0.12632572460900635
TV Manufacturing & Supplier Unit,2012-12-15,3040,101.3,102.9,99.5,361.6,2853,1031644.8,42.6279,11.224485,79.3605,1176.2093,3298.952,390.3756,0.0,891.5664,1540.4294,7307.3182,8175133.0,0.12619302952013137
TV Manufacturing & Supplier Unit,2012-12-16,3085,103.4,102.9,99.5,361.6,2840,1026944.0,49.221,10.995497,86.8139,1151.5217,2838.129,462.8413,17.6288,173.3708,394.712,1420.9545,8175133.0,0.12561801746833967
TV Manufacturing & Supplier Unit,2012-12-17,3035,103.4,102.9,99.5,361.6,2866,1036345.6,46.2566,11.370578,84.5387,1162.7381,2744.632,676.4964,27.254,165.5566,493.4066,1356.9091,8175133.0,0.12676804157192303
TV Manufacturing & Supplier Unit,2012-12-18,3098,103.4,102.9,99.5,361.6,2806,1014649.6,42.2917,11.085268,79.8047,1147.7163,4937.903,694.4416,54.2678,149.4013,543.3876,1224.5,8175133.0,0.12411413979442291
TV Manufacturing & Supplier Unit,2012-12-19,3074,103.4,102.9,99.5,361.6,2876,1039961.6,38.9348,10.688346,72.2086,1090.9399,2590.9,646.6664,61.0317,108.051,280.2315,885.5909,8175133.0,0.12721035853483972
TV Manufacturing & Supplier Unit,2012-12-20,3053,103.4,102.9,99.5,361.6,2834,1024774.4,44.3651,10.86308,79.3506,1129.2857,1628.172,606.9556,0.0,163.1774,580.3669,1337.4091,8175133.0,0.12535262729058966
TV Manufacturing & Supplier Unit,2012-12-21,3005,103.4,102.9,99.5,361.6,2846,1029113.6,38.7023,10.894057,79.2653,1151.4504,3563.992,715.7929,60.3637,115.3161,249.0141,945.1364,8175133.0,0.12588340764608966
TV Manufacturing & Supplier Unit,2012-12-22,3545,103.4,102.9,99.5,361.6,4346,1571513.6,46.6838,11.338144,81.9201,1179.433,0.0,323.3644,0.0,113.4305,240.695,929.6818,8175133.0,0.19223095208359303
TV Manufacturing & Supplier Unit,2012-12-23,3610,103.4,102.9,99.5,361.6,4216,1524505.6,41.5698,10.810839,78.3685,1107.2965,2360.512,78.5261,15.024,123.818,311.9083,1014.8182,8175133.0,0.18648083156567608
TV Manufacturing & Supplier Unit,2012-12-24,3674,103.4,102.9,99.5,361.6,4505,1629008.0,42.8271,11.439653,77.9089,1161.9393,2675.608,132.1241,15.1587,168.141,304.1815,1378.0909,8175133.0,0.19926379179396836
TV Manufacturing & Supplier Unit,2012-12-25,3771,103.4,102.9,99.5,361.6,4661,1685417.6,37.9167,11.885714,62.9688,1251.25,2705.771,85.0218,20.9779,178.9666,381.9316,1466.8182,8175133.0,0.20616393641546873
TV Manufacturing & Supplier Unit,2012-12-26,3731,103.4,102.9,99.5,361.6,4305,1556688.0,38.9348,10.688346,79.3506,1090.9399,4268.157,42.8481,36.3533,131.8041,378.6272,1080.2727,8175133.0,0.19041745253563458
TV Manufacturing & Supplier Unit,2012-12-27,3810,103.4,102.9,99.5,361.6,4226,1528121.6,41.5698,10.810839,78.3685,1107.2965,2360.512,78.5261,15.024,123.818,311.9083,1014.8182,8175133.0,0.18692314852859276
TV Manufacturing & Supplier Unit,2012-12-28,3874,103.4,102.9,99.5,361.6,4134,1494854.4,42.8271,11.439653,77.9089,1161.9393,2675.608,132.1241,15.1587,168.141,304.1815,1378.0909,8175133.0,0.1828538324697592
TV Manufacturing & Supplier Unit,2012-12-29,3871,103.4,102.9,99.5,361.6,4279,1547286.4,37.9167,11.885714,62.9688,1251.25,2705.771,85.0218,20.9779,178.9666,381.9316,1466.8182,8175133.0,0.1892674284320512
TV Manufacturing & Supplier Unit,2012-12-30,3831,103.4,102.9,99.5,361.6,4212,1523059.2000000002,38.7023,10.688346,79.3506,1090.9399,4268.157,42.8481,36.3533,131.8041,378.6272,1080.2727,8175133.0,0.1863039047805094
TV Manufacturing & Supplier Unit,2012-12-31,4055,103.4,102.9,99.5,361.6,4545,1643472.0,69.6637,13.080365,102.3094,1393.8565,610.286,86.23,34.2365,117.6818,280.8182,840.1364,8175133.0,0.20103305964563511
TV Manufacturing & Supplier Unit,2013-01-01,4200,103.4,102.9,99.5,400.1,5080,2032508.0,66.0726,13.407284,95.4486,1428.7871,622.095,95.229,60.6667,100.9091,284.9545,796.5909,8405837.0,0.24179721781424027
TV Manufacturing & Supplier Unit,2013-01-02,4340,103.4,102.9,99.5,400.1,5040,2016504.0,74.1848,13.345691,103.0639,1399.9728,602.0,158.382,18.7505,112.2727,281.6818,914.9091,8405837.0,0.23989330271334075
TV Manufacturing & Supplier Unit,2013-01-03,4402,103.4,102.9,99.5,400.1,5082,2033308.2,63.5185,13.116667,97.2917,1400.1282,5072.619,48.039,19.0108,116.8182,265.9091,1379.4091,8405837.0,0.24189241356928523
TV Manufacturing & Supplier Unit,2013-01-04,4512,103.4,102.9,99.5,400.1,5142,2057314.2,68.8107,13.319634,96.5201,1397.7889,5413.095,221.528,0.0,118.6364,279.1818,904.5,8405837.0,0.24474828622063455
TV Manufacturing & Supplier Unit,2013-01-05,4669,103.4,102.9,99.5,400.1,4759,1904075.9,73.7652,13.23974,97.5,1390.8409,5230.286,208.569,30.429,103.9545,276.2727,828.0455,8405837.0,0.22651829912952154
TV Manufacturing & Supplier Unit,2013-01-06,3531,103.4,102.9,99.5,400.1,3441,1376744.1,72.1859,13.440022,97.255,1411.5829,2421.429,136.737,31.5863,109.3182,283.2727,953.0455,8405837.0,0.16378429655488205
TV Manufacturing & Supplier Unit,2013-01-07,3596,103.4,102.9,99.5,400.1,3456,1382745.6,66.0888,13.228643,97.6225,1406.0804,2126.714,151.538,43.0027,119.2727,299.3636,945.0,8405837.0,0.1644982647177194
TV Manufacturing & Supplier Unit,2013-01-08,3583,103.4,102.9,99.5,400.1,3453,1381545.3,74.5333,12.9675,98.9625,1358.775,6354.571,5.659,43.1783,106.9545,286.7273,896.5,8405837.0,0.16435547108515192
TV Manufacturing & Supplier Unit,2013-01-09,3564,103.4,102.9,99.5,400.1,3484,1393948.4,82.3549,13.487846,108.8993,1441.5672,3272.952,173.248,11.7112,138.3182,317.8182,1253.8636,8405837.0,0.16583100528834901
TV Manufacturing & Supplier Unit,2013-01-10,3575,103.4,102.9,99.5,400.1,3466,1386746.6,73.0167,13.521857,100.9125,1417.05,2568.714,200.366,11.8272,120.9545,254.0909,912.6818,8405837.0,0.16497424349294426
TV Manufacturing & Supplier Unit,2013-01-11,3500,103.4,102.9,99.5,400.1,3406,1362740.6,80.2514,13.530168,101.449,1417.1229,4164.429,100.809,0.0,139.4545,273.4545,1060.3182,8405837.0,0.16211837084159497
TV Manufacturing & Supplier Unit,2013-01-12,3540,103.4,102.9,99.5,400.1,3476,1390747.6,74.2157,13.368908,102.5735,1438.0995,3379.333,32.421,50.8308,116.9091,254.0,913.5909,8405837.0,0.16545022226816913
TV Manufacturing & Supplier Unit,2013-01-13,3542,103.4,102.9,99.5,400.1,3434,1373943.4,81.9,13.955036,112.8563,1451.775,3155.143,52.031,144.9951,87.1364,241.4545,799.1818,8405837.0,0.16345111141222463
TV Manufacturing & Supplier Unit,2013-01-14,3545,103.4,102.9,99.5,400.1,3446,1378744.6,70.4439,13.584207,102.6445,1436.1558,252.905,172.967,95.636,79.3636,221.9545,853.5909,8405837.0,0.1640222859424945
TV Manufacturing & Supplier Unit,2013-01-15,3551,103.4,102.9,99.5,400.1,3446,1378744.6,70.8209,13.662473,99.8041,1446.791,2981.048,189.24,11.8084,93.0909,240.1364,881.7273,8405837.0,0.1640222859424945
TV Manufacturing & Supplier Unit,2013-01-16,3568,103.4,102.9,99.5,400.1,3416,1366741.6,76.9832,13.57063,103.6278,1462.2905,3706.667,206.839,3.8765,97.9545,244.3636,971.9091,8405837.0,0.16259434961681984
TV Manufacturing & Supplier Unit,2013-01-17,3556,103.4,102.9,99.5,400.1,3405,1362340.5,75.0382,13.75095,103.3142,1438.6927,2226.429,132.829,0.0,94.3182,230.0455,868.1818,8405837.0,0.16207077296407246
TV Manufacturing & Supplier Unit,2013-01-18,3533,103.4,102.9,99.5,400.1,3461,1384746.1,86.2007,13.771313,118.4677,1477.8226,4038.81,194.316,34.6945,77.8182,197.1818,821.3636,8405837.0,0.16473625410533183
TV Manufacturing & Supplier Unit,2013-01-19,3526,103.4,102.9,99.5,400.1,3405,1362340.5,71.3785,13.186582,98.639,1387.5,3323.762,140.09,35.5475,66.8636,191.1818,770.9091,8405837.0,0.16207077296407246
TV Manufacturing & Supplier Unit,2013-01-20,3536,103.4,102.9,99.5,400.1,3426,1370742.6,70.1412,13.363559,98.464,1424.4915,4422.667,149.738,15.863,66.9545,194.4545,697.6364,8405837.0,0.16307032839204472
TV Manufacturing & Supplier Unit,2013-01-21,3513,103.4,102.9,99.5,400.1,3434,1373943.4,70.0298,13.411224,104.3555,1417.0982,3892.381,99.954,15.817,98.1364,253.5455,928.5455,8405837.0,0.16345111141222463
TV Manufacturing & Supplier Unit,2013-01-22,3500,103.4,102.9,99.5,400.1,3479,1391947.9,70.7417,13.195929,98.9625,1400.175,1885.191,117.032,0.0,95.9091,254.0455,843.4091,8405837.0,0.16559301590073658
TV Manufacturing & Supplier Unit,2013-01-23,3500,103.4,102.9,99.5,400.1,3412,1365141.2000000002,75.7181,13.641109,98.5372,1401.3032,1953.81,121.125,35.811,89.0909,245.5,767.3182,8405837.0,0.16240395810672992
TV Manufacturing & Supplier Unit,2013-01-24,3535,103.4,102.9,99.5,400.1,3445,1378344.5,62.6861,12.822399,84.1292,1339.8058,1791.191,189.038,0.0,94.4091,247.6364,802.2273,8405837.0,0.163974688064972
TV Manufacturing & Supplier Unit,2013-01-25,3538,103.4,102.9,99.5,400.1,3480,1392348.0,72.1521,13.686512,97.145,1434.9029,3074.667,196.773,0.0,92.0455,291.5909,785.5909,8405837.0,0.1656406137782591
TV Manufacturing & Supplier Unit,2013-01-26,3482,103.4,102.9,99.5,400.1,3440,1376344.0,72.9083,13.361679,102.375,1442.025,3117.048,160.32,0.0,135.0455,249.3182,846.5,8405837.0,0.16373669867735954
TV Manufacturing & Supplier Unit,2013-01-27,3434,103.4,102.9,99.5,400.1,3482,1393148.2000000002,71.8265,13.682436,98.0009,1460.4452,2023.524,147.936,40.3932,92.5,221.1818,790.3636,8405837.0,0.16573580953330408
TV Manufacturing & Supplier Unit,2013-01-28,3341,103.4,102.9,99.5,400.1,3442,1377144.2000000002,70.9562,13.756545,98.7625,1454.8207,3395.667,262.807,0.0,96.9091,252.4091,898.4545,8405837.0,0.16383189443240456
TV Manufacturing & Supplier Unit,2013-01-29,3330,103.4,102.9,99.5,400.1,3459,1383945.9,59.2809,13.217295,84.632,1392.1066,2921.333,311.592,30.3757,106.1818,254.9091,1144.5455,8405837.0,0.1646410583502868
TV Manufacturing & Supplier Unit,2013-01-30,3642,103.4,102.9,99.5,400.1,4441,1776844.1,64.7032,13.211155,92.6027,1397.2603,2825.095,455.428,46.9608,126.0455,269.3182,1115.2727,8405837.0,0.21138217407737028
TV Manufacturing & Supplier Unit,2013-01-31,3739,103.4,102.9,99.5,400.1,4456,1782845.6,68.4878,13.715226,90.128,1433.561,5082.667,467.509,93.5075,114.2273,324.5909,1271.5455,8405837.0,0.21209614224020762
TV Manufacturing & Supplier Unit,2013-02-01,3778,103.4,102.9,99.5,400.1,4453,1781645.3,63.4742,13.85664,89.0317,1441.4789,4011.714,402.614,0.0,118.0455,281.5455,971.7273,8405837.0,0.21195334860764015
TV Manufacturing & Supplier Unit,2013-02-02,3832,103.4,102.9,99.5,400.1,4434,1774043.4,61.0278,13.6175,90.3229,1411.8333,2666.857,435.346,105.1623,118.5909,261.4545,893.6818,8405837.0,0.21104898893471286
TV Manufacturing & Supplier Unit,2013-02-03,3814,103.4,102.9,99.5,400.1,4479,1792047.9,56.0507,12.873331,75.9069,1322.6087,1675.905,408.612,0.0,175.5455,275.6364,3826.6818,8405837.0,0.21319089342322484
TV Manufacturing & Supplier Unit,2013-02-04,3901,103.4,102.9,99.5,400.1,4412,1765241.2000000002,62.4074,13.102381,85.1042,1365.0,3668.476,481.883,104.0112,167.9545,241.7273,2170.1818,8405837.0,0.21000183562921815
TV Manufacturing & Supplier Unit,2013-02-05,3936,103.4,102.9,99.5,400.1,4445,1778444.5,58.3943,12.994338,80.5564,1387.4085,0.0,217.694,0.0,95.0,216.7273,969.1818,8405837.0,0.21157256558746024
TV Manufacturing & Supplier Unit,2013-02-06,4393,103.4,102.9,99.5,400.1,4480,1792448.0,47.5541,12.722032,73.125,1333.3442,2429.714,52.865,25.8875,111.0909,234.9545,1835.1818,8405837.0,0.21323849130074732
TV Manufacturing & Supplier Unit,2013-02-07,4602,103.4,102.9,99.5,400.1,4440,1776444.0,59.8805,13.436076,80.3244,1381.6456,2754.048,88.948,26.1196,115.1818,242.5909,1697.8636,8405837.0,0.2113345761998478
TV Manufacturing & Supplier Unit,2013-02-08,5207,103.4,102.9,99.5,400.1,4482,1793248.2000000002,61.2679,13.43674,77.7901,1413.0861,2785.095,57.238,36.1466,141.6818,237.7727,1549.3636,8405837.0,0.21333368705579234
TV Manufacturing & Supplier Unit,2013-02-09,5317,103.4,102.9,99.5,400.1,4442,1777244.2000000002,71.0122,13.404974,84.7382,1402.9319,4393.286,28.846,62.6395,108.2273,248.8182,1114.8636,8405837.0,0.2114297719548928
TV Manufacturing & Supplier Unit,2013-02-10,5412,103.4,102.9,99.5,400.1,5559,2224155.9,60.1852,13.030952,83.9583,1380.0,3948.333,621.432,20.7815,108.3182,276.7273,1028.1364,8405837.0,0.26459660114751216
TV Manufacturing & Supplier Unit,2013-02-11,5464,103.4,102.9,99.5,400.1,5541,2216954.1,67.0833,13.468929,85.2188,1415.7115,5381.381,1040.787,51.0694,119.9545,276.2727,941.4545,8405837.0,0.2637398393521074
TV Manufacturing & Supplier Unit,2013-02-12,5327,103.4,102.9,99.5,400.1,5556,2222955.6,60.6469,13.100489,78.3562,1368.8356,4420.81,854.31,0.0,89.8636,226.3636,896.9545,8405837.0,0.2644538075149447
TV Manufacturing & Supplier Unit,2013-02-13,5420,103.4,102.9,99.5,400.1,5553,2221755.3000000003,58.1144,13.07043,80.045,1371.6737,4524.381,587.16,0.0,99.0,220.6818,1072.0455,8405837.0,0.26431101388237727
TV Manufacturing & Supplier Unit,2013-02-14,5438,103.4,102.9,99.5,400.1,5534,2214153.4,57.3207,13.081103,83.5127,1380.6962,3647.762,522.584,0.0,108.6364,278.2273,928.5909,8405837.0,0.2634066542094499
TV Manufacturing & Supplier Unit,2013-02-15,5467,103.4,102.9,99.5,400.1,5779,2312177.9,60.7032,13.50425,77.856,1385.1266,3238.143,900.812,47.174,157.2727,258.3636,1084.3636,8405837.0,0.27506813420245957
TV Manufacturing & Supplier Unit,2013-02-16,5443,103.4,107.9,99.5,400.1,5712,2285371.2,59.1749,13.853677,75.5225,1437.6393,4245.857,818.376,0.0,104.3636,233.6818,807.0909,8405837.0,0.2718790764084529
TV Manufacturing & Supplier Unit,2013-02-17,5428,103.4,107.9,99.5,400.1,5745,2298574.5,65.1245,13.325,78.0981,1381.7672,3604.0,1100.992,46.782,109.6364,226.5909,889.8636,8405837.0,0.27344980636669497
TV Manufacturing & Supplier Unit,2013-02-18,5485,103.4,107.9,99.5,400.1,5780,2312578.0,60.6667,13.488857,76.725,1399.6615,4168.952,272.036,0.0,93.9545,222.7727,805.9091,8405837.0,0.275115732079982
TV Manufacturing & Supplier Unit,2013-02-19,5988,103.4,107.9,99.5,400.1,5940,2376594.0,59.1026,13.206593,78.6058,1369.3491,3984.429,817.581,31.3919,81.9091,225.1818,816.2727,8405837.0,0.28273139248358015
TV Manufacturing & Supplier Unit,2013-02-20,6113,103.4,107.9,99.5,400.1,6182,2473418.2,61.1351,12.775135,76.2872,1341.7297,3943.524,1288.844,31.1817,98.6818,224.5455,855.8636,8405837.0,0.2942500788440223
TV Manufacturing & Supplier Unit,2013-02-21,6063,103.4,107.9,99.5,400.1,6042,2417404.2,53.7865,12.940132,74.9424,1323.5526,5732.0,540.757,31.5487,111.0455,232.8636,791.3636,8405837.0,0.287586375990874
TV Manufacturing & Supplier Unit,2013-02-22,6178,103.4,107.9,99.5,400.1,5759,2304175.9,71.5344,13.742857,90.9226,1448.9683,4794.048,1244.833,31.3605,93.0455,200.0,889.3636,8405837.0,0.27411617665200977
TV Manufacturing & Supplier Unit,2013-02-23,3531,103.4,107.9,99.5,400.1,3441,1376744.1,64.2846,13.314926,83.8178,1382.5472,4364.333,1758.402,0.0,133.5,244.9091,1398.6364,8405837.0,0.16378429655488205
TV Manufacturing & Supplier Unit,2013-02-24,3596,103.4,107.9,99.5,400.1,3456,1382745.6,65.7941,12.818661,84.1001,1347.2513,4294.238,1030.257,0.0,86.7727,258.7727,755.4545,8405837.0,0.1644982647177194
TV Manufacturing & Supplier Unit,2013-02-25,3583,103.4,107.9,99.5,400.1,3453,1381545.3,62.4,13.546531,82.5964,1416.1714,3653.238,1418.209,33.6281,121.1818,305.2727,1097.0455,8405837.0,0.16435547108515192
TV Manufacturing & Supplier Unit,2013-02-26,3564,103.4,107.9,99.5,400.1,3484,1393948.4,53.7727,12.961169,74.8977,1344.9545,3609.905,715.315,0.0,94.1364,235.6818,781.4545,8405837.0,0.16583100528834901
TV Manufacturing & Supplier Unit,2013-02-27,3575,103.4,107.9,99.5,400.1,3466,1386746.6,52.8214,13.362325,71.2132,1351.5686,4121.333,917.361,0.0,107.1364,281.2727,977.0,8405837.0,0.16497424349294426
TV Manufacturing & Supplier Unit,2013-02-28,3500,103.4,107.9,99.5,400.1,3406,1362740.6,57.7518,12.776208,78.5612,1324.1547,4237.095,1791.183,0.0,95.8636,234.8182,1045.8636,8405837.0,0.16211837084159497
TV Manufacturing & Supplier Unit,2013-03-01,3540,103.4,107.9,99.5,400.1,3476,1390747.6,51.1271,11.920452,72.7743,1257.518,5421.762,1438.156,0.0,98.8636,239.5455,1194.5909,8405837.0,0.16545022226816913
TV Manufacturing & Supplier Unit,2013-03-02,3542,103.4,107.9,99.5,400.1,3434,1373943.4,52.1501,12.719017,71.1201,1302.2078,3889.762,1296.546,66.0518,84.0455,229.9545,1077.9545,8405837.0,0.16345111141222463
TV Manufacturing & Supplier Unit,2013-03-03,3545,103.4,107.9,99.5,400.1,3446,1378744.6,51.7909,12.351222,75.2632,1311.1184,0.0,1606.041,31.3291,106.0455,229.2727,1248.6364,8405837.0,0.1640222859424945
TV Manufacturing & Supplier Unit,2013-03-04,3551,103.4,107.9,99.5,400.1,3446,1378744.6,48.2576,12.586364,67.7699,1285.6818,4385.238,733.219,31.442,163.0,220.1364,863.9091,8405837.0,0.1640222859424945
TV Manufacturing & Supplier Unit,2013-03-05,3568,103.4,107.9,99.5,400.1,3416,1366741.6,66.1017,13.261653,90.58,1389.4068,4190.619,559.335,98.8613,97.1364,231.2273,931.4545,8405837.0,0.16259434961681984
TV Manufacturing & Supplier Unit,2013-03-06,3556,103.4,107.9,99.5,400.1,3405,1362340.5,59.9742,13.437482,83.5535,1403.4278,4585.81,594.017,81.0844,227.4091,348.1818,5330.5909,8405837.0,0.16207077296407246
TV Manufacturing & Supplier Unit,2013-03-07,3533,103.4,107.9,99.5,400.1,3461,1384746.1,55.2248,13.235382,74.939,1407.8372,4315.667,1528.002,60.6353,217.6364,246.2273,1589.4545,8405837.0,0.16473625410533183
TV Manufacturing & Supplier Unit,2013-03-08,3526,103.4,107.9,99.5,400.1,3405,1362340.5,41.9396,10.782832,72.2697,1124.5614,3302.667,1456.185,20.4679,906.7727,254.8182,1904.4545,8405837.0,0.16207077296407246
TV Manufacturing & Supplier Unit,2013-03-09,3536,103.4,107.9,99.5,400.1,3426,1370742.6,41.6303,10.945789,77.2762,1151.9869,4852.238,1309.68,5.8744,1169.4091,272.7273,2055.2727,8405837.0,0.16307032839204472
TV Manufacturing & Supplier Unit,2013-03-10,3513,103.4,107.9,99.5,400.1,3434,1373943.4,41.6467,10.320488,74.1467,1067.1557,4218.524,1074.439,118.4667,124.0,243.8182,1194.0455,8405837.0,0.16345111141222463
TV Manufacturing & Supplier Unit,2013-03-11,3500,103.4,107.9,99.5,400.1,3479,1391947.9,43.8592,10.441019,82.8277,1122.3786,3900.429,1201.36,33.12,84.6818,223.3182,859.0909,8405837.0,0.16559301590073658
TV Manufacturing & Supplier Unit,2013-03-12,3500,103.4,107.9,99.5,400.1,3412,1365141.2000000002,48.425,11.099679,92.7469,1155.225,4992.524,1321.858,64.7,76.0,199.4545,920.6818,8405837.0,0.16240395810672992
TV Manufacturing & Supplier Unit,2013-03-13,3535,103.4,107.9,99.5,400.1,3445,1378344.5,41.2437,10.780856,74.2386,1114.6447,4108.857,1051.006,85.2464,87.1364,403.7727,1091.8182,8405837.0,0.163974688064972
TV Manufacturing & Supplier Unit,2013-03-14,3538,103.4,107.9,99.5,400.1,3480,1392348.0,38.057,10.027128,75.1457,1070.1295,3149.857,935.436,7.3203,110.7727,268.5455,1095.4091,8405837.0,0.1656406137782591
TV Manufacturing & Supplier Unit,2013-03-15,3482,103.4,107.9,99.5,400.1,3440,1376344.0,38.1959,10.518225,79.5329,1105.0515,3783.0,1674.99,35.0395,96.7273,225.7727,861.1364,8405837.0,0.16373669867735954
TV Manufacturing & Supplier Unit,2013-03-16,3434,103.4,107.9,99.5,400.1,3482,1393148.2000000002,40.6498,10.727556,81.7345,1115.9174,3883.095,1066.52,0.0,131.6818,210.3182,849.5455,8405837.0,0.16573580953330408
TV Manufacturing & Supplier Unit,2013-03-17,3341,103.4,107.9,99.5,400.1,3442,1377144.2000000002,41.3988,10.489955,73.4515,1080.4018,3695.714,1119.701,70.3706,152.5,214.1818,950.0909,8405837.0,0.16383189443240456
TV Manufacturing & Supplier Unit,2013-03-18,3330,103.4,107.9,99.5,400.1,3459,1383945.9,48.3967,11.065644,83.9878,1155.6522,4390.143,1153.756,101.5147,95.1364,226.2273,852.8182,8405837.0,0.1646410583502868
TV Manufacturing & Supplier Unit,2013-03-19,3531,103.4,107.9,99.5,400.1,3441,1376744.1,42.5309,10.512018,77.8968,1084.3651,4997.381,1430.851,101.9914,106.3182,282.0,901.0,8405837.0,0.16378429655488205
TV Manufacturing & Supplier Unit,2013-03-20,3596,103.4,107.9,99.5,400.1,3456,1382745.6,44.4388,10.814541,81.4573,1140.6888,4414.286,996.813,33.7128,92.0455,246.8182,962.8182,8405837.0,0.1644982647177194
TV Manufacturing & Supplier Unit,2013-03-21,3583,103.4,107.9,99.5,400.1,3453,1381545.3,42.6279,11.224485,79.3605,1176.2093,3298.952,390.3756,0.0,891.5664,1540.4294,7307.3182,8405837.0,0.16435547108515192
TV Manufacturing & Supplier Unit,2013-03-22,3564,103.4,107.9,99.5,400.1,3484,1393948.4,49.221,10.995497,86.8139,1151.5217,2838.129,462.8413,17.6288,173.3708,394.712,1420.9545,8405837.0,0.16583100528834901
TV Manufacturing & Supplier Unit,2013-03-23,3575,103.4,107.9,99.5,400.1,3466,1386746.6,46.2566,11.370578,84.5387,1162.7381,2744.632,676.4964,27.254,165.5566,493.4066,1356.9091,8405837.0,0.16497424349294426
TV Manufacturing & Supplier Unit,2013-03-24,3500,103.4,107.9,99.5,400.1,3406,1362740.6,42.2917,11.085268,79.8047,1147.7163,4937.903,694.4416,54.2678,149.4013,543.3876,1224.5,8405837.0,0.16211837084159497
TV Manufacturing & Supplier Unit,2013-03-25,3540,103.4,107.9,99.5,400.1,3476,1390747.6,38.9348,10.688346,72.2086,1090.9399,2590.9,646.6664,61.0317,108.051,280.2315,885.5909,8405837.0,0.16545022226816913
TV Manufacturing & Supplier Unit,2013-03-26,3542,103.4,107.9,99.5,400.1,3434,1373943.4,44.3651,10.86308,79.3506,1129.2857,1628.172,606.9556,0.0,163.1774,580.3669,1337.4091,8405837.0,0.16345111141222463
TV Manufacturing & Supplier Unit,2013-03-27,3545,103.4,107.9,99.5,400.1,3446,1378744.6,38.7023,10.894057,79.2653,1151.4504,3563.992,715.7929,60.3637,115.3161,249.0141,945.1364,8405837.0,0.1640222859424945
TV Manufacturing & Supplier Unit,2013-03-28,3551,103.4,107.9,99.5,400.1,3446,1378744.6,46.6838,11.338144,81.9201,1179.433,0.0,323.3644,0.0,113.4305,240.695,929.6818,8405837.0,0.1640222859424945
TV Manufacturing & Supplier Unit,2013-03-29,3568,103.4,107.9,99.5,400.1,3416,1366741.6,41.5698,10.810839,78.3685,1107.2965,2360.512,78.5261,15.024,123.818,311.9083,1014.8182,8405837.0,0.16259434961681984
TV Manufacturing & Supplier Unit,2013-03-30,3556,103.4,107.9,99.5,400.1,3405,1362340.5,42.8271,11.439653,77.9089,1161.9393,2675.608,132.1241,15.1587,168.141,304.1815,1378.0909,8405837.0,0.16207077296407246
TV Manufacturing & Supplier Unit,2013-03-31,3533,103.4,107.9,99.5,400.1,3461,1384746.1,37.9167,11.885714,62.9688,1251.25,2705.771,85.0218,20.9779,178.9666,381.9316,1466.8182,8405837.0,0.16473625410533183
TV Manufacturing & Supplier Unit,2013-04-01,3526,103.4,107.9,99.5,400.1,3405,1362340.5,38.9348,10.688346,79.3506,1090.9399,4268.157,42.8481,36.3533,131.8041,378.6272,1080.2727,8405837.0,0.16207077296407246
TV Manufacturing & Supplier Unit,2013-04-02,3536,103.4,107.9,99.5,400.1,3426,1370742.6,41.5698,10.810839,78.3685,1107.2965,2360.512,78.5261,15.024,123.818,311.9083,1014.8182,8405837.0,0.16307032839204472
TV Manufacturing & Supplier Unit,2013-04-03,3513,103.4,107.9,99.5,400.1,3434,1373943.4,42.8271,11.439653,77.9089,1161.9393,2675.608,132.1241,15.1587,168.141,304.1815,1378.0909,8405837.0,0.16345111141222463
TV Manufacturing & Supplier Unit,2013-04-04,3500,103.4,107.9,99.5,400.1,3479,1391947.9,37.9167,11.885714,62.9688,1251.25,2705.771,85.0218,20.9779,178.9666,381.9316,1466.8182,8405837.0,0.16559301590073658
TV Manufacturing & Supplier Unit,2013-04-05,3500,103.4,107.9,99.5,400.1,3412,1365141.2000000002,38.7023,10.688346,79.3506,1090.9399,4268.157,42.8481,36.3533,131.8041,378.6272,1080.2727,8405837.0,0.16240395810672992
TV Manufacturing & Supplier Unit,2013-04-06,3535,103.4,107.9,99.5,400.1,3445,1378344.5,77.4819,14.104193,112.337,1479.4565,722.571,95.333,11.8398,91.0,276.3636,756.5909,8405837.0,0.163974688064972
TV Manufacturing & Supplier Unit,2013-04-07,3538,103.4,107.9,99.5,400.1,3480,1392348.0,73.4783,13.298758,105.7133,1369.8913,717.857,114.957,27.8039,111.9091,291.3182,860.1364,8405837.0,0.1656406137782591
TV Manufacturing & Supplier Unit,2013-04-08,3482,103.4,107.9,99.5,400.1,3440,1376344.0,80.6093,13.200691,108.7702,1428.0645,653.333,113.09,0.0,94.6364,282.7273,751.9545,8405837.0,0.16373669867735954
TV Manufacturing & Supplier Unit,2013-04-09,3434,103.4,107.9,99.5,400.1,3482,1393148.2000000002,65.9319,12.721429,93.3065,1309.3548,622.095,72.442,0.0,98.5909,306.3182,749.4545,8405837.0,0.16573580953330408
TV Manufacturing & Supplier Unit,2013-04-10,3341,103.4,107.9,99.5,400.1,3442,1377144.2000000002,77.4819,14.104193,112.337,1479.4565,722.571,95.333,11.8398,91.0,276.3636,756.5909,8405837.0,0.16383189443240456
TV Manufacturing & Supplier Unit,2013-04-11,3330,103.4,107.9,99.5,400.1,3459,1383945.9,73.4783,13.298758,105.7133,1369.8913,717.857,114.957,27.8039,111.9091,291.3182,860.1364,8405837.0,0.1646410583502868
TV Manufacturing & Supplier Unit,2013-04-12,3531,103.4,107.9,99.5,400.1,3441,1376744.1,80.6093,13.200691,108.7702,1428.0645,653.333,113.09,0.0,94.6364,282.7273,751.9545,8405837.0,0.16378429655488205
TV Manufacturing & Supplier Unit,2013-04-13,3596,103.4,107.9,99.5,400.1,3456,1382745.6,65.9319,12.721429,93.3065,1309.3548,622.095,72.442,0.0,98.5909,306.3182,749.4545,8405837.0,0.1644982647177194
TV Manufacturing & Supplier Unit,2013-04-14,3583,103.4,107.9,99.5,400.1,3453,1381545.3,89.7283,13.792314,117.6359,1417.0109,624.238,87.649,0.0,105.0455,306.4545,754.2727,8405837.0,0.16435547108515192
TV Manufacturing & Supplier Unit,2013-04-15,3564,103.4,107.9,99.5,400.1,3484,1393948.4,68.8095,12.581633,91.6071,1334.3407,611.714,38.235,0.0,108.0,305.9545,776.6364,8405837.0,0.16583100528834901
TV Manufacturing & Supplier Unit,2013-04-16,3575,103.4,107.9,99.5,400.1,3466,1386746.6,80.1434,13.419355,101.6935,1390.6452,627.238,92.486,6.9945,112.9545,304.8636,867.1818,8405837.0,0.16497424349294426
TV Manufacturing & Supplier Unit,2013-04-17,3500,103.4,107.9,99.5,400.1,3406,1362740.6,84.3369,13.476267,105.8871,1442.5806,613.143,206.96,69.9877,115.3636,298.5455,905.4091,8405837.0,0.16211837084159497
TV Manufacturing & Supplier Unit,2013-04-18,3540,103.4,107.9,99.5,400.1,3476,1390747.6,75.4189,13.207026,104.5594,1417.1311,615.857,83.632,49.589,171.5,309.6818,880.5909,8405837.0,0.16545022226816913
TV Manufacturing & Supplier Unit,2013-04-19,3542,103.4,107.9,99.5,400.1,3434,1373943.4,70.7921,12.964604,97.6207,1357.7228,688.667,118.126,46.3774,123.8182,273.7727,791.7727,8405837.0,0.16345111141222463
TV Manufacturing & Supplier Unit,2013-04-20,3545,103.4,107.9,99.5,400.1,3446,1378744.6,68.9912,13.25047,102.4712,1378.4211,636.667,125.388,47.8766,111.2727,275.6818,867.7273,8405837.0,0.1640222859424945
TV Manufacturing & Supplier Unit,2013-04-21,3551,103.4,107.9,99.5,400.1,3446,1378744.6,69.6637,13.080365,102.3094,1393.8565,610.286,86.23,34.2365,117.6818,280.8182,840.1364,8405837.0,0.1640222859424945
TV Manufacturing & Supplier Unit,2013-04-22,3568,103.4,107.9,99.5,400.1,3416,1366741.6,66.0726,13.407284,95.4486,1428.7871,622.095,95.229,60.6667,100.9091,284.9545,796.5909,8405837.0,0.16259434961681984
TV Manufacturing & Supplier Unit,2013-04-23,3556,103.4,107.9,99.5,400.1,3405,1362340.5,74.1848,13.345691,103.0639,1399.9728,602.0,158.382,18.7505,112.2727,281.6818,914.9091,8405837.0,0.16207077296407246
TV Manufacturing & Supplier Unit,2013-04-24,3533,103.4,107.9,99.5,400.1,3461,1384746.1,63.5185,13.116667,97.2917,1400.1282,5072.619,48.039,19.0108,116.8182,265.9091,1379.4091,8405837.0,0.16473625410533183
TV Manufacturing & Supplier Unit,2013-04-25,3526,103.4,107.9,99.5,400.1,3405,1362340.5,68.8107,13.319634,96.5201,1397.7889,5413.095,221.528,0.0,118.6364,279.1818,904.5,8405837.0,0.16207077296407246
TV Manufacturing & Supplier Unit,2013-04-26,3536,103.4,107.9,99.5,400.1,3426,1370742.6,73.7652,13.23974,97.5,1390.8409,5230.286,208.569,30.429,103.9545,276.2727,828.0455,8405837.0,0.16307032839204472
TV Manufacturing & Supplier Unit,2013-04-27,3513,103.4,107.9,99.5,400.1,3434,1373943.4,72.1859,13.440022,97.255,1411.5829,2421.429,136.737,31.5863,109.3182,283.2727,953.0455,8405837.0,0.16345111141222463
TV Manufacturing & Supplier Unit,2013-04-28,3500,103.4,107.9,99.5,400.1,3479,1391947.9,66.0888,13.228643,97.6225,1406.0804,2126.714,151.538,43.0027,119.2727,299.3636,945.0,8405837.0,0.16559301590073658
TV Manufacturing & Supplier Unit,2013-04-29,3500,103.4,107.9,99.5,400.1,3412,1365141.2000000002,74.5333,12.9675,98.9625,1358.775,6354.571,5.659,43.1783,106.9545,286.7273,896.5,8405837.0,0.16240395810672992
TV Manufacturing & Supplier Unit,2013-04-30,3535,103.4,107.9,99.5,400.1,3445,1378344.5,82.3549,13.487846,108.8993,1441.5672,3272.952,173.248,11.7112,138.3182,317.8182,1253.8636,8405837.0,0.163974688064972
TV Manufacturing & Supplier Unit,2013-05-01,3538,103.4,107.9,99.5,400.1,3480,1392348.0,73.0167,13.521857,100.9125,1417.05,2568.714,200.366,11.8272,120.9545,254.0909,912.6818,8405837.0,0.1656406137782591
TV Manufacturing & Supplier Unit,2013-05-02,3482,103.4,107.9,99.5,400.1,3440,1376344.0,80.2514,13.530168,101.449,1417.1229,4164.429,100.809,0.0,139.4545,273.4545,1060.3182,8405837.0,0.16373669867735954
TV Manufacturing & Supplier Unit,2013-05-03,3434,103.4,107.9,99.5,400.1,3482,1393148.2000000002,74.2157,13.368908,102.5735,1438.0995,3379.333,32.421,50.8308,116.9091,254.0,913.5909,8405837.0,0.16573580953330408
TV Manufacturing & Supplier Unit,2013-05-04,3341,103.4,107.9,99.5,400.1,3442,1377144.2000000002,81.9,13.955036,112.8563,1451.775,3155.143,52.031,144.9951,87.1364,241.4545,799.1818,8405837.0,0.16383189443240456
TV Manufacturing & Supplier Unit,2013-05-05,3330,103.4,107.9,99.5,400.1,3459,1383945.9,70.4439,13.584207,102.6445,1436.1558,252.905,172.967,95.636,79.3636,221.9545,853.5909,8405837.0,0.1646410583502868
TV Manufacturing & Supplier Unit,2013-05-06,3441,103.4,107.9,99.5,400.1,2441,976644.1,70.8209,13.662473,99.8041,1446.791,2981.048,189.24,11.8084,93.0909,240.1364,881.7273,8405837.0,0.1161864190323938
TV Manufacturing & Supplier Unit,2013-05-07,3456,103.4,107.9,99.5,400.1,2456,982645.6,76.9832,13.57063,103.6278,1462.2905,3706.667,206.839,3.8765,97.9545,244.3636,971.9091,8405837.0,0.11690038719523112
TV Manufacturing & Supplier Unit,2013-05-08,3453,103.4,107.9,99.5,400.1,2453,981445.3,75.0382,13.75095,103.3142,1438.6927,2226.429,132.829,0.0,94.3182,230.0455,868.1818,8405837.0,0.11675759356266366
TV Manufacturing & Supplier Unit,2013-05-09,3484,103.4,107.9,99.5,400.1,2882,1153088.2,86.2007,13.771313,118.4677,1477.8226,4038.81,194.316,34.6945,77.8182,197.1818,821.3636,8405837.0,0.1371770830198111
TV Manufacturing & Supplier Unit,2013-05-10,3466,103.4,107.9,99.5,400.1,2842,1137084.2,71.3785,13.186582,98.639,1387.5,3323.762,140.09,35.5475,66.8636,191.1818,770.9091,8405837.0,0.13527316791891159
TV Manufacturing & Supplier Unit,2013-05-11,3406,103.4,107.9,99.5,400.1,2859,1143885.9,70.1412,13.363559,98.464,1424.4915,4422.667,149.738,15.863,66.9545,194.4545,697.6364,8405837.0,0.13608233183679389
TV Manufacturing & Supplier Unit,2013-05-12,3476,103.4,107.9,99.5,400.1,2841,1136684.1,70.0298,13.411224,104.3555,1417.0982,3892.381,99.954,15.817,98.1364,253.5455,928.5455,8405837.0,0.1352255700413891
TV Manufacturing & Supplier Unit,2013-05-13,3434,103.4,107.9,99.5,400.1,2856,1142685.6,70.7417,13.195929,98.9625,1400.175,1885.191,117.032,0.0,95.9091,254.0455,843.4091,8405837.0,0.13593953820422644
TV Manufacturing & Supplier Unit,2013-05-14,3446,103.4,107.9,99.5,400.1,2853,1141485.3,75.7181,13.641109,98.5372,1401.3032,1953.81,121.125,35.811,89.0909,245.5,767.3182,8405837.0,0.13579674457165897
TV Manufacturing & Supplier Unit,2013-05-15,3446,103.4,107.9,99.5,400.1,2840,1136284.0,62.6861,12.822399,84.1292,1339.8058,1791.191,189.038,0.0,94.4091,247.6364,802.2273,8405837.0,0.13517797216386662
TV Manufacturing & Supplier Unit,2013-05-16,3416,103.4,107.9,99.5,400.1,2866,1146686.6,72.1521,13.686512,97.145,1434.9029,3074.667,196.773,0.0,92.0455,291.5909,785.5909,8405837.0,0.1364155169794513
TV Manufacturing & Supplier Unit,2013-05-17,3405,103.4,107.9,99.5,400.1,2806,1122680.6,72.9083,13.361679,102.375,1442.025,3117.048,160.32,0.0,135.0455,249.3182,846.5,8405837.0,0.13355964432810202
TV Manufacturing & Supplier Unit,2013-05-18,3461,103.4,107.9,99.5,400.1,2876,1150687.6,71.8265,13.682436,98.0009,1460.4452,2023.524,147.936,40.3932,92.5,221.1818,790.3636,8405837.0,0.13689149575467618
TV Manufacturing & Supplier Unit,2013-05-19,3405,103.4,107.9,99.5,400.1,2834,1133883.4,70.9562,13.756545,98.7625,1454.8207,3395.667,262.807,0.0,96.9091,252.4091,898.4545,8405837.0,0.13489238489873168
TV Manufacturing & Supplier Unit,2013-05-20,3426,103.4,107.9,99.5,400.1,2846,1138684.6,59.2809,13.217295,84.632,1392.1066,2921.333,311.592,30.3757,106.1818,254.9091,1144.5455,8405837.0,0.13546355942900154
TV Manufacturing & Supplier Unit,2013-05-21,3434,103.4,107.9,99.5,400.1,1882,752988.2000000001,64.7032,13.211155,92.6027,1397.2603,2825.095,455.428,46.9608,126.0455,269.3182,1115.2727,8405837.0,0.08957920549732289
TV Manufacturing & Supplier Unit,2013-05-22,3479,103.4,107.9,99.5,400.1,1842,736984.2000000001,68.4878,13.715226,90.128,1433.561,5082.667,467.509,93.5075,114.2273,324.5909,1271.5455,8405837.0,0.08767529039642336
TV Manufacturing & Supplier Unit,2013-05-23,3412,103.4,107.9,99.5,400.1,1859,743785.9,63.4742,13.85664,89.0317,1441.4789,4011.714,402.614,0.0,118.0455,281.5455,971.7273,8405837.0,0.08848445431430564
TV Manufacturing & Supplier Unit,2013-05-24,3445,103.4,107.9,99.5,400.1,1841,736584.1000000001,61.0278,13.6175,90.3229,1411.8333,2666.857,435.346,105.1623,118.5909,261.4545,893.6818,8405837.0,0.08762769251890086
TV Manufacturing & Supplier Unit,2013-05-25,3480,103.4,107.9,99.5,400.1,1856,742585.6000000001,56.0507,12.873331,75.9069,1322.6087,1675.905,408.612,0.0,175.5455,275.6364,3826.6818,8405837.0,0.08834166068173818
TV Manufacturing & Supplier Unit,2013-05-26,3440,103.4,107.9,99.5,400.1,1853,741385.3,62.4074,13.102381,85.1042,1365.0,3668.476,481.883,104.0112,167.9545,241.7273,2170.1818,8405837.0,0.08819886704917072
TV Manufacturing & Supplier Unit,2013-05-27,3482,103.4,107.9,99.5,400.1,1840,736184.0,58.3943,12.994338,80.5564,1387.4085,0.0,217.694,0.0,95.0,216.7273,969.1818,8405837.0,0.08758009464137836
TV Manufacturing & Supplier Unit,2013-05-28,3442,103.4,107.9,99.5,400.1,1866,746586.6000000001,47.5541,12.722032,73.125,1333.3442,2429.714,52.865,25.8875,111.0909,234.9545,1835.1818,8405837.0,0.08881763945696307
TV Manufacturing & Supplier Unit,2013-05-29,3459,103.4,107.9,99.5,400.1,1806,722580.6000000001,59.8805,13.436076,80.3244,1381.6456,2754.048,88.948,26.1196,115.1818,242.5909,1697.8636,8405837.0,0.08596176680561378
TV Manufacturing & Supplier Unit,2013-05-30,3441,103.4,107.9,99.5,400.1,1876,750587.6000000001,61.2679,13.43674,77.7901,1413.0861,2785.095,57.238,36.1466,141.6818,237.7727,1549.3636,8405837.0,0.08929361823218795
TV Manufacturing & Supplier Unit,2013-05-31,3456,103.4,107.9,99.5,400.1,1834,733783.4,71.0122,13.404974,84.7382,1402.9319,4393.286,28.846,62.6395,108.2273,248.8182,1114.8636,8405837.0,0.08729450737624343
TV Manufacturing & Supplier Unit,2013-06-01,3453,103.4,107.9,99.5,400.1,1846,738584.6000000001,60.1852,13.030952,83.9583,1380.0,3948.333,621.432,20.7815,108.3182,276.7273,1028.1364,8405837.0,0.08786568190651331
TV Manufacturing & Supplier Unit,2013-06-02,3484,103.4,107.9,99.5,400.1,1782,712978.2000000001,67.0833,13.468929,85.2188,1415.7115,5381.381,1040.787,51.0694,119.9545,276.2727,941.4545,8405837.0,0.08481941774507405
TV Manufacturing & Supplier Unit,2013-06-03,3466,103.4,107.9,99.5,400.1,1742,696974.2000000001,60.6469,13.100489,78.3562,1368.8356,4420.81,854.31,0.0,89.8636,226.3636,896.9545,8405837.0,0.08291550264417452
TV Manufacturing & Supplier Unit,2013-06-04,3406,103.4,107.9,99.5,400.1,1759,703775.9,58.1144,13.07043,80.045,1371.6737,4524.381,587.16,0.0,99.0,220.6818,1072.0455,8405837.0,0.08372466656205682
TV Manufacturing & Supplier Unit,2013-06-05,3476,103.4,107.9,99.5,400.1,1741,696574.1000000001,57.3207,13.081103,83.5127,1380.6962,3647.762,522.584,0.0,108.6364,278.2273,928.5909,8405837.0,0.08286790476665204
TV Manufacturing & Supplier Unit,2013-06-06,3434,103.4,107.9,99.5,400.1,1756,702575.6000000001,60.7032,13.50425,77.856,1385.1266,3238.143,900.812,47.174,157.2727,258.3636,1084.3636,8405837.0,0.08358187292948936
TV Manufacturing & Supplier Unit,2013-06-07,3446,103.4,107.9,99.5,400.1,1753,701375.3,59.1749,13.853677,75.5225,1437.6393,4245.857,818.376,0.0,104.3636,233.6818,807.0909,8405837.0,0.08343907929692189
TV Manufacturing & Supplier Unit,2013-06-08,3446,103.4,107.9,99.5,400.1,1740,696174.0,65.1245,13.325,78.0981,1381.7672,3604.0,1100.992,46.782,109.6364,226.5909,889.8636,8405837.0,0.08282030688912954
TV Manufacturing & Supplier Unit,2013-06-09,3416,103.4,107.9,99.5,400.1,1766,706576.6000000001,60.6667,13.488857,76.725,1399.6615,4168.952,272.036,0.0,93.9545,222.7727,805.9091,8405837.0,0.08405785170471425
TV Manufacturing & Supplier Unit,2013-06-10,3405,103.4,107.9,99.5,400.1,1706,682570.6000000001,59.1026,13.206593,78.6058,1369.3491,3984.429,817.581,31.3919,81.9091,225.1818,816.2727,8405837.0,0.08120197905336496
TV Manufacturing & Supplier Unit,2013-06-11,3461,103.4,107.9,99.5,400.1,1776,710577.6000000001,61.1351,12.775135,76.2872,1341.7297,3943.524,1288.844,31.1817,98.6818,224.5455,855.8636,8405837.0,0.08453383047993913
TV Manufacturing & Supplier Unit,2013-06-12,3405,103.4,107.9,99.5,400.1,1734,693773.4,53.7865,12.940132,74.9424,1323.5526,5732.0,540.757,31.5487,111.0455,232.8636,791.3636,8405837.0,0.08253471962399461
TV Manufacturing & Supplier Unit,2013-06-13,3426,103.4,107.9,99.5,400.1,1746,698574.6000000001,71.5344,13.742857,90.9226,1448.9683,4794.048,1244.833,31.3605,93.0455,200.0,889.3636,8405837.0,0.08310589415426448
TV Manufacturing & Supplier Unit,2013-06-14,3434,103.4,107.9,99.5,400.1,1659,663765.9,64.2846,13.314926,83.8178,1382.5472,4364.333,1758.402,0.0,133.5,244.9091,1398.6364,8405837.0,0.078964878809808
TV Manufacturing & Supplier Unit,2013-06-15,3479,103.4,107.9,99.5,400.1,1641,656564.1000000001,65.7941,12.818661,84.1001,1347.2513,4294.238,1030.257,0.0,86.7727,258.7727,755.4545,8405837.0,0.07810811701440322
TV Manufacturing & Supplier Unit,2013-06-16,3412,103.4,107.9,99.5,400.1,1656,662565.6000000001,62.4,13.546531,82.5964,1416.1714,3653.238,1418.209,33.6281,121.1818,305.2727,1097.0455,8405837.0,0.07882208517724054
TV Manufacturing & Supplier Unit,2013-06-17,3445,103.4,107.9,99.5,400.1,1653,661365.3,53.7727,12.961169,74.8977,1344.9545,3609.905,715.315,0.0,94.1364,235.6818,781.4545,8405837.0,0.07867929154467307
TV Manufacturing & Supplier Unit,2013-06-18,3480,103.4,107.9,99.5,400.1,1634,653763.4,52.8214,13.362325,71.2132,1351.5686,4121.333,917.361,0.0,107.1364,281.2727,977.0,8405837.0,0.07777493187174579
TV Manufacturing & Supplier Unit,2013-06-19,3440,103.4,107.9,99.5,400.1,1679,671767.9,57.7518,12.776208,78.5612,1324.1547,4237.095,1791.183,0.0,95.8636,234.8182,1045.8636,8405837.0,0.07991683636025776
TV Manufacturing & Supplier Unit,2013-06-20,3482,103.4,107.9,99.5,400.1,1612,644961.2000000001,51.1271,11.920452,72.7743,1257.518,5421.762,1438.156,0.0,98.8636,239.5455,1194.5909,8405837.0,0.07672777856625106
TV Manufacturing & Supplier Unit,2013-06-21,3442,103.4,107.9,99.5,400.1,1645,658164.5,52.1501,12.719017,71.1201,1302.2078,3889.762,1296.546,66.0518,84.0455,229.9545,1077.9545,8405837.0,0.07829850852449316
TV Manufacturing & Supplier Unit,2013-06-22,3459,103.4,107.9,99.5,400.1,1680,672168.0,51.7909,12.351222,75.2632,1311.1184,0.0,1606.041,31.3291,106.0455,229.2727,1248.6364,8405837.0,0.07996443423778024
TV Manufacturing & Supplier Unit,2013-06-23,2542,103.4,107.9,99.5,400.1,1640,656164.0,48.2576,12.586364,67.7699,1285.6818,4385.238,733.219,31.442,163.0,220.1364,863.9091,8405837.0,0.07806051913688072
TV Manufacturing & Supplier Unit,2013-06-24,2579,103.4,107.9,99.5,400.1,1682,672968.2000000001,66.1017,13.261653,90.58,1389.4068,4190.619,559.335,98.8613,97.1364,231.2273,931.4545,8405837.0,0.08005962999282523
TV Manufacturing & Supplier Unit,2013-06-25,2841,103.4,107.9,99.5,400.1,1642,656964.2000000001,59.9742,13.437482,83.5535,1403.4278,4585.81,594.017,81.0844,227.4091,348.1818,5330.5909,8405837.0,0.0781557148919257
TV Manufacturing & Supplier Unit,2013-06-26,2456,103.4,107.9,99.5,400.1,1659,663765.9,55.2248,13.235382,74.939,1407.8372,4315.667,1528.002,60.6353,217.6364,246.2273,1589.4545,8405837.0,0.078964878809808
TV Manufacturing & Supplier Unit,2013-06-27,2553,103.4,107.9,99.5,400.1,1641,656564.1000000001,41.9396,10.782832,72.2697,1124.5614,3302.667,1456.185,20.4679,906.7727,254.8182,1904.4545,8405837.0,0.07810811701440322
TV Manufacturing & Supplier Unit,2013-06-28,2134,103.4,107.9,99.5,400.1,1656,662565.6000000001,41.6303,10.945789,77.2762,1151.9869,4852.238,1309.68,5.8744,1169.4091,272.7273,2055.2727,8405837.0,0.07882208517724054
TV Manufacturing & Supplier Unit,2013-06-29,2427,103.4,107.9,99.5,400.1,1653,661365.3,41.6467,10.320488,74.1467,1067.1557,4218.524,1074.439,118.4667,124.0,243.8182,1194.0455,8405837.0,0.07867929154467307
TV Manufacturing & Supplier Unit,2013-06-30,2522,103.4,107.9,99.5,400.1,1634,653763.4,43.8592,10.441019,82.8277,1122.3786,3900.429,1201.36,33.12,84.6818,223.3182,859.0909,8405837.0,0.07777493187174579
TV Manufacturing & Supplier Unit,2013-07-01,2245,103.4,107.9,99.5,400.1,1679,671767.9,48.425,11.099679,92.7469,1155.225,4992.524,1321.858,64.7,76.0,199.4545,920.6818,8405837.0,0.07991683636025776
TV Manufacturing & Supplier Unit,2013-07-02,2280,103.4,104.8,99.5,400.1,1612,644961.2000000001,41.2437,10.780856,74.2386,1114.6447,4108.857,1051.006,85.2464,87.1364,403.7727,1091.8182,8405837.0,0.07672777856625106
TV Manufacturing & Supplier Unit,2013-07-03,2543,103.4,104.8,99.5,400.1,1645,658164.5,38.057,10.027128,75.1457,1070.1295,3149.857,935.436,7.3203,110.7727,268.5455,1095.4091,8405837.0,0.07829850852449316
TV Manufacturing & Supplier Unit,2013-07-04,2555,103.4,104.8,99.5,400.1,1680,672168.0,38.1959,10.518225,79.5329,1105.0515,3783.0,1674.99,35.0395,96.7273,225.7727,861.1364,8405837.0,0.07996443423778024
TV Manufacturing & Supplier Unit,2013-07-05,2261,103.4,104.8,99.5,400.1,1642,656964.2000000001,40.6498,10.727556,81.7345,1115.9174,3883.095,1066.52,0.0,131.6818,210.3182,849.5455,8405837.0,0.0781557148919257
TV Manufacturing & Supplier Unit,2013-07-06,2436,103.4,104.8,99.5,400.1,1681,672568.1000000001,41.3988,10.489955,73.4515,1080.4018,3695.714,1119.701,70.3706,152.5,214.1818,950.0909,8405837.0,0.08001203211530275
TV Manufacturing & Supplier Unit,2013-07-07,2453,103.4,104.8,99.5,400.1,1632,652963.2000000001,48.3967,11.065644,83.9878,1155.6522,4390.143,1153.756,101.5147,95.1364,226.2273,852.8182,8405837.0,0.07767973611670081
TV Manufacturing & Supplier Unit,2013-07-08,2234,103.4,104.8,99.5,400.1,1650,660165.0,42.5309,10.512018,77.8968,1084.3651,4997.381,1430.851,101.9914,106.3182,282.0,901.0,8405837.0,0.0785364979121056
TV Manufacturing & Supplier Unit,2013-07-09,2227,103.4,104.8,99.5,400.1,1644,657764.4,44.4388,10.814541,81.4573,1140.6888,4414.286,996.813,33.7128,92.0455,246.8182,962.8182,8405837.0,0.07825091064697068
TV Manufacturing & Supplier Unit,2013-07-10,2122,103.4,104.8,99.5,400.1,1655,662165.5,42.6279,11.224485,79.3605,1176.2093,3298.952,390.3756,0.0,891.5664,1540.4294,7307.3182,8405837.0,0.07877448729971805
TV Manufacturing & Supplier Unit,2013-07-11,2225,103.4,104.8,99.5,400.1,1663,665366.3,49.221,10.995497,86.8139,1151.5217,2838.129,462.8413,17.6288,173.3708,394.712,1420.9545,8405837.0,0.07915527031989796
TV Manufacturing & Supplier Unit,2013-07-12,2210,103.4,104.8,99.5,400.1,1637,654963.7000000001,46.2566,11.370578,84.5387,1162.7381,2744.632,676.4964,27.254,165.5566,493.4066,1356.9091,8405837.0,0.07791772550431326
TV Manufacturing & Supplier Unit,2013-07-13,2456,103.4,104.8,99.5,400.1,1680,672168.0,42.2917,11.085268,79.8047,1147.7163,4937.903,694.4416,54.2678,149.4013,543.3876,1224.5,8405837.0,0.07996443423778024
TV Manufacturing & Supplier Unit,2013-07-14,2553,103.4,104.8,99.5,400.1,1622,648962.2000000001,38.9348,10.688346,72.2086,1090.9399,2590.9,646.6664,61.0317,108.051,280.2315,885.5909,8405837.0,0.07720375734147594
TV Manufacturing & Supplier Unit,2013-07-15,2134,103.4,104.8,99.5,400.1,1635,654163.5,44.3651,10.86308,79.3506,1129.2857,1628.172,606.9556,0.0,163.1774,580.3669,1337.4091,8405837.0,0.07782252974926827
TV Manufacturing & Supplier Unit,2013-07-16,2427,103.4,104.8,99.5,400.1,1681,672568.1000000001,38.7023,10.894057,79.2653,1151.4504,3563.992,715.7929,60.3637,115.3161,249.0141,945.1364,8405837.0,0.08001203211530275
TV Manufacturing & Supplier Unit,2013-07-17,2522,103.4,104.8,99.5,400.1,1641,656564.1000000001,46.6838,11.338144,81.9201,1179.433,0.0,323.3644,0.0,113.4305,240.695,929.6818,8405837.0,0.07810811701440322
TV Manufacturing & Supplier Unit,2013-07-18,2245,103.4,104.8,99.5,400.1,1656,662565.6000000001,41.5698,10.810839,78.3685,1107.2965,2360.512,78.5261,15.024,123.818,311.9083,1014.8182,8405837.0,0.07882208517724054
TV Manufacturing & Supplier Unit,2013-07-19,2280,103.4,104.8,99.5,400.1,1653,661365.3,42.8271,11.439653,77.9089,1161.9393,2675.608,132.1241,15.1587,168.141,304.1815,1378.0909,8405837.0,0.07867929154467307
TV Manufacturing & Supplier Unit,2013-07-20,2543,103.4,104.8,99.5,400.1,1634,653763.4,37.9167,11.885714,62.9688,1251.25,2705.771,85.0218,20.9779,178.9666,381.9316,1466.8182,8405837.0,0.07777493187174579
TV Manufacturing & Supplier Unit,2013-07-21,2555,103.4,104.8,99.5,400.1,1679,671767.9,38.9348,10.688346,79.3506,1090.9399,4268.157,42.8481,36.3533,131.8041,378.6272,1080.2727,8405837.0,0.07991683636025776
TV Manufacturing & Supplier Unit,2013-07-22,2261,103.4,104.8,99.5,400.1,1612,644961.2000000001,41.5698,10.810839,78.3685,1107.2965,2360.512,78.5261,15.024,123.818,311.9083,1014.8182,8405837.0,0.07672777856625106
TV Manufacturing & Supplier Unit,2013-07-23,2436,103.4,104.8,99.5,400.1,1645,658164.5,42.8271,11.439653,77.9089,1161.9393,2675.608,132.1241,15.1587,168.141,304.1815,1378.0909,8405837.0,0.07829850852449316
TV Manufacturing & Supplier Unit,2013-07-24,2453,103.4,104.8,99.5,400.1,1680,672168.0,37.9167,11.885714,62.9688,1251.25,2705.771,85.0218,20.9779,178.9666,381.9316,1466.8182,8405837.0,0.07996443423778024
TV Manufacturing & Supplier Unit,2013-07-25,2234,103.4,104.8,99.5,400.1,1642,656964.2000000001,38.7023,10.688346,79.3506,1090.9399,4268.157,42.8481,36.3533,131.8041,378.6272,1080.2727,8405837.0,0.0781557148919257
TV Manufacturing & Supplier Unit,2013-07-26,2227,103.4,104.8,99.5,400.1,1681,672568.1000000001,77.4819,14.104193,112.337,1479.4565,722.571,95.333,11.8398,91.0,276.3636,756.5909,8405837.0,0.08001203211530275
TV Manufacturing & Supplier Unit,2013-07-27,2122,103.4,104.8,99.5,400.1,1632,652963.2000000001,73.4783,13.298758,105.7133,1369.8913,717.857,114.957,27.8039,111.9091,291.3182,860.1364,8405837.0,0.07767973611670081
TV Manufacturing & Supplier Unit,2013-07-28,2225,103.4,104.8,99.5,400.1,1650,660165.0,80.6093,13.200691,108.7702,1428.0645,653.333,113.09,0.0,94.6364,282.7273,751.9545,8405837.0,0.0785364979121056
TV Manufacturing & Supplier Unit,2013-07-29,2210,103.4,104.8,99.5,400.1,1644,657764.4,65.9319,12.721429,93.3065,1309.3548,622.095,72.442,0.0,98.5909,306.3182,749.4545,8405837.0,0.07825091064697068
TV Manufacturing & Supplier Unit,2013-07-30,2240,103.4,104.8,99.5,400.1,1655,662165.5,77.4819,14.104193,112.337,1479.4565,722.571,95.333,11.8398,91.0,276.3636,756.5909,8405837.0,0.07877448729971805
TV Manufacturing & Supplier Unit,2013-07-31,2266,103.4,104.8,99.5,400.1,1663,665366.3,73.4783,13.298758,105.7133,1369.8913,717.857,114.957,27.8039,111.9091,291.3182,860.1364,8405837.0,0.07915527031989796
TV Manufacturing & Supplier Unit,2013-08-01,2206,103.4,104.8,99.5,400.1,1642,656964.2000000001,80.6093,13.200691,108.7702,1428.0645,653.333,113.09,0.0,94.6364,282.7273,751.9545,8405837.0,0.0781557148919257
TV Manufacturing & Supplier Unit,2013-08-02,2176,103.4,104.8,99.5,400.1,1659,663765.9,65.9319,12.721429,93.3065,1309.3548,622.095,72.442,0.0,98.5909,306.3182,749.4545,8405837.0,0.078964878809808
TV Manufacturing & Supplier Unit,2013-08-03,2234,103.4,104.8,99.5,400.1,1641,656564.1000000001,89.7283,13.792314,117.6359,1417.0109,624.238,87.649,0.0,105.0455,306.4545,754.2727,8405837.0,0.07810811701440322
TV Manufacturing & Supplier Unit,2013-08-04,2446,103.4,104.8,99.5,400.1,1656,662565.6000000001,68.8095,12.581633,91.6071,1334.3407,611.714,38.235,0.0,108.0,305.9545,776.6364,8405837.0,0.07882208517724054
TV Manufacturing & Supplier Unit,2013-08-05,2346,103.4,104.8,99.5,400.1,1653,661365.3,80.1434,13.419355,101.6935,1390.6452,627.238,92.486,6.9945,112.9545,304.8636,867.1818,8405837.0,0.07867929154467307
TV Manufacturing & Supplier Unit,2013-08-06,2216,103.4,104.8,99.5,400.1,1634,653763.4,84.3369,13.476267,105.8871,1442.5806,613.143,206.96,69.9877,115.3636,298.5455,905.4091,8405837.0,0.07777493187174579
TV Manufacturing & Supplier Unit,2013-08-07,2305,103.4,104.8,99.5,400.1,1679,671767.9,75.4189,13.207026,104.5594,1417.1311,615.857,83.632,49.589,171.5,309.6818,880.5909,8405837.0,0.07991683636025776
TV Manufacturing & Supplier Unit,2013-08-08,2261,103.4,104.8,99.5,400.1,1612,644961.2000000001,70.7921,12.964604,97.6207,1357.7228,688.667,118.126,46.3774,123.8182,273.7727,791.7727,8405837.0,0.07672777856625106
TV Manufacturing & Supplier Unit,2013-08-09,2305,103.4,104.8,99.5,400.1,1645,658164.5,68.9912,13.25047,102.4712,1378.4211,636.667,125.388,47.8766,111.2727,275.6818,867.7273,8405837.0,0.07829850852449316
TV Manufacturing & Supplier Unit,2013-08-10,2226,103.4,104.8,99.5,400.1,1680,672168.0,69.6637,13.080365,102.3094,1393.8565,610.286,86.23,34.2365,117.6818,280.8182,840.1364,8405837.0,0.07996443423778024
TV Manufacturing & Supplier Unit,2013-08-11,2134,103.4,104.8,99.5,400.1,1642,656964.2000000001,66.0726,13.407284,95.4486,1428.7871,622.095,95.229,60.6667,100.9091,284.9545,796.5909,8405837.0,0.0781557148919257
TV Manufacturing & Supplier Unit,2013-08-12,2279,103.4,104.8,99.5,400.1,1681,672568.1000000001,74.1848,13.345691,103.0639,1399.9728,602.0,158.382,18.7505,112.2727,281.6818,914.9091,8405837.0,0.08001203211530275
TV Manufacturing & Supplier Unit,2013-08-13,2212,103.4,104.8,99.5,400.1,1632,652963.2000000001,63.5185,13.116667,97.2917,1400.1282,5072.619,48.039,19.0108,116.8182,265.9091,1379.4091,8405837.0,0.07767973611670081
TV Manufacturing & Supplier Unit,2013-08-14,2245,103.4,104.8,99.5,400.1,1650,660165.0,68.8107,13.319634,96.5201,1397.7889,5413.095,221.528,0.0,118.6364,279.1818,904.5,8405837.0,0.0785364979121056
TV Manufacturing & Supplier Unit,2013-08-15,2280,103.4,104.8,99.5,400.1,1644,657764.4,73.7652,13.23974,97.5,1390.8409,5230.286,208.569,30.429,103.9545,276.2727,828.0455,8405837.0,0.07825091064697068
TV Manufacturing & Supplier Unit,2013-08-16,2240,103.4,104.8,99.5,400.1,1655,662165.5,72.1859,13.440022,97.255,1411.5829,2421.429,136.737,31.5863,109.3182,283.2727,953.0455,8405837.0,0.07877448729971805
TV Manufacturing & Supplier Unit,2013-08-17,2482,103.4,104.8,99.5,400.1,1663,665366.3,66.0888,13.228643,97.6225,1406.0804,2126.714,151.538,43.0027,119.2727,299.3636,945.0,8405837.0,0.07915527031989796
TV Manufacturing & Supplier Unit,2013-08-18,2342,103.4,104.8,99.5,400.1,1637,654963.7000000001,74.5333,12.9675,98.9625,1358.775,6354.571,5.659,43.1783,106.9545,286.7273,896.5,8405837.0,0.07791772550431326
TV Manufacturing & Supplier Unit,2013-08-19,2456,103.4,104.8,99.5,400.1,1542,616954.2000000001,82.3549,13.487846,108.8993,1441.5672,3272.952,173.248,11.7112,138.3182,317.8182,1253.8636,8405837.0,0.07339592713967688
TV Manufacturing & Supplier Unit,2013-08-20,2553,103.4,104.8,99.5,400.1,1559,623755.9,73.0167,13.521857,100.9125,1417.05,2568.714,200.366,11.8272,120.9545,254.0909,912.6818,8405837.0,0.07420509105755917
TV Manufacturing & Supplier Unit,2013-08-21,2134,103.4,104.8,99.5,400.1,1541,616554.1000000001,80.2514,13.530168,101.449,1417.1229,4164.429,100.809,0.0,139.4545,273.4545,1060.3182,8405837.0,0.0733483292621544
TV Manufacturing & Supplier Unit,2013-08-22,2427,103.4,104.8,99.5,400.1,1556,622555.6000000001,74.2157,13.368908,102.5735,1438.0995,3379.333,32.421,50.8308,116.9091,254.0,913.5909,8405837.0,0.07406229742499172
TV Manufacturing & Supplier Unit,2013-08-23,2522,103.4,104.8,99.5,400.1,1553,621355.3,81.9,13.955036,112.8563,1451.775,3155.143,52.031,144.9951,87.1364,241.4545,799.1818,8405837.0,0.07391950379242425
TV Manufacturing & Supplier Unit,2013-08-24,2245,103.4,104.8,99.5,400.1,1534,613753.4,70.4439,13.584207,102.6445,1436.1558,252.905,172.967,95.636,79.3636,221.9545,853.5909,8405837.0,0.07301514411949697
TV Manufacturing & Supplier Unit,2013-08-25,2280,103.4,104.8,99.5,400.1,1579,631757.9,70.8209,13.662473,99.8041,1446.791,2981.048,189.24,11.8084,93.0909,240.1364,881.7273,8405837.0,0.07515704860800894
TV Manufacturing & Supplier Unit,2013-08-26,2543,103.4,104.8,99.5,400.1,1512,604951.2000000001,76.9832,13.57063,103.6278,1462.2905,3706.667,206.839,3.8765,97.9545,244.3636,971.9091,8405837.0,0.07196799081400224
TV Manufacturing & Supplier Unit,2013-08-27,2555,103.4,104.8,99.5,400.1,1545,618154.5,75.0382,13.75095,103.3142,1438.6927,2226.429,132.829,0.0,94.3182,230.0455,868.1818,8405837.0,0.07353872077224434
TV Manufacturing & Supplier Unit,2013-08-28,2261,103.4,104.8,99.5,400.1,1580,632158.0,86.2007,13.771313,118.4677,1477.8226,4038.81,194.316,34.6945,77.8182,197.1818,821.3636,8405837.0,0.07520464648553142
TV Manufacturing & Supplier Unit,2013-08-29,2436,103.4,104.8,99.5,400.1,1542,616954.2000000001,71.3785,13.186582,98.639,1387.5,3323.762,140.09,35.5475,66.8636,191.1818,770.9091,8405837.0,0.07339592713967688
TV Manufacturing & Supplier Unit,2013-08-30,2453,103.4,104.8,99.5,400.1,1581,632558.1000000001,70.1412,13.363559,98.464,1424.4915,4422.667,149.738,15.863,66.9545,194.4545,697.6364,8405837.0,0.07525224436305392
TV Manufacturing & Supplier Unit,2013-08-31,2234,103.4,104.8,99.5,400.1,1532,612953.2000000001,70.0298,13.411224,104.3555,1417.0982,3892.381,99.954,15.817,98.1364,253.5455,928.5455,8405837.0,0.072919948364452
TV Manufacturing & Supplier Unit,2013-09-01,2227,103.4,104.8,99.5,400.1,1550,620155.0,70.7417,13.195929,98.9625,1400.175,1885.191,117.032,0.0,95.9091,254.0455,843.4091,8405837.0,0.07377671015985678
TV Manufacturing & Supplier Unit,2013-09-02,2450,103.4,104.8,99.5,400.1,1544,617754.4,75.7181,13.641109,98.5372,1401.3032,1953.81,121.125,35.811,89.0909,245.5,767.3182,8405837.0,0.07349112289472184
TV Manufacturing & Supplier Unit,2013-09-03,2552,103.4,104.8,99.5,400.1,1655,662165.5,62.6861,12.822399,84.1292,1339.8058,1791.191,189.038,0.0,94.4091,247.6364,802.2273,8405837.0,0.07877448729971805
TV Manufacturing & Supplier Unit,2013-09-04,2133,103.4,104.8,99.5,400.1,1563,625356.3,72.1521,13.686512,97.145,1434.9029,3074.667,196.773,0.0,92.0455,291.5909,785.5909,8405837.0,0.07439548256764913
TV Manufacturing & Supplier Unit,2013-09-05,2424,103.4,104.8,99.5,400.1,1537,614953.7000000001,72.9083,13.361679,102.375,1442.025,3117.048,160.32,0.0,135.0455,249.3182,846.5,8405837.0,0.07315793775206443
TV Manufacturing & Supplier Unit,2013-09-06,2521,103.4,104.8,99.5,400.1,1645,658164.5,71.8265,13.682436,98.0009,1460.4452,2023.524,147.936,40.3932,92.5,221.1818,790.3636,8405837.0,0.07829850852449316
TV Manufacturing & Supplier Unit,2013-09-07,2242,103.4,104.8,99.5,400.1,1680,672168.0,70.9562,13.756545,98.7625,1454.8207,3395.667,262.807,0.0,96.9091,252.4091,898.4545,8405837.0,0.07996443423778024
TV Manufacturing & Supplier Unit,2013-09-08,2284,103.4,104.8,99.5,400.1,1642,656964.2000000001,59.2809,13.217295,84.632,1392.1066,2921.333,311.592,30.3757,106.1818,254.9091,1144.5455,8405837.0,0.0781557148919257
TV Manufacturing & Supplier Unit,2013-09-09,2542,103.4,104.8,99.5,400.1,1681,672568.1000000001,64.7032,13.211155,92.6027,1397.2603,2825.095,455.428,46.9608,126.0455,269.3182,1115.2727,8405837.0,0.08001203211530275
TV Manufacturing & Supplier Unit,2013-09-10,2551,103.4,104.8,99.5,400.1,1632,652963.2000000001,68.4878,13.715226,90.128,1433.561,5082.667,467.509,93.5075,114.2273,324.5909,1271.5455,8405837.0,0.07767973611670081
TV Manufacturing & Supplier Unit,2013-09-11,2261,103.4,104.8,99.5,400.1,1650,660165.0,63.4742,13.85664,89.0317,1441.4789,4011.714,402.614,0.0,118.0455,281.5455,971.7273,8405837.0,0.0785364979121056
TV Manufacturing & Supplier Unit,2013-09-12,2436,103.4,104.8,99.5,400.1,1644,657764.4,61.0278,13.6175,90.3229,1411.8333,2666.857,435.346,105.1623,118.5909,261.4545,893.6818,8405837.0,0.07825091064697068
TV Manufacturing & Supplier Unit,2013-09-13,2453,103.4,104.8,99.5,400.1,1655,662165.5,56.0507,12.873331,75.9069,1322.6087,1675.905,408.612,0.0,175.5455,275.6364,3826.6818,8405837.0,0.07877448729971805
TV Manufacturing & Supplier Unit,2013-09-14,2230,103.4,104.8,99.5,400.1,1663,665366.3,62.4074,13.102381,85.1042,1365.0,3668.476,481.883,104.0112,167.9545,241.7273,2170.1818,8405837.0,0.07915527031989796
TV Manufacturing & Supplier Unit,2013-09-15,2222,103.4,104.8,99.5,400.1,1637,654963.7000000001,58.3943,12.994338,80.5564,1387.4085,0.0,217.694,0.0,95.0,216.7273,969.1818,8405837.0,0.07791772550431326
TV Manufacturing & Supplier Unit,2013-09-16,1935,103.4,104.8,99.5,400.1,1659,663765.9,47.5541,12.722032,73.125,1333.3442,2429.714,52.865,25.8875,111.0909,234.9545,1835.1818,8405837.0,0.078964878809808
TV Manufacturing & Supplier Unit,2013-09-17,1938,103.4,104.8,99.5,400.1,1641,656564.1000000001,59.8805,13.436076,80.3244,1381.6456,2754.048,88.948,26.1196,115.1818,242.5909,1697.8636,8405837.0,0.07810811701440322
TV Manufacturing & Supplier Unit,2013-09-18,1982,103.4,104.8,99.5,400.1,1656,662565.6000000001,61.2679,13.43674,77.7901,1413.0861,2785.095,57.238,36.1466,141.6818,237.7727,1549.3636,8405837.0,0.07882208517724054
TV Manufacturing & Supplier Unit,2013-09-19,1934,103.4,104.8,99.5,400.1,1653,661365.3,71.0122,13.404974,84.7382,1402.9319,4393.286,28.846,62.6395,108.2273,248.8182,1114.8636,8405837.0,0.07867929154467307
TV Manufacturing & Supplier Unit,2013-09-20,1941,103.4,104.8,99.5,400.1,1634,653763.4,60.1852,13.030952,83.9583,1380.0,3948.333,621.432,20.7815,108.3182,276.7273,1028.1364,8405837.0,0.07777493187174579
TV Manufacturing & Supplier Unit,2013-09-21,1930,103.4,104.8,99.5,400.1,1679,671767.9,67.0833,13.468929,85.2188,1415.7115,5381.381,1040.787,51.0694,119.9545,276.2727,941.4545,8405837.0,0.07991683636025776
TV Manufacturing & Supplier Unit,2013-09-22,1942,103.4,103.6,99.5,400.1,1612,644961.2000000001,60.6469,13.100489,78.3562,1368.8356,4420.81,854.31,0.0,89.8636,226.3636,896.9545,8405837.0,0.07672777856625106
TV Manufacturing & Supplier Unit,2013-09-23,1939,103.4,103.6,99.5,400.1,1645,658164.5,58.1144,13.07043,80.045,1371.6737,4524.381,587.16,0.0,99.0,220.6818,1072.0455,8405837.0,0.07829850852449316
TV Manufacturing & Supplier Unit,2013-09-24,1978,103.4,103.6,99.5,400.1,1680,672168.0,57.3207,13.081103,83.5127,1380.6962,3647.762,522.584,0.0,108.6364,278.2273,928.5909,8405837.0,0.07996443423778024
TV Manufacturing & Supplier Unit,2013-09-25,1932,103.4,103.6,99.5,400.1,1640,656164.0,60.7032,13.50425,77.856,1385.1266,3238.143,900.812,47.174,157.2727,258.3636,1084.3636,8405837.0,0.07806051913688072
TV Manufacturing & Supplier Unit,2013-09-26,1914,103.4,103.6,99.5,400.1,1682,672968.2000000001,59.1749,13.853677,75.5225,1437.6393,4245.857,818.376,0.0,104.3636,233.6818,807.0909,8405837.0,0.08005962999282523
TV Manufacturing & Supplier Unit,2013-09-27,1901,103.4,103.6,99.5,400.1,1642,656964.2000000001,65.1245,13.325,78.0981,1381.7672,3604.0,1100.992,46.782,109.6364,226.5909,889.8636,8405837.0,0.0781557148919257
TV Manufacturing & Supplier Unit,2013-09-28,1936,103.4,103.6,99.5,400.1,1659,663765.9,60.6667,13.488857,76.725,1399.6615,4168.952,272.036,0.0,93.9545,222.7727,805.9091,8405837.0,0.078964878809808
TV Manufacturing & Supplier Unit,2013-09-29,1993,102.5,103.6,99.5,400.1,1641,656564.1000000001,59.1026,13.206593,78.6058,1369.3491,3984.429,817.581,31.3919,81.9091,225.1818,816.2727,8405837.0,0.07810811701440322
TV Manufacturing & Supplier Unit,2013-09-30,1902,102.5,103.6,99.5,400.1,1656,662565.6000000001,61.1351,12.775135,76.2872,1341.7297,3943.524,1288.844,31.1817,98.6818,224.5455,855.8636,8405837.0,0.07882208517724054
TV Manufacturing & Supplier Unit,2013-10-01,1907,102.5,103.6,99.5,400.1,1653,661365.3,53.7865,12.940132,74.9424,1323.5526,5732.0,540.757,31.5487,111.0455,232.8636,791.3636,8405837.0,0.07867929154467307
TV Manufacturing & Supplier Unit,2013-10-02,1917,102.5,103.6,99.5,400.1,1634,653763.4,71.5344,13.742857,90.9226,1448.9683,4794.048,1244.833,31.3605,93.0455,200.0,889.3636,8405837.0,0.07777493187174579
TV Manufacturing & Supplier Unit,2013-10-03,1912,102.5,103.6,99.5,400.1,1679,671767.9,64.2846,13.314926,83.8178,1382.5472,4364.333,1758.402,0.0,133.5,244.9091,1398.6364,8405837.0,0.07991683636025776
TV Manufacturing & Supplier Unit,2013-10-04,1964,102.5,103.6,99.5,400.1,1612,644961.2000000001,65.7941,12.818661,84.1001,1347.2513,4294.238,1030.257,0.0,86.7727,258.7727,755.4545,8405837.0,0.07672777856625106
TV Manufacturing & Supplier Unit,2013-10-05,1927,102.5,103.6,99.5,400.1,1645,658164.5,62.4,13.546531,82.5964,1416.1714,3653.238,1418.209,33.6281,121.1818,305.2727,1097.0455,8405837.0,0.07829850852449316
TV Manufacturing & Supplier Unit,2013-10-06,1827,102.5,103.6,99.5,400.1,1782,712978.2000000001,53.7727,12.961169,74.8977,1344.9545,3609.905,715.315,0.0,94.1364,235.6818,781.4545,8405837.0,0.08481941774507405
TV Manufacturing & Supplier Unit,2013-10-07,1822,102.5,103.6,99.5,400.1,1742,696974.2000000001,52.8214,13.362325,71.2132,1351.5686,4121.333,917.361,0.0,107.1364,281.2727,977.0,8405837.0,0.08291550264417452
TV Manufacturing & Supplier Unit,2013-10-08,1825,102.5,103.6,99.5,400.1,1759,703775.9,57.7518,12.776208,78.5612,1324.1547,4237.095,1791.183,0.0,95.8636,234.8182,1045.8636,8405837.0,0.08372466656205682
TV Manufacturing & Supplier Unit,2013-10-09,1810,102.5,103.6,99.5,400.1,1741,696574.1000000001,51.1271,11.920452,72.7743,1257.518,5421.762,1438.156,0.0,98.8636,239.5455,1194.5909,8405837.0,0.08286790476665204
TV Manufacturing & Supplier Unit,2013-10-10,1840,102.5,103.6,99.5,400.1,1756,702575.6000000001,52.1501,12.719017,71.1201,1302.2078,3889.762,1296.546,66.0518,84.0455,229.9545,1077.9545,8405837.0,0.08358187292948936
TV Manufacturing & Supplier Unit,2013-10-11,1866,102.5,103.6,99.5,400.1,1753,701375.3,51.7909,12.351222,75.2632,1311.1184,0.0,1606.041,31.3291,106.0455,229.2727,1248.6364,8405837.0,0.08343907929692189
TV Manufacturing & Supplier Unit,2013-10-12,1806,102.5,103.6,99.5,400.1,1740,696174.0,48.2576,12.586364,67.7699,1285.6818,4385.238,733.219,31.442,163.0,220.1364,863.9091,8405837.0,0.08282030688912954
TV Manufacturing & Supplier Unit,2013-10-13,1876,102.5,103.6,99.5,400.1,1766,706576.6000000001,66.1017,13.261653,90.58,1389.4068,4190.619,559.335,98.8613,97.1364,231.2273,931.4545,8405837.0,0.08405785170471425
TV Manufacturing & Supplier Unit,2013-10-14,1834,102.5,103.6,99.5,400.1,1706,682570.6000000001,59.9742,13.437482,83.5535,1403.4278,4585.81,594.017,81.0844,227.4091,348.1818,5330.5909,8405837.0,0.08120197905336496
TV Manufacturing & Supplier Unit,2013-10-15,1846,102.5,103.6,99.5,400.1,1776,710577.6000000001,55.2248,13.235382,74.939,1407.8372,4315.667,1528.002,60.6353,217.6364,246.2273,1589.4545,8405837.0,0.08453383047993913
TV Manufacturing & Supplier Unit,2013-10-16,1846,102.5,103.6,99.5,400.1,1734,693773.4,41.9396,10.782832,72.2697,1124.5614,3302.667,1456.185,20.4679,906.7727,254.8182,1904.4545,8405837.0,0.08253471962399461
TV Manufacturing & Supplier Unit,2013-10-17,1816,102.5,103.6,99.5,400.1,1746,698574.6000000001,41.6303,10.945789,77.2762,1151.9869,4852.238,1309.68,5.8744,1169.4091,272.7273,2055.2727,8405837.0,0.08310589415426448
TV Manufacturing & Supplier Unit,2013-10-18,1805,102.5,103.6,99.5,400.1,1759,703775.9,41.6467,10.320488,74.1467,1067.1557,4218.524,1074.439,118.4667,124.0,243.8182,1194.0455,8405837.0,0.08372466656205682
TV Manufacturing & Supplier Unit,2013-10-19,1861,102.5,103.6,99.5,400.1,1741,696574.1000000001,43.8592,10.441019,82.8277,1122.3786,3900.429,1201.36,33.12,84.6818,223.3182,859.0909,8405837.0,0.08286790476665204
TV Manufacturing & Supplier Unit,2013-10-20,1805,102.5,103.6,99.5,400.1,1756,702575.6000000001,48.425,11.099679,92.7469,1155.225,4992.524,1321.858,64.7,76.0,199.4545,920.6818,8405837.0,0.08358187292948936
TV Manufacturing & Supplier Unit,2013-10-21,1826,102.5,103.6,99.5,400.1,1753,701375.3,41.2437,10.780856,74.2386,1114.6447,4108.857,1051.006,85.2464,87.1364,403.7727,1091.8182,8405837.0,0.08343907929692189
TV Manufacturing & Supplier Unit,2013-10-22,1834,102.5,103.6,99.5,400.1,1734,693773.4,38.057,10.027128,75.1457,1070.1295,3149.857,935.436,7.3203,110.7727,268.5455,1095.4091,8405837.0,0.08253471962399461
TV Manufacturing & Supplier Unit,2013-10-23,1879,102.5,103.6,99.5,400.1,1779,711777.9,38.1959,10.518225,79.5329,1105.0515,3783.0,1674.99,35.0395,96.7273,225.7727,861.1364,8405837.0,0.08467662411250658
TV Manufacturing & Supplier Unit,2013-10-24,1812,102.5,103.6,99.5,400.1,1712,684971.2000000001,40.6498,10.727556,81.7345,1115.9174,3883.095,1066.52,0.0,131.6818,210.3182,849.5455,8405837.0,0.08148756631849988
TV Manufacturing & Supplier Unit,2013-10-25,1845,102.5,103.6,99.5,400.1,1788,715378.8,41.3988,10.489955,73.4515,1080.4018,3695.714,1119.701,70.3706,152.5,214.1818,950.0909,8405837.0,0.08510500501020898
TV Manufacturing & Supplier Unit,2013-10-26,1880,102.5,103.6,99.5,400.1,1755,702175.5,48.3967,11.065644,83.9878,1155.6522,4390.143,1153.756,101.5147,95.1364,226.2273,852.8182,8405837.0,0.08353427505196687
TV Manufacturing & Supplier Unit,2013-10-27,1927,102.5,103.6,99.5,400.1,1776,710577.6000000001,42.5309,10.512018,77.8968,1084.3651,4997.381,1430.851,101.9914,106.3182,282.0,901.0,8405837.0,0.08453383047993913
TV Manufacturing & Supplier Unit,2013-10-28,1827,102.5,103.6,99.5,400.1,1734,693773.4,44.4388,10.814541,81.4573,1140.6888,4414.286,996.813,33.7128,92.0455,246.8182,962.8182,8405837.0,0.08253471962399461
TV Manufacturing & Supplier Unit,2013-10-29,1822,102.5,103.6,99.5,400.1,1746,698574.6000000001,42.6279,11.224485,79.3605,1176.2093,3298.952,390.3756,0.0,891.5664,1540.4294,7307.3182,8405837.0,0.08310589415426448
TV Manufacturing & Supplier Unit,2013-10-30,1825,102.5,103.6,99.5,400.1,1759,703775.9,49.221,10.995497,86.8139,1151.5217,2838.129,462.8413,17.6288,173.3708,394.712,1420.9545,8405837.0,0.08372466656205682
TV Manufacturing & Supplier Unit,2013-10-31,1810,102.5,103.6,99.5,400.1,1741,696574.1000000001,46.2566,11.370578,84.5387,1162.7381,2744.632,676.4964,27.254,165.5566,493.4066,1356.9091,8405837.0,0.08286790476665204
TV Manufacturing & Supplier Unit,2013-11-01,1840,102.5,103.6,99.5,400.1,1756,702575.6000000001,42.2917,11.085268,79.8047,1147.7163,4937.903,694.4416,54.2678,149.4013,543.3876,1224.5,8405837.0,0.08358187292948936
TV Manufacturing & Supplier Unit,2013-11-02,1866,102.5,103.6,99.5,400.1,1753,701375.3,38.9348,10.688346,72.2086,1090.9399,2590.9,646.6664,61.0317,108.051,280.2315,885.5909,8405837.0,0.08343907929692189
TV Manufacturing & Supplier Unit,2013-11-03,1806,102.5,103.6,99.5,400.1,1734,693773.4,44.3651,10.86308,79.3506,1129.2857,1628.172,606.9556,0.0,163.1774,580.3669,1337.4091,8405837.0,0.08253471962399461
TV Manufacturing & Supplier Unit,2013-11-04,1876,102.5,103.6,99.5,400.1,1779,711777.9,38.7023,10.894057,79.2653,1151.4504,3563.992,715.7929,60.3637,115.3161,249.0141,945.1364,8405837.0,0.08467662411250658
TV Manufacturing & Supplier Unit,2013-11-05,1834,102.5,103.6,99.5,400.1,1712,684971.2000000001,46.6838,11.338144,81.9201,1179.433,0.0,323.3644,0.0,113.4305,240.695,929.6818,8405837.0,0.08148756631849988
TV Manufacturing & Supplier Unit,2013-11-06,3752,102.5,103.6,99.5,400.1,3153,1261515.3,41.5698,10.810839,78.3685,1107.2965,2360.512,78.5261,15.024,123.818,311.9083,1014.8182,8405837.0,0.15007610782840544
TV Manufacturing & Supplier Unit,2013-11-07,3779,102.5,103.6,99.5,400.1,3134,1253913.4,42.8271,11.439653,77.9089,1161.9393,2675.608,132.1241,15.1587,168.141,304.1815,1378.0909,8405837.0,0.14917174815547815
TV Manufacturing & Supplier Unit,2013-11-08,3582,102.5,103.6,99.5,400.1,3179,1271917.9,37.9167,11.885714,62.9688,1251.25,2705.771,85.0218,20.9779,178.9666,381.9316,1466.8182,8405837.0,0.1513136526439901
TV Manufacturing & Supplier Unit,2013-11-09,3551,102.5,103.6,99.5,400.1,3112,1245111.2000000002,38.9348,10.688346,79.3506,1090.9399,4268.157,42.8481,36.3533,131.8041,378.6272,1080.2727,8405837.0,0.14812459484998344
TV Manufacturing & Supplier Unit,2013-11-10,3427,102.5,103.6,99.5,400.1,3145,1258314.5,41.5698,10.810839,78.3685,1107.2965,2360.512,78.5261,15.024,123.818,311.9083,1014.8182,8405837.0,0.14969532480822553
TV Manufacturing & Supplier Unit,2013-11-11,3427,102.5,103.6,99.5,400.1,3180,1272318.0,42.8271,11.439653,77.9089,1161.9393,2675.608,132.1241,15.1587,168.141,304.1815,1378.0909,8405837.0,0.1513612505215126
TV Manufacturing & Supplier Unit,2013-11-12,3428,102.5,103.6,99.5,400.1,3140,1256314.0,37.9167,11.885714,62.9688,1251.25,2705.771,85.0218,20.9779,178.9666,381.9316,1466.8182,8405837.0,0.14945733542061307
TV Manufacturing & Supplier Unit,2013-11-13,3427,102.5,103.6,99.5,400.1,3182,1273118.2000000002,38.7023,10.688346,79.3506,1090.9399,4268.157,42.8481,36.3533,131.8041,378.6272,1080.2727,8405837.0,0.1514564462765576
TV Manufacturing & Supplier Unit,2013-11-14,3445,102.5,103.6,99.5,400.1,3142,1257114.2000000002,77.4819,14.104193,112.337,1479.4565,722.571,95.333,11.8398,91.0,276.3636,756.5909,8405837.0,0.1495525311756581
TV Manufacturing & Supplier Unit,2013-11-15,3472,102.5,103.6,99.5,400.1,3159,1263915.9,73.4783,13.298758,105.7133,1369.8913,717.857,114.957,27.8039,111.9091,291.3182,860.1364,8405837.0,0.15036169509354036
TV Manufacturing & Supplier Unit,2013-11-16,3409,102.5,103.6,99.5,400.1,3141,1256714.1,80.6093,13.200691,108.7702,1428.0645,653.333,113.09,0.0,94.6364,282.7273,751.9545,8405837.0,0.14950493329813558
TV Manufacturing & Supplier Unit,2013-11-17,3486,102.5,103.6,99.5,400.1,3156,1262715.6,65.9319,12.721429,93.3065,1309.3548,622.095,72.442,0.0,98.5909,306.3182,749.4545,8405837.0,0.15021890146097291
TV Manufacturing & Supplier Unit,2013-11-18,2242,102.5,103.6,99.5,400.1,1980,792198.0,77.4819,14.104193,112.337,1479.4565,722.571,95.333,11.8398,91.0,276.3636,756.5909,8405837.0,0.09424379749452672
TV Manufacturing & Supplier Unit,2013-11-19,2284,102.5,103.6,99.5,400.1,1942,776994.2000000001,73.4783,13.298758,105.7133,1369.8913,717.857,114.957,27.8039,111.9091,291.3182,860.1364,8405837.0,0.09243507814867218
TV Manufacturing & Supplier Unit,2013-11-20,2542,102.5,103.6,99.5,400.1,1981,792598.1000000001,80.6093,13.200691,108.7702,1428.0645,653.333,113.09,0.0,94.6364,282.7273,751.9545,8405837.0,0.09429139537204922
TV Manufacturing & Supplier Unit,2013-11-21,2551,102.5,103.6,99.5,400.1,1832,732983.2000000001,65.9319,12.721429,93.3065,1309.3548,622.095,72.442,0.0,98.5909,306.3182,749.4545,8405837.0,0.08719931162119847
TV Manufacturing & Supplier Unit,2013-11-22,2261,102.5,103.6,99.5,400.1,1850,740185.0,89.7283,13.792314,117.6359,1417.0109,624.238,87.649,0.0,105.0455,306.4545,754.2727,8405837.0,0.08805607341660325
TV Manufacturing & Supplier Unit,2013-11-23,2436,102.5,103.6,99.5,400.1,1844,737784.4,68.8095,12.581633,91.6071,1334.3407,611.714,38.235,0.0,108.0,305.9545,776.6364,8405837.0,0.08777048615146832
TV Manufacturing & Supplier Unit,2013-11-24,2453,102.5,103.6,99.5,400.1,1855,742185.5,80.1434,13.419355,101.6935,1390.6452,627.238,92.486,6.9945,112.9545,304.8636,867.1818,8405837.0,0.08829406280421569
TV Manufacturing & Supplier Unit,2013-11-25,2230,102.5,103.6,99.5,400.1,1863,745386.3,84.3369,13.476267,105.8871,1442.5806,613.143,206.96,69.9877,115.3636,298.5455,905.4091,8405837.0,0.0886748458243956
TV Manufacturing & Supplier Unit,2013-11-26,2222,102.5,103.6,99.5,400.1,1837,734983.7000000001,75.4189,13.207026,104.5594,1417.1311,615.857,83.632,49.589,171.5,309.6818,880.5909,8405837.0,0.0874373010088109
TV Manufacturing & Supplier Unit,2013-11-27,1935,102.5,103.6,99.5,400.1,1759,703775.9,70.7921,12.964604,97.6207,1357.7228,688.667,118.126,46.3774,123.8182,273.7727,791.7727,8405837.0,0.08372466656205682
TV Manufacturing & Supplier Unit,2013-11-28,1938,102.5,103.6,99.5,400.1,1741,696574.1000000001,68.9912,13.25047,102.4712,1378.4211,636.667,125.388,47.8766,111.2727,275.6818,867.7273,8405837.0,0.08286790476665204
TV Manufacturing & Supplier Unit,2013-11-29,1982,102.5,103.6,99.5,400.1,1756,702575.6000000001,69.6637,13.080365,102.3094,1393.8565,610.286,86.23,34.2365,117.6818,280.8182,840.1364,8405837.0,0.08358187292948936
TV Manufacturing & Supplier Unit,2013-11-30,1934,102.5,103.6,99.5,400.1,1653,661365.3,66.0726,13.407284,95.4486,1428.7871,622.095,95.229,60.6667,100.9091,284.9545,796.5909,8405837.0,0.07867929154467307
TV Manufacturing & Supplier Unit,2013-12-01,1941,102.5,103.6,99.5,400.1,1634,653763.4,74.1848,13.345691,103.0639,1399.9728,602.0,158.382,18.7505,112.2727,281.6818,914.9091,8405837.0,0.07777493187174579
TV Manufacturing & Supplier Unit,2013-12-02,1930,102.5,103.6,99.5,400.1,1679,671767.9,63.5185,13.116667,97.2917,1400.1282,5072.619,48.039,19.0108,116.8182,265.9091,1379.4091,8405837.0,0.07991683636025776
TV Manufacturing & Supplier Unit,2013-12-03,2133,102.5,103.6,99.5,400.1,1746,698574.6000000001,68.8107,13.319634,96.5201,1397.7889,5413.095,221.528,0.0,118.6364,279.1818,904.5,8405837.0,0.08310589415426448
TV Manufacturing & Supplier Unit,2013-12-04,2424,102.5,103.6,99.5,400.1,1759,703775.9,73.7652,13.23974,97.5,1390.8409,5230.286,208.569,30.429,103.9545,276.2727,828.0455,8405837.0,0.08372466656205682
TV Manufacturing & Supplier Unit,2013-12-05,2521,102.5,103.6,99.5,400.1,1741,696574.1000000001,72.1859,13.440022,97.255,1411.5829,2421.429,136.737,31.5863,109.3182,283.2727,953.0455,8405837.0,0.08286790476665204
TV Manufacturing & Supplier Unit,2013-12-06,2242,102.5,103.6,99.5,400.1,1756,702575.6000000001,66.0888,13.228643,97.6225,1406.0804,2126.714,151.538,43.0027,119.2727,299.3636,945.0,8405837.0,0.08358187292948936
TV Manufacturing & Supplier Unit,2013-12-07,2284,102.5,103.6,99.5,400.1,1753,701375.3,74.5333,12.9675,98.9625,1358.775,6354.571,5.659,43.1783,106.9545,286.7273,896.5,8405837.0,0.08343907929692189
TV Manufacturing & Supplier Unit,2013-12-08,2133,102.5,103.6,99.5,400.1,1734,693773.4,82.3549,13.487846,108.8993,1441.5672,3272.952,173.248,11.7112,138.3182,317.8182,1253.8636,8405837.0,0.08253471962399461
TV Manufacturing & Supplier Unit,2013-12-09,2424,102.5,103.6,99.5,400.1,1779,711777.9,73.0167,13.521857,100.9125,1417.05,2568.714,200.366,11.8272,120.9545,254.0909,912.6818,8405837.0,0.08467662411250658
TV Manufacturing & Supplier Unit,2013-12-10,2421,102.5,103.6,99.5,400.1,1712,684971.2000000001,80.2514,13.530168,101.449,1417.1229,4164.429,100.809,0.0,139.4545,273.4545,1060.3182,8405837.0,0.08148756631849988
TV Manufacturing & Supplier Unit,2013-12-11,2242,102.5,103.6,99.5,400.1,1788,715378.8,74.2157,13.368908,102.5735,1438.0995,3379.333,32.421,50.8308,116.9091,254.0,913.5909,8405837.0,0.08510500501020898
TV Manufacturing & Supplier Unit,2013-12-12,2284,102.5,103.6,99.5,400.1,1755,702175.5,81.9,13.955036,112.8563,1451.775,3155.143,52.031,144.9951,87.1364,241.4545,799.1818,8405837.0,0.08353427505196687
TV Manufacturing & Supplier Unit,2013-12-13,2245,102.5,103.6,99.5,400.1,1776,710577.6000000001,70.4439,13.584207,102.6445,1436.1558,252.905,172.967,95.636,79.3636,221.9545,853.5909,8405837.0,0.08453383047993913
TV Manufacturing & Supplier Unit,2013-12-14,2280,102.5,103.6,99.5,400.1,1656,662565.6000000001,70.8209,13.662473,99.8041,1446.791,2981.048,189.24,11.8084,93.0909,240.1364,881.7273,8405837.0,0.07882208517724054
TV Manufacturing & Supplier Unit,2013-12-15,2443,102.5,103.6,99.5,400.1,1653,661365.3,76.9832,13.57063,103.6278,1462.2905,3706.667,206.839,3.8765,97.9545,244.3636,971.9091,8405837.0,0.07867929154467307
TV Manufacturing & Supplier Unit,2013-12-16,2355,102.5,103.6,99.5,400.1,1634,653763.4,75.0382,13.75095,103.3142,1438.6927,2226.429,132.829,0.0,94.3182,230.0455,868.1818,8405837.0,0.07777493187174579
TV Manufacturing & Supplier Unit,2013-12-17,2261,102.5,103.6,99.5,400.1,1679,671767.9,86.2007,13.771313,118.4677,1477.8226,4038.81,194.316,34.6945,77.8182,197.1818,821.3636,8405837.0,0.07991683636025776
TV Manufacturing & Supplier Unit,2013-12-18,2436,102.5,103.6,99.5,400.1,1612,644961.2000000001,71.3785,13.186582,98.639,1387.5,3323.762,140.09,35.5475,66.8636,191.1818,770.9091,8405837.0,0.07672777856625106
TV Manufacturing & Supplier Unit,2013-12-19,2453,102.5,103.6,99.5,400.1,1645,658164.5,70.1412,13.363559,98.464,1424.4915,4422.667,149.738,15.863,66.9545,194.4545,697.6364,8405837.0,0.07829850852449316
TV Manufacturing & Supplier Unit,2013-12-20,2234,102.5,103.6,99.5,400.1,1782,712978.2000000001,70.0298,13.411224,104.3555,1417.0982,3892.381,99.954,15.817,98.1364,253.5455,928.5455,8405837.0,0.08481941774507405
TV Manufacturing & Supplier Unit,2013-12-21,2227,102.5,103.6,99.5,400.1,1742,696974.2000000001,70.7417,13.195929,98.9625,1400.175,1885.191,117.032,0.0,95.9091,254.0455,843.4091,8405837.0,0.08291550264417452
TV Manufacturing & Supplier Unit,2013-12-22,2122,102.5,103.6,99.5,400.1,1759,703775.9,75.7181,13.641109,98.5372,1401.3032,1953.81,121.125,35.811,89.0909,245.5,767.3182,8405837.0,0.08372466656205682
TV Manufacturing & Supplier Unit,2013-12-23,2225,102.5,103.6,99.5,400.1,1741,696574.1000000001,62.6861,12.822399,84.1292,1339.8058,1791.191,189.038,0.0,94.4091,247.6364,802.2273,8405837.0,0.08286790476665204
TV Manufacturing & Supplier Unit,2013-12-24,2210,102.5,103.6,99.5,400.1,1756,702575.6000000001,72.1521,13.686512,97.145,1434.9029,3074.667,196.773,0.0,92.0455,291.5909,785.5909,8405837.0,0.08358187292948936
TV Manufacturing & Supplier Unit,2013-12-25,2240,102.5,103.6,99.5,400.1,1753,701375.3,72.9083,13.361679,102.375,1442.025,3117.048,160.32,0.0,135.0455,249.3182,846.5,8405837.0,0.08343907929692189
TV Manufacturing & Supplier Unit,2013-12-26,2266,102.5,103.6,99.5,400.1,1740,696174.0,71.8265,13.682436,98.0009,1460.4452,2023.524,147.936,40.3932,92.5,221.1818,790.3636,8405837.0,0.08282030688912954
TV Manufacturing & Supplier Unit,2013-12-27,2206,102.5,103.6,99.5,400.1,1766,706576.6000000001,70.9562,13.756545,98.7625,1454.8207,3395.667,262.807,0.0,96.9091,252.4091,898.4545,8405837.0,0.08405785170471425
TV Manufacturing & Supplier Unit,2013-12-28,2176,102.5,103.6,99.5,400.1,1706,682570.6000000001,59.2809,13.217295,84.632,1392.1066,2921.333,311.592,30.3757,106.1818,254.9091,1144.5455,8405837.0,0.08120197905336496
TV Manufacturing & Supplier Unit,2013-12-29,2234,102.5,103.6,99.5,400.1,1776,710577.6000000001,64.7032,13.211155,92.6027,1397.2603,2825.095,455.428,46.9608,126.0455,269.3182,1115.2727,8405837.0,0.08453383047993913
TV Manufacturing & Supplier Unit,2013-12-30,3446,102.5,103.6,99.5,400.1,3534,1413953.4,68.4878,13.715226,90.128,1433.561,5082.667,467.509,93.5075,114.2273,324.5909,1271.5455,8405837.0,0.16821089916447343
TV Manufacturing & Supplier Unit,2013-12-31,3346,102.5,103.6,99.5,400.1,4046,1618804.6,63.4742,13.85664,89.0317,1441.4789,4011.714,402.614,0.0,118.0455,281.5455,971.7273,8405837.0,0.19258101245598744
TV Manufacturing & Supplier Unit,2014-01-01,3216,102.5,103.6,99.5,400.1,4159,1664015.9,61.0278,13.6175,90.3229,1411.8333,2666.857,435.346,105.1623,118.5909,261.4545,893.6818,8405837.0,0.1979595726160286
TV Manufacturing & Supplier Unit,2014-01-02,3305,102.5,103.6,99.5,400.1,4241,1696824.1,56.0507,12.873331,75.9069,1322.6087,1675.905,408.612,0.0,175.5455,275.6364,3826.6818,8405837.0,0.20186259857287264
TV Manufacturing & Supplier Unit,2014-01-03,2261,102.5,103.6,99.5,400.1,2856,1142685.6,62.4074,13.102381,85.1042,1365.0,3668.476,481.883,104.0112,167.9545,241.7273,2170.1818,8405837.0,0.13593953820422644
TV Manufacturing & Supplier Unit,2014-01-04,2305,102.5,103.6,99.5,400.1,2653,1061465.3,58.3943,12.994338,80.5564,1387.4085,0.0,217.694,0.0,95.0,216.7273,969.1818,8405837.0,0.1262771690671613
TV Manufacturing & Supplier Unit,2014-01-05,2226,102.5,103.6,99.5,400.1,2634,1053863.4,47.5541,12.722032,73.125,1333.3442,2429.714,52.865,25.8875,111.0909,234.9545,1835.1818,8405837.0,0.125372809394234
TV Manufacturing & Supplier Unit,2014-01-06,2134,102.5,103.6,99.5,400.1,2079,831807.9,59.8805,13.436076,80.3244,1381.6456,2754.048,88.948,26.1196,115.1818,242.5909,1697.8636,8405837.0,0.09895598736925305
TV Manufacturing & Supplier Unit,2014-01-07,2279,102.5,103.6,99.5,400.1,1912,764991.2000000001,61.2679,13.43674,77.7901,1413.0861,2785.095,57.238,36.1466,141.6818,237.7727,1549.3636,8405837.0,0.09100714182299753
TV Manufacturing & Supplier Unit,2014-01-08,2212,102.5,103.6,99.5,400.1,1845,738184.5,71.0122,13.404974,84.7382,1402.9319,4393.286,28.846,62.6395,108.2273,248.8182,1114.8636,8405837.0,0.0878180840289908
TV Manufacturing & Supplier Unit,2014-01-09,2245,102.5,103.6,99.5,400.1,1782,712978.2000000001,60.1852,13.030952,83.9583,1380.0,3948.333,621.432,20.7815,108.3182,276.7273,1028.1364,8405837.0,0.08481941774507405
TV Manufacturing & Supplier Unit,2014-01-10,2280,102.5,103.6,99.5,400.1,1742,696974.2000000001,67.0833,13.468929,85.2188,1415.7115,5381.381,1040.787,51.0694,119.9545,276.2727,941.4545,8405837.0,0.08291550264417452
TV Manufacturing & Supplier Unit,2014-01-11,2240,102.5,103.6,99.5,400.1,1759,703775.9,60.6469,13.100489,78.3562,1368.8356,4420.81,854.31,0.0,89.8636,226.3636,896.9545,8405837.0,0.08372466656205682
TV Manufacturing & Supplier Unit,2014-01-12,2482,102.5,103.6,99.5,400.1,1741,696574.1000000001,58.1144,13.07043,80.045,1371.6737,4524.381,587.16,0.0,99.0,220.6818,1072.0455,8405837.0,0.08286790476665204
TV Manufacturing & Supplier Unit,2014-01-13,2342,102.5,103.6,99.5,400.1,1756,702575.6000000001,57.3207,13.081103,83.5127,1380.6962,3647.762,522.584,0.0,108.6364,278.2273,928.5909,8405837.0,0.08358187292948936
TV Manufacturing & Supplier Unit,2014-01-14,2436,102.5,103.6,99.5,400.1,1753,701375.3,60.7032,13.50425,77.856,1385.1266,3238.143,900.812,47.174,157.2727,258.3636,1084.3636,8405837.0,0.08343907929692189
TV Manufacturing & Supplier Unit,2014-01-15,2453,102.5,103.6,99.5,400.1,1740,696174.0,59.1749,13.853677,75.5225,1437.6393,4245.857,818.376,0.0,104.3636,233.6818,807.0909,8405837.0,0.08282030688912954
TV Manufacturing & Supplier Unit,2014-01-16,2234,102.5,103.6,99.5,400.1,1766,706576.6000000001,65.1245,13.325,78.0981,1381.7672,3604.0,1100.992,46.782,109.6364,226.5909,889.8636,8405837.0,0.08405785170471425
TV Manufacturing & Supplier Unit,2014-01-17,2227,102.5,103.6,99.5,400.1,1706,682570.6000000001,60.6667,13.488857,76.725,1399.6615,4168.952,272.036,0.0,93.9545,222.7727,805.9091,8405837.0,0.08120197905336496
TV Manufacturing & Supplier Unit,2014-01-18,2122,102.5,103.6,99.5,400.1,1776,710577.6000000001,59.1026,13.206593,78.6058,1369.3491,3984.429,817.581,31.3919,81.9091,225.1818,816.2727,8405837.0,0.08453383047993913
TV Manufacturing & Supplier Unit,2014-01-19,2225,102.5,103.6,99.5,400.1,1734,693773.4,61.1351,12.775135,76.2872,1341.7297,3943.524,1288.844,31.1817,98.6818,224.5455,855.8636,8405837.0,0.08253471962399461
TV Manufacturing & Supplier Unit,2014-01-20,2210,102.5,103.6,99.5,400.1,1746,698574.6000000001,53.7865,12.940132,74.9424,1323.5526,5732.0,540.757,31.5487,111.0455,232.8636,791.3636,8405837.0,0.08310589415426448
TV Manufacturing & Supplier Unit,2014-01-21,2240,102.5,103.6,99.5,400.1,1759,703775.9,71.5344,13.742857,90.9226,1448.9683,4794.048,1244.833,31.3605,93.0455,200.0,889.3636,8405837.0,0.08372466656205682
TV Manufacturing & Supplier Unit,2014-01-22,2266,102.5,103.6,99.5,400.1,1741,696574.1000000001,64.2846,13.314926,83.8178,1382.5472,4364.333,1758.402,0.0,133.5,244.9091,1398.6364,8405837.0,0.08286790476665204
TV Manufacturing & Supplier Unit,2014-01-23,2206,102.5,103.6,99.5,400.1,1855,742185.5,65.7941,12.818661,84.1001,1347.2513,4294.238,1030.257,0.0,86.7727,258.7727,755.4545,8405837.0,0.08829406280421569
TV Manufacturing & Supplier Unit,2014-01-24,2176,102.5,103.6,99.5,400.1,1863,745386.3,62.4,13.546531,82.5964,1416.1714,3653.238,1418.209,33.6281,121.1818,305.2727,1097.0455,8405837.0,0.0886748458243956
TV Manufacturing & Supplier Unit,2014-01-25,2234,102.5,103.6,99.5,400.1,1837,734983.7000000001,53.7727,12.961169,74.8977,1344.9545,3609.905,715.315,0.0,94.1364,235.6818,781.4545,8405837.0,0.0874373010088109
TV Manufacturing & Supplier Unit,2014-01-26,2446,102.5,103.6,99.5,400.1,1759,703775.9,52.8214,13.362325,71.2132,1351.5686,4121.333,917.361,0.0,107.1364,281.2727,977.0,8405837.0,0.08372466656205682
TV Manufacturing & Supplier Unit,2014-01-27,2346,102.5,103.6,102.1,400.1,1741,696574.1000000001,57.7518,12.776208,78.5612,1324.1547,4237.095,1791.183,0.0,95.8636,234.8182,1045.8636,8405837.0,0.08286790476665204
TV Manufacturing & Supplier Unit,2014-01-28,2216,102.5,103.6,102.1,400.1,1756,702575.6000000001,51.1271,11.920452,72.7743,1257.518,5421.762,1438.156,0.0,98.8636,239.5455,1194.5909,8405837.0,0.08358187292948936
TV Manufacturing & Supplier Unit,2014-01-29,2305,102.5,103.6,102.1,400.1,1653,661365.3,52.1501,12.719017,71.1201,1302.2078,3889.762,1296.546,66.0518,84.0455,229.9545,1077.9545,8405837.0,0.07867929154467307
TV Manufacturing & Supplier Unit,2014-01-30,3446,102.5,103.6,102.1,400.1,1634,653763.4,51.7909,12.351222,75.2632,1311.1184,0.0,1606.041,31.3291,106.0455,229.2727,1248.6364,8405837.0,0.07777493187174579
TV Manufacturing & Supplier Unit,2014-01-31,2346,102.5,103.6,102.1,400.1,2679,1071867.9,48.2576,12.586364,67.7699,1285.6818,4385.238,733.219,31.442,163.0,220.1364,863.9091,8405837.0,0.127514713882746
TV Manufacturing & Supplier Unit,2014-02-01,3216,102.5,103.6,102.1,400.1,2746,1098674.6,66.1017,13.261653,90.58,1389.4068,4190.619,559.335,98.8613,97.1364,231.2273,931.4545,8405837.0,0.13070377167675273
TV Manufacturing & Supplier Unit,2014-02-02,3305,102.5,103.6,102.1,400.1,2759,1103875.9,59.9742,13.437482,83.5535,1403.4278,4585.81,594.017,81.0844,227.4091,348.1818,5330.5909,8405837.0,0.13132254408454505
TV Manufacturing & Supplier Unit,2014-02-03,4456,102.5,103.6,102.1,400.1,2741,1096674.1,55.2248,13.235382,74.939,1407.8372,4315.667,1528.002,60.6353,217.6364,246.2273,1589.4545,8405837.0,0.13046578228914027
TV Manufacturing & Supplier Unit,2014-02-04,4453,102.5,103.6,102.1,400.1,3280,1312328.0,41.9396,10.782832,72.2697,1124.5614,3302.667,1456.185,20.4679,906.7727,254.8182,1904.4545,8405837.0,0.15612103827376145
TV Manufacturing & Supplier Unit,2014-02-05,4484,102.5,103.6,102.1,400.1,3240,1296324.0,41.6303,10.945789,77.2762,1151.9869,4852.238,1309.68,5.8744,1169.4091,272.7273,2055.2727,8405837.0,0.1542171231728619
TV Manufacturing & Supplier Unit,2014-02-06,4466,102.5,103.6,102.1,400.1,3482,1393148.2000000002,41.6467,10.320488,74.1467,1067.1557,4218.524,1074.439,118.4667,124.0,243.8182,1194.0455,8405837.0,0.16573580953330408
TV Manufacturing & Supplier Unit,2014-02-07,4406,102.5,103.6,102.1,400.1,3542,1417154.2000000002,43.8592,10.441019,82.8277,1122.3786,3900.429,1201.36,33.12,84.6818,223.3182,859.0909,8405837.0,0.16859168218465337
TV Manufacturing & Supplier Unit,2014-02-08,4476,102.5,103.6,102.1,400.1,3759,1503975.9,48.425,11.099679,92.7469,1155.225,4992.524,1321.858,64.7,76.0,199.4545,920.6818,8405837.0,0.17892042160703328
TV Manufacturing & Supplier Unit,2014-02-09,4434,102.5,103.6,102.1,400.1,3841,1536784.1,41.2437,10.780856,74.2386,1114.6447,4108.857,1051.006,85.2464,87.1364,403.7727,1091.8182,8405837.0,0.18282344756387736
TV Manufacturing & Supplier Unit,2014-02-10,4446,102.5,103.6,102.1,400.1,4456,1782845.6,38.057,10.027128,75.1457,1070.1295,3149.857,935.436,7.3203,110.7727,268.5455,1095.4091,8405837.0,0.21209614224020762
TV Manufacturing & Supplier Unit,2014-02-11,4446,102.5,103.6,102.1,400.1,4453,1781645.3,38.1959,10.518225,79.5329,1105.0515,3783.0,1674.99,35.0395,96.7273,225.7727,861.1364,8405837.0,0.21195334860764015
TV Manufacturing & Supplier Unit,2014-02-12,4416,102.5,103.6,102.1,400.1,4134,1654013.4,40.6498,10.727556,81.7345,1115.9174,3883.095,1066.52,0.0,131.6818,210.3182,849.5455,8405837.0,0.19676962567796638
TV Manufacturing & Supplier Unit,2014-02-13,4405,102.5,103.6,102.1,400.1,4279,1712027.9,41.3988,10.489955,73.4515,1080.4018,3695.714,1119.701,70.3706,152.5,214.1818,950.0909,8405837.0,0.20367131791872717
TV Manufacturing & Supplier Unit,2014-02-14,4461,102.5,103.6,102.1,400.1,4212,1685221.2000000002,48.3967,11.065644,83.9878,1155.6522,4390.143,1153.756,101.5147,95.1364,226.2273,852.8182,8405837.0,0.2004822601247205
TV Manufacturing & Supplier Unit,2014-02-15,4405,102.5,103.6,102.1,400.1,4245,1698424.5,42.5309,10.512018,77.8968,1084.3651,4997.381,1430.851,101.9914,106.3182,282.0,901.0,8405837.0,0.2020529900829626
TV Manufacturing & Supplier Unit,2014-02-16,4426,102.5,103.6,102.1,400.1,4280,1712428.0,44.4388,10.814541,81.4573,1140.6888,4414.286,996.813,33.7128,92.0455,246.8182,962.8182,8405837.0,0.20371891579624968
TV Manufacturing & Supplier Unit,2014-02-17,3434,102.5,103.6,102.1,400.1,3660,1464366.0,42.6279,11.224485,79.3605,1176.2093,3298.952,390.3756,0.0,891.5664,1540.4294,7307.3182,8405837.0,0.17420823173230696
TV Manufacturing & Supplier Unit,2014-02-18,3479,102.5,103.6,102.1,400.1,3120,1248312.0,49.221,10.995497,86.8139,1151.5217,2838.129,462.8413,17.6288,173.3708,394.712,1420.9545,8405837.0,0.14850537787016332
TV Manufacturing & Supplier Unit,2014-02-19,3412,102.5,103.6,102.1,400.1,2880,1152288.0,46.2566,11.370578,84.5387,1162.7381,2744.632,676.4964,27.254,165.5566,493.4066,1356.9091,8405837.0,0.13708188726476614
TV Manufacturing & Supplier Unit,2014-02-20,3445,102.5,103.6,102.1,400.1,2660,1064266.0,42.2917,11.085268,79.8047,1147.7163,4937.903,694.4416,54.2678,149.4013,543.3876,1224.5,8405837.0,0.12661035420981873
TV Manufacturing & Supplier Unit,2014-02-21,2480,102.5,103.6,102.1,400.1,2222,889022.2000000001,38.9348,10.688346,72.2086,1090.9399,2590.9,646.6664,61.0317,108.051,280.2315,885.5909,8405837.0,0.10576248385496888
TV Manufacturing & Supplier Unit,2014-02-22,1940,102.5,103.6,102.1,400.1,1888,755388.8,44.3651,10.86308,79.3506,1129.2857,1628.172,606.9556,0.0,163.1774,580.3669,1337.4091,8405837.0,0.0898647927624578
TV Manufacturing & Supplier Unit,2014-02-23,2542,102.5,103.6,102.1,400.1,1640,656164.0,38.7023,10.894057,79.2653,1151.4504,3563.992,715.7929,60.3637,115.3161,249.0141,945.1364,8405837.0,0.07806051913688072
TV Manufacturing & Supplier Unit,2014-02-24,2579,102.5,103.6,102.1,400.1,1682,672968.2000000001,46.6838,11.338144,81.9201,1179.433,0.0,323.3644,0.0,113.4305,240.695,929.6818,8405837.0,0.08005962999282523
TV Manufacturing & Supplier Unit,2014-02-25,2841,102.5,103.6,102.1,400.1,1642,656964.2000000001,41.5698,10.810839,78.3685,1107.2965,2360.512,78.5261,15.024,123.818,311.9083,1014.8182,8405837.0,0.0781557148919257
TV Manufacturing & Supplier Unit,2014-02-26,2456,102.5,103.6,102.1,400.1,1659,663765.9,42.8271,11.439653,77.9089,1161.9393,2675.608,132.1241,15.1587,168.141,304.1815,1378.0909,8405837.0,0.078964878809808
TV Manufacturing & Supplier Unit,2014-02-27,2553,102.5,103.6,102.1,400.1,1641,656564.1000000001,37.9167,11.885714,62.9688,1251.25,2705.771,85.0218,20.9779,178.9666,381.9316,1466.8182,8405837.0,0.07810811701440322
TV Manufacturing & Supplier Unit,2014-02-28,2134,102.5,103.6,102.1,400.1,1656,662565.6000000001,38.9348,10.688346,79.3506,1090.9399,4268.157,42.8481,36.3533,131.8041,378.6272,1080.2727,8405837.0,0.07882208517724054
TV Manufacturing & Supplier Unit,2014-03-01,2427,102.5,103.6,102.1,400.1,1653,661365.3,41.5698,10.810839,78.3685,1107.2965,2360.512,78.5261,15.024,123.818,311.9083,1014.8182,8405837.0,0.07867929154467307
TV Manufacturing & Supplier Unit,2014-03-02,2522,102.5,103.6,102.1,400.1,1634,653763.4,42.8271,11.439653,77.9089,1161.9393,2675.608,132.1241,15.1587,168.141,304.1815,1378.0909,8405837.0,0.07777493187174579
TV Manufacturing & Supplier Unit,2014-03-03,2245,102.5,103.6,102.1,400.1,1679,671767.9,37.9167,11.885714,62.9688,1251.25,2705.771,85.0218,20.9779,178.9666,381.9316,1466.8182,8405837.0,0.07991683636025776
TV Manufacturing & Supplier Unit,2014-03-04,2280,102.5,103.6,102.1,400.1,1612,644961.2000000001,38.7023,10.688346,79.3506,1090.9399,4268.157,42.8481,36.3533,131.8041,378.6272,1080.2727,8405837.0,0.07672777856625106
TV Manufacturing & Supplier Unit,2014-03-05,2543,102.5,103.6,102.1,400.1,1645,658164.5,77.4819,14.104193,112.337,1479.4565,722.571,95.333,11.8398,91.0,276.3636,756.5909,8405837.0,0.07829850852449316
TV Manufacturing & Supplier Unit,2014-03-06,2555,102.5,103.6,102.1,400.1,1680,672168.0,73.4783,13.298758,105.7133,1369.8913,717.857,114.957,27.8039,111.9091,291.3182,860.1364,8405837.0,0.07996443423778024
TV Manufacturing & Supplier Unit,2014-03-07,2261,102.5,103.6,102.1,400.1,1642,656964.2000000001,80.6093,13.200691,108.7702,1428.0645,653.333,113.09,0.0,94.6364,282.7273,751.9545,8405837.0,0.0781557148919257
TV Manufacturing & Supplier Unit,2014-03-08,2436,102.5,103.6,102.1,400.1,1681,672568.1000000001,65.9319,12.721429,93.3065,1309.3548,622.095,72.442,0.0,98.5909,306.3182,749.4545,8405837.0,0.08001203211530275
TV Manufacturing & Supplier Unit,2014-03-09,2453,102.5,103.6,102.1,400.1,1632,652963.2000000001,77.4819,14.104193,112.337,1479.4565,722.571,95.333,11.8398,91.0,276.3636,756.5909,8405837.0,0.07767973611670081
TV Manufacturing & Supplier Unit,2014-03-10,2234,102.5,103.6,102.1,400.1,1650,660165.0,73.4783,13.298758,105.7133,1369.8913,717.857,114.957,27.8039,111.9091,291.3182,860.1364,8405837.0,0.0785364979121056
TV Manufacturing & Supplier Unit,2014-03-11,2227,102.5,103.6,102.1,400.1,1644,657764.4,80.6093,13.200691,108.7702,1428.0645,653.333,113.09,0.0,94.6364,282.7273,751.9545,8405837.0,0.07825091064697068
TV Manufacturing & Supplier Unit,2014-03-12,2122,102.5,103.6,102.1,400.1,1655,662165.5,65.9319,12.721429,93.3065,1309.3548,622.095,72.442,0.0,98.5909,306.3182,749.4545,8405837.0,0.07877448729971805
TV Manufacturing & Supplier Unit,2014-03-13,2225,102.5,103.6,102.1,400.1,1663,665366.3,89.7283,13.792314,117.6359,1417.0109,624.238,87.649,0.0,105.0455,306.4545,754.2727,8405837.0,0.07915527031989796
TV Manufacturing & Supplier Unit,2014-03-14,2210,102.5,103.6,102.1,400.1,1637,654963.7000000001,68.8095,12.581633,91.6071,1334.3407,611.714,38.235,0.0,108.0,305.9545,776.6364,8405837.0,0.07791772550431326
TV Manufacturing & Supplier Unit,2014-03-15,2456,102.5,103.6,102.1,400.1,1680,672168.0,80.1434,13.419355,101.6935,1390.6452,627.238,92.486,6.9945,112.9545,304.8636,867.1818,8405837.0,0.07996443423778024
TV Manufacturing & Supplier Unit,2014-03-16,2553,102.5,103.6,102.1,400.1,1622,648962.2000000001,84.3369,13.476267,105.8871,1442.5806,613.143,206.96,69.9877,115.3636,298.5455,905.4091,8405837.0,0.07720375734147594
TV Manufacturing & Supplier Unit,2014-03-17,2134,102.5,103.6,102.1,400.1,1635,654163.5,75.4189,13.207026,104.5594,1417.1311,615.857,83.632,49.589,171.5,309.6818,880.5909,8405837.0,0.07782252974926827
TV Manufacturing & Supplier Unit,2014-03-18,2427,102.5,103.6,102.1,400.1,1681,672568.1000000001,70.7921,12.964604,97.6207,1357.7228,688.667,118.126,46.3774,123.8182,273.7727,791.7727,8405837.0,0.08001203211530275
TV Manufacturing & Supplier Unit,2014-03-19,2522,102.5,103.6,102.1,400.1,1641,656564.1000000001,68.9912,13.25047,102.4712,1378.4211,636.667,125.388,47.8766,111.2727,275.6818,867.7273,8405837.0,0.07810811701440322
TV Manufacturing & Supplier Unit,2014-03-20,2245,102.5,103.6,102.1,400.1,1656,662565.6000000001,69.6637,13.080365,102.3094,1393.8565,610.286,86.23,34.2365,117.6818,280.8182,840.1364,8405837.0,0.07882208517724054
TV Manufacturing & Supplier Unit,2014-03-21,2280,102.5,103.6,102.1,400.1,1653,661365.3,66.0726,13.407284,95.4486,1428.7871,622.095,95.229,60.6667,100.9091,284.9545,796.5909,8405837.0,0.07867929154467307
TV Manufacturing & Supplier Unit,2014-03-22,2543,102.5,103.6,102.1,400.1,1634,653763.4,74.1848,13.345691,103.0639,1399.9728,602.0,158.382,18.7505,112.2727,281.6818,914.9091,8405837.0,0.07777493187174579
TV Manufacturing & Supplier Unit,2014-03-23,2555,102.5,103.6,102.1,400.1,1679,671767.9,63.5185,13.116667,97.2917,1400.1282,5072.619,48.039,19.0108,116.8182,265.9091,1379.4091,8405837.0,0.07991683636025776
TV Manufacturing & Supplier Unit,2014-03-24,2261,102.5,103.6,102.1,400.1,1612,644961.2000000001,68.8107,13.319634,96.5201,1397.7889,5413.095,221.528,0.0,118.6364,279.1818,904.5,8405837.0,0.07672777856625106
TV Manufacturing & Supplier Unit,2014-03-25,2436,102.5,103.6,102.1,400.1,1645,658164.5,73.7652,13.23974,97.5,1390.8409,5230.286,208.569,30.429,103.9545,276.2727,828.0455,8405837.0,0.07829850852449316
TV Manufacturing & Supplier Unit,2014-03-26,2453,102.5,103.6,102.1,400.1,1680,672168.0,72.1859,13.440022,97.255,1411.5829,2421.429,136.737,31.5863,109.3182,283.2727,953.0455,8405837.0,0.07996443423778024
TV Manufacturing & Supplier Unit,2014-03-27,2234,102.5,103.6,102.1,400.1,1642,656964.2000000001,66.0888,13.228643,97.6225,1406.0804,2126.714,151.538,43.0027,119.2727,299.3636,945.0,8405837.0,0.0781557148919257
TV Manufacturing & Supplier Unit,2014-03-28,2227,102.5,103.6,102.1,400.1,1681,672568.1000000001,74.5333,12.9675,98.9625,1358.775,6354.571,5.659,43.1783,106.9545,286.7273,896.5,8405837.0,0.08001203211530275
TV Manufacturing & Supplier Unit,2014-03-29,2122,102.5,103.6,102.1,400.1,1632,652963.2000000001,82.3549,13.487846,108.8993,1441.5672,3272.952,173.248,11.7112,138.3182,317.8182,1253.8636,8405837.0,0.07767973611670081
TV Manufacturing & Supplier Unit,2014-03-30,2225,102.5,103.6,102.1,400.1,1650,660165.0,73.0167,13.521857,100.9125,1417.05,2568.714,200.366,11.8272,120.9545,254.0909,912.6818,8405837.0,0.0785364979121056
TV Manufacturing & Supplier Unit,2014-03-31,2210,102.5,103.6,102.1,400.1,1644,657764.4,80.2514,13.530168,101.449,1417.1229,4164.429,100.809,0.0,139.4545,273.4545,1060.3182,8405837.0,0.07825091064697068
TV Manufacturing & Supplier Unit,2014-04-01,2240,102.5,103.6,102.1,400.1,1655,662165.5,74.2157,13.368908,102.5735,1438.0995,3379.333,32.421,50.8308,116.9091,254.0,913.5909,8405837.0,0.07877448729971805
TV Manufacturing & Supplier Unit,2014-04-02,2266,102.5,103.6,102.1,400.1,1663,665366.3,81.9,13.955036,112.8563,1451.775,3155.143,52.031,144.9951,87.1364,241.4545,799.1818,8405837.0,0.07915527031989796
TV Manufacturing & Supplier Unit,2014-04-03,2206,102.5,103.6,102.1,400.1,1642,656964.2000000001,70.4439,13.584207,102.6445,1436.1558,252.905,172.967,95.636,79.3636,221.9545,853.5909,8405837.0,0.0781557148919257
TV Manufacturing & Supplier Unit,2014-04-04,2176,102.5,103.6,102.1,400.1,1659,663765.9,70.8209,13.662473,99.8041,1446.791,2981.048,189.24,11.8084,93.0909,240.1364,881.7273,8405837.0,0.078964878809808
TV Manufacturing & Supplier Unit,2014-04-05,2234,102.5,103.6,102.1,400.1,1641,656564.1000000001,76.9832,13.57063,103.6278,1462.2905,3706.667,206.839,3.8765,97.9545,244.3636,971.9091,8405837.0,0.07810811701440322
TV Manufacturing & Supplier Unit,2014-04-06,2446,102.5,103.6,102.1,400.1,1656,662565.6000000001,75.0382,13.75095,103.3142,1438.6927,2226.429,132.829,0.0,94.3182,230.0455,868.1818,8405837.0,0.07882208517724054
TV Manufacturing & Supplier Unit,2014-04-07,2346,102.5,103.6,102.1,400.1,1653,661365.3,86.2007,13.771313,118.4677,1477.8226,4038.81,194.316,34.6945,77.8182,197.1818,821.3636,8405837.0,0.07867929154467307
TV Manufacturing & Supplier Unit,2014-04-08,2216,102.5,103.6,102.1,400.1,1634,653763.4,71.3785,13.186582,98.639,1387.5,3323.762,140.09,35.5475,66.8636,191.1818,770.9091,8405837.0,0.07777493187174579
TV Manufacturing & Supplier Unit,2014-04-09,2305,102.5,103.6,102.1,400.1,1679,671767.9,70.1412,13.363559,98.464,1424.4915,4422.667,149.738,15.863,66.9545,194.4545,697.6364,8405837.0,0.07991683636025776
TV Manufacturing & Supplier Unit,2014-04-10,2261,102.5,103.6,102.1,400.1,1612,644961.2000000001,70.0298,13.411224,104.3555,1417.0982,3892.381,99.954,15.817,98.1364,253.5455,928.5455,8405837.0,0.07672777856625106
TV Manufacturing & Supplier Unit,2014-04-11,2305,102.5,103.6,102.1,400.1,1645,658164.5,70.7417,13.195929,98.9625,1400.175,1885.191,117.032,0.0,95.9091,254.0455,843.4091,8405837.0,0.07829850852449316
TV Manufacturing & Supplier Unit,2014-04-12,2226,102.5,103.6,102.1,400.1,1680,672168.0,75.7181,13.641109,98.5372,1401.3032,1953.81,121.125,35.811,89.0909,245.5,767.3182,8405837.0,0.07996443423778024
TV Manufacturing & Supplier Unit,2014-04-13,2134,102.5,103.6,102.1,400.1,1642,656964.2000000001,62.6861,12.822399,84.1292,1339.8058,1791.191,189.038,0.0,94.4091,247.6364,802.2273,8405837.0,0.0781557148919257
TV Manufacturing & Supplier Unit,2014-04-14,2279,102.5,103.6,102.1,400.1,1681,672568.1000000001,72.1521,13.686512,97.145,1434.9029,3074.667,196.773,0.0,92.0455,291.5909,785.5909,8405837.0,0.08001203211530275
TV Manufacturing & Supplier Unit,2014-04-15,2212,102.5,103.6,102.1,400.1,1632,652963.2000000001,72.9083,13.361679,102.375,1442.025,3117.048,160.32,0.0,135.0455,249.3182,846.5,8405837.0,0.07767973611670081
TV Manufacturing & Supplier Unit,2014-04-16,2245,102.5,103.6,102.1,400.1,1650,660165.0,71.8265,13.682436,98.0009,1460.4452,2023.524,147.936,40.3932,92.5,221.1818,790.3636,8405837.0,0.0785364979121056
TV Manufacturing & Supplier Unit,2014-04-17,2280,102.5,103.6,102.1,400.1,1644,657764.4,70.9562,13.756545,98.7625,1454.8207,3395.667,262.807,0.0,96.9091,252.4091,898.4545,8405837.0,0.07825091064697068
TV Manufacturing & Supplier Unit,2014-04-18,2240,102.5,103.6,102.1,400.1,1655,662165.5,59.2809,13.217295,84.632,1392.1066,2921.333,311.592,30.3757,106.1818,254.9091,1144.5455,8405837.0,0.07877448729971805
TV Manufacturing & Supplier Unit,2014-04-19,2482,102.5,103.6,102.1,400.1,1663,665366.3,64.7032,13.211155,92.6027,1397.2603,2825.095,455.428,46.9608,126.0455,269.3182,1115.2727,8405837.0,0.07915527031989796
TV Manufacturing & Supplier Unit,2014-04-20,2342,102.5,103.6,102.1,400.1,1637,654963.7000000001,68.4878,13.715226,90.128,1433.561,5082.667,467.509,93.5075,114.2273,324.5909,1271.5455,8405837.0,0.07791772550431326
TV Manufacturing & Supplier Unit,2014-04-21,2456,102.5,103.6,102.1,400.1,1542,616954.2000000001,63.4742,13.85664,89.0317,1441.4789,4011.714,402.614,0.0,118.0455,281.5455,971.7273,8405837.0,0.07339592713967688
TV Manufacturing & Supplier Unit,2014-04-22,2553,102.5,103.6,102.1,400.1,1559,623755.9,61.0278,13.6175,90.3229,1411.8333,2666.857,435.346,105.1623,118.5909,261.4545,893.6818,8405837.0,0.07420509105755917
TV Manufacturing & Supplier Unit,2014-04-23,2134,102.5,103.6,102.1,400.1,1541,616554.1000000001,56.0507,12.873331,75.9069,1322.6087,1675.905,408.612,0.0,175.5455,275.6364,3826.6818,8405837.0,0.0733483292621544
TV Manufacturing & Supplier Unit,2014-04-24,2427,102.5,103.6,102.1,400.1,1556,622555.6000000001,62.4074,13.102381,85.1042,1365.0,3668.476,481.883,104.0112,167.9545,241.7273,2170.1818,8405837.0,0.07406229742499172
TV Manufacturing & Supplier Unit,2014-04-25,2522,102.5,103.6,102.1,400.1,1553,621355.3,58.3943,12.994338,80.5564,1387.4085,0.0,217.694,0.0,95.0,216.7273,969.1818,8405837.0,0.07391950379242425
TV Manufacturing & Supplier Unit,2014-04-26,2245,102.5,103.6,102.1,400.1,1534,613753.4,47.5541,12.722032,73.125,1333.3442,2429.714,52.865,25.8875,111.0909,234.9545,1835.1818,8405837.0,0.07301514411949697
TV Manufacturing & Supplier Unit,2014-04-27,2280,102.5,103.6,102.1,400.1,1579,631757.9,59.8805,13.436076,80.3244,1381.6456,2754.048,88.948,26.1196,115.1818,242.5909,1697.8636,8405837.0,0.07515704860800894
TV Manufacturing & Supplier Unit,2014-04-28,2543,102.5,103.6,102.1,400.1,1512,604951.2000000001,61.2679,13.43674,77.7901,1413.0861,2785.095,57.238,36.1466,141.6818,237.7727,1549.3636,8405837.0,0.07196799081400224
TV Manufacturing & Supplier Unit,2014-04-29,2555,102.5,103.6,102.1,400.1,1545,618154.5,71.0122,13.404974,84.7382,1402.9319,4393.286,28.846,62.6395,108.2273,248.8182,1114.8636,8405837.0,0.07353872077224434
TV Manufacturing & Supplier Unit,2014-04-30,2261,102.5,103.6,102.1,400.1,1580,632158.0,60.1852,13.030952,83.9583,1380.0,3948.333,621.432,20.7815,108.3182,276.7273,1028.1364,8405837.0,0.07520464648553142
TV Manufacturing & Supplier Unit,2014-05-01,2436,102.5,103.6,102.1,400.1,1542,616954.2000000001,67.0833,13.468929,85.2188,1415.7115,5381.381,1040.787,51.0694,119.9545,276.2727,941.4545,8405837.0,0.07339592713967688
TV Manufacturing & Supplier Unit,2014-05-02,2453,102.5,103.6,102.1,400.1,1581,632558.1000000001,60.6469,13.100489,78.3562,1368.8356,4420.81,854.31,0.0,89.8636,226.3636,896.9545,8405837.0,0.07525224436305392
TV Manufacturing & Supplier Unit,2014-05-03,2234,102.5,103.6,102.1,400.1,1532,612953.2000000001,58.1144,13.07043,80.045,1371.6737,4524.381,587.16,0.0,99.0,220.6818,1072.0455,8405837.0,0.072919948364452
TV Manufacturing & Supplier Unit,2014-05-04,2227,102.5,103.6,102.1,400.1,1550,620155.0,57.3207,13.081103,83.5127,1380.6962,3647.762,522.584,0.0,108.6364,278.2273,928.5909,8405837.0,0.07377671015985678
TV Manufacturing & Supplier Unit,2014-05-05,2450,102.5,103.6,102.1,400.1,1544,617754.4,60.7032,13.50425,77.856,1385.1266,3238.143,900.812,47.174,157.2727,258.3636,1084.3636,8405837.0,0.07349112289472184
TV Manufacturing & Supplier Unit,2014-05-06,2552,102.5,103.6,102.1,400.1,1655,662165.5,59.1749,13.853677,75.5225,1437.6393,4245.857,818.376,0.0,104.3636,233.6818,807.0909,8405837.0,0.07877448729971805
TV Manufacturing & Supplier Unit,2014-05-07,2133,102.5,103.6,102.1,400.1,1563,625356.3,65.1245,13.325,78.0981,1381.7672,3604.0,1100.992,46.782,109.6364,226.5909,889.8636,8405837.0,0.07439548256764913
TV Manufacturing & Supplier Unit,2014-05-08,2424,102.5,103.6,102.1,400.1,1537,614953.7000000001,60.6667,13.488857,76.725,1399.6615,4168.952,272.036,0.0,93.9545,222.7727,805.9091,8405837.0,0.07315793775206443
TV Manufacturing & Supplier Unit,2014-05-09,2521,102.5,103.6,102.1,400.1,1645,658164.5,59.1026,13.206593,78.6058,1369.3491,3984.429,817.581,31.3919,81.9091,225.1818,816.2727,8405837.0,0.07829850852449316
TV Manufacturing & Supplier Unit,2014-05-10,2242,102.5,103.6,102.1,400.1,1680,672168.0,61.1351,12.775135,76.2872,1341.7297,3943.524,1288.844,31.1817,98.6818,224.5455,855.8636,8405837.0,0.07996443423778024
TV Manufacturing & Supplier Unit,2014-05-11,2284,102.5,103.6,102.1,400.1,1642,656964.2000000001,53.7865,12.940132,74.9424,1323.5526,5732.0,540.757,31.5487,111.0455,232.8636,791.3636,8405837.0,0.0781557148919257
TV Manufacturing & Supplier Unit,2014-05-12,2542,102.5,103.6,102.1,400.1,1681,672568.1000000001,71.5344,13.742857,90.9226,1448.9683,4794.048,1244.833,31.3605,93.0455,200.0,889.3636,8405837.0,0.08001203211530275
TV Manufacturing & Supplier Unit,2014-05-13,2551,102.5,103.6,102.1,400.1,1632,652963.2000000001,64.2846,13.314926,83.8178,1382.5472,4364.333,1758.402,0.0,133.5,244.9091,1398.6364,8405837.0,0.07767973611670081
TV Manufacturing & Supplier Unit,2014-05-14,2261,102.5,103.6,102.1,400.1,1650,660165.0,65.7941,12.818661,84.1001,1347.2513,4294.238,1030.257,0.0,86.7727,258.7727,755.4545,8405837.0,0.0785364979121056
TV Manufacturing & Supplier Unit,2014-05-15,2436,102.5,103.6,102.1,400.1,1644,657764.4,62.4,13.546531,82.5964,1416.1714,3653.238,1418.209,33.6281,121.1818,305.2727,1097.0455,8405837.0,0.07825091064697068
TV Manufacturing & Supplier Unit,2014-05-16,2453,102.5,103.6,102.1,400.1,1655,662165.5,53.7727,12.961169,74.8977,1344.9545,3609.905,715.315,0.0,94.1364,235.6818,781.4545,8405837.0,0.07877448729971805
TV Manufacturing & Supplier Unit,2014-05-17,2230,102.5,103.6,102.1,361.62,1663,601374.06,52.8214,13.362325,71.2132,1351.5686,4121.333,917.361,0.0,107.1364,281.2727,977.0,8405837.0,0.07154243652357285
TV Manufacturing & Supplier Unit,2014-05-18,2222,102.5,103.6,102.1,361.62,1637,591971.9400000001,57.7518,12.776208,78.5612,1324.1547,4237.095,1791.183,0.0,95.8636,234.8182,1045.8636,8405837.0,0.07042391376373347
TV Manufacturing & Supplier Unit,2014-05-19,1935,102.5,103.6,102.1,361.62,1659,599927.58,51.1271,11.920452,72.7743,1257.518,5421.762,1438.156,0.0,98.8636,239.5455,1194.5909,8405837.0,0.07137035609898217
TV Manufacturing & Supplier Unit,2014-05-20,1938,102.5,103.6,102.1,361.62,1641,593418.42,52.1501,12.719017,71.1201,1302.2078,3889.762,1296.546,66.0518,84.0455,229.9545,1077.9545,8405837.0,0.07059599418832414
TV Manufacturing & Supplier Unit,2014-05-21,1982,102.5,103.6,102.1,361.62,1656,598842.72,51.7909,12.351222,75.2632,1311.1184,0.0,1606.041,31.3291,106.0455,229.2727,1248.6364,8405837.0,0.07124129578053916
TV Manufacturing & Supplier Unit,2014-05-22,1934,102.5,103.6,102.1,361.62,1653,597757.86,48.2576,12.586364,67.7699,1285.6818,4385.238,733.219,31.442,163.0,220.1364,863.9091,8405837.0,0.07111223546209616
TV Manufacturing & Supplier Unit,2014-05-23,1941,102.5,103.6,102.1,361.62,1634,590887.08,66.1017,13.261653,90.58,1389.4068,4190.619,559.335,98.8613,97.1364,231.2273,931.4545,8405837.0,0.07029485344529045
TV Manufacturing & Supplier Unit,2014-05-24,1930,102.5,103.6,102.1,361.62,1679,607159.98,59.9742,13.437482,83.5535,1403.4278,4585.81,594.017,81.0844,227.4091,348.1818,5330.5909,8405837.0,0.07223075822193555
TV Manufacturing & Supplier Unit,2014-05-25,1942,102.5,103.6,102.1,361.62,1612,582931.4400000001,55.2248,13.235382,74.939,1407.8372,4315.667,1528.002,60.6353,217.6364,246.2273,1589.4545,8405837.0,0.06934841111004175
TV Manufacturing & Supplier Unit,2014-05-26,1939,102.5,103.6,102.1,361.62,1645,594864.9,41.9396,10.782832,72.2697,1124.5614,3302.667,1456.185,20.4679,906.7727,254.8182,1904.4545,8405837.0,0.07076807461291482
TV Manufacturing & Supplier Unit,2014-05-27,1978,102.5,103.6,102.1,361.62,1680,607521.6,41.6303,10.945789,77.2762,1151.9869,4852.238,1309.68,5.8744,1169.4091,272.7273,2055.2727,8405837.0,0.07227377832808321
TV Manufacturing & Supplier Unit,2014-05-28,1932,102.5,103.6,102.1,361.62,1640,593056.8,41.6467,10.320488,74.1467,1067.1557,4218.524,1074.439,118.4667,124.0,243.8182,1194.0455,8405837.0,0.07055297408217648
TV Manufacturing & Supplier Unit,2014-05-29,1914,102.5,103.6,102.1,361.62,1682,608244.84,43.8592,10.441019,82.8277,1122.3786,3900.429,1201.36,33.12,84.6818,223.3182,859.0909,8405837.0,0.07235981854037854
TV Manufacturing & Supplier Unit,2014-05-30,1901,102.5,103.6,102.1,361.62,1642,593780.04,48.425,11.099679,92.7469,1155.225,4992.524,1321.858,64.7,76.0,199.4545,920.6818,8405837.0,0.07063901429447181
TV Manufacturing & Supplier Unit,2014-05-31,1936,102.5,103.6,102.1,361.62,1659,599927.58,41.2437,10.780856,74.2386,1114.6447,4108.857,1051.006,85.2464,87.1364,403.7727,1091.8182,8405837.0,0.07137035609898217
TV Manufacturing & Supplier Unit,2014-06-01,1993,102.5,103.6,102.1,361.62,1641,593418.42,38.057,10.027128,75.1457,1070.1295,3149.857,935.436,7.3203,110.7727,268.5455,1095.4091,8405837.0,0.07059599418832414
TV Manufacturing & Supplier Unit,2014-06-02,1902,102.5,103.6,102.1,361.62,1656,598842.72,38.1959,10.518225,79.5329,1105.0515,3783.0,1674.99,35.0395,96.7273,225.7727,861.1364,8405837.0,0.07124129578053916
TV Manufacturing & Supplier Unit,2014-06-03,1907,102.5,103.6,102.1,361.62,1653,597757.86,40.6498,10.727556,81.7345,1115.9174,3883.095,1066.52,0.0,131.6818,210.3182,849.5455,8405837.0,0.07111223546209616
TV Manufacturing & Supplier Unit,2014-06-04,1917,102.5,103.6,102.1,361.62,1634,590887.08,41.3988,10.489955,73.4515,1080.4018,3695.714,1119.701,70.3706,152.5,214.1818,950.0909,8405837.0,0.07029485344529045
TV Manufacturing & Supplier Unit,2014-06-05,1912,102.5,103.6,102.1,361.62,1679,607159.98,48.3967,11.065644,83.9878,1155.6522,4390.143,1153.756,101.5147,95.1364,226.2273,852.8182,8405837.0,0.07223075822193555
TV Manufacturing & Supplier Unit,2014-06-06,1964,102.5,103.6,102.1,361.62,1612,582931.4400000001,42.5309,10.512018,77.8968,1084.3651,4997.381,1430.851,101.9914,106.3182,282.0,901.0,8405837.0,0.06934841111004175
TV Manufacturing & Supplier Unit,2014-06-07,1927,102.5,103.6,102.1,361.62,1645,594864.9,44.4388,10.814541,81.4573,1140.6888,4414.286,996.813,33.7128,92.0455,246.8182,962.8182,8405837.0,0.07076807461291482
TV Manufacturing & Supplier Unit,2014-06-08,1827,102.5,103.6,102.1,361.62,1782,644406.84,42.6279,11.224485,79.3605,1176.2093,3298.952,390.3756,0.0,891.5664,1540.4294,7307.3182,8405837.0,0.0766618291551454
TV Manufacturing & Supplier Unit,2014-06-09,1822,102.5,103.6,102.1,361.62,1742,629942.04,49.221,10.995497,86.8139,1151.5217,2838.129,462.8413,17.6288,173.3708,394.712,1420.9545,8405837.0,0.07494102490923867
TV Manufacturing & Supplier Unit,2014-06-10,1825,102.5,103.6,102.1,361.62,1759,636089.58,46.2566,11.370578,84.5387,1162.7381,2744.632,676.4964,27.254,165.5566,493.4066,1356.9091,8405837.0,0.07567236671374902
TV Manufacturing & Supplier Unit,2014-06-11,1810,102.5,103.6,102.1,361.62,1741,629580.42,42.2917,11.085268,79.8047,1147.7163,4937.903,694.4416,54.2678,149.4013,543.3876,1224.5,8405837.0,0.074898004803091
TV Manufacturing & Supplier Unit,2014-06-12,1840,102.5,103.6,102.1,361.62,1756,635004.72,38.9348,10.688346,72.2086,1090.9399,2590.9,646.6664,61.0317,108.051,280.2315,885.5909,8405837.0,0.07554330639530601
TV Manufacturing & Supplier Unit,2014-06-13,1866,102.5,103.6,102.1,361.62,1753,633919.86,44.3651,10.86308,79.3506,1129.2857,1628.172,606.9556,0.0,163.1774,580.3669,1337.4091,8405837.0,0.07541424607686302
TV Manufacturing & Supplier Unit,2014-06-14,1806,102.5,103.6,102.1,361.62,1740,629218.8,38.7023,10.894057,79.2653,1151.4504,3563.992,715.7929,60.3637,115.3161,249.0141,945.1364,8405837.0,0.07485498469694334
TV Manufacturing & Supplier Unit,2014-06-15,1876,102.5,103.6,102.1,361.62,1766,638620.92,46.6838,11.338144,81.9201,1179.433,0.0,323.3644,0.0,113.4305,240.695,929.6818,8405837.0,0.07597350745678272
TV Manufacturing & Supplier Unit,2014-06-16,1834,102.5,103.6,102.1,361.62,1706,616923.72,41.5698,10.810839,78.3685,1107.2965,2360.512,78.5261,15.024,123.818,311.9083,1014.8182,8405837.0,0.07339230108792259
TV Manufacturing & Supplier Unit,2014-06-17,1846,102.5,103.6,102.1,361.62,1776,642237.12,42.8271,11.439653,77.9089,1161.9393,2675.608,132.1241,15.1587,168.141,304.1815,1378.0909,8405837.0,0.0764037085182594
TV Manufacturing & Supplier Unit,2014-06-18,1846,102.5,103.6,102.1,361.62,1734,627049.08,37.9167,11.885714,62.9688,1251.25,2705.771,85.0218,20.9779,178.9666,381.9316,1466.8182,8405837.0,0.0745968640600573
TV Manufacturing & Supplier Unit,2014-06-19,1816,102.5,103.6,102.1,361.62,1746,631388.52,38.9348,10.688346,79.3506,1090.9399,4268.157,42.8481,36.3533,131.8041,378.6272,1080.2727,8405837.0,0.07511310533382934
TV Manufacturing & Supplier Unit,2014-06-20,1805,102.5,103.6,102.1,361.62,1759,636089.58,41.5698,10.810839,78.3685,1107.2965,2360.512,78.5261,15.024,123.818,311.9083,1014.8182,8405837.0,0.07567236671374902
TV Manufacturing & Supplier Unit,2014-06-21,1861,102.5,103.6,102.1,361.62,1741,629580.42,42.8271,11.439653,77.9089,1161.9393,2675.608,132.1241,15.1587,168.141,304.1815,1378.0909,8405837.0,0.074898004803091
TV Manufacturing & Supplier Unit,2014-06-22,1805,102.5,103.6,102.1,361.62,1756,635004.72,37.9167,11.885714,62.9688,1251.25,2705.771,85.0218,20.9779,178.9666,381.9316,1466.8182,8405837.0,0.07554330639530601
TV Manufacturing & Supplier Unit,2014-06-23,1826,102.5,103.6,102.1,361.62,1753,633919.86,38.7023,10.688346,79.3506,1090.9399,4268.157,42.8481,36.3533,131.8041,378.6272,1080.2727,8405837.0,0.07541424607686302
TV Manufacturing & Supplier Unit,2014-06-24,1834,102.5,103.6,102.1,361.62,1734,627049.08,69.6637,13.080365,102.3094,1393.8565,610.286,86.23,34.2365,117.6818,280.8182,840.1364,8405837.0,0.0745968640600573
TV Manufacturing & Supplier Unit,2014-06-25,1879,102.5,103.6,102.1,361.62,1779,643321.98,66.0726,13.407284,95.4486,1428.7871,622.095,95.229,60.6667,100.9091,284.9545,796.5909,8405837.0,0.0765327688367024
TV Manufacturing & Supplier Unit,2014-06-26,1812,102.5,103.6,102.1,361.62,1712,619093.4400000001,74.1848,13.345691,103.0639,1399.9728,602.0,158.382,18.7505,112.2727,281.6818,914.9091,8405837.0,0.07365042172480861
TV Manufacturing & Supplier Unit,2014-06-27,1845,102.5,103.6,102.1,361.62,1788,646576.56,63.5185,13.116667,97.2917,1400.1282,5072.619,48.039,19.0108,116.8182,265.9091,1379.4091,8405837.0,0.07691994979203143
TV Manufacturing & Supplier Unit,2014-06-28,1880,102.5,103.6,102.1,361.62,1755,634643.1,68.8107,13.319634,96.5201,1397.7889,5413.095,221.528,0.0,118.6364,279.1818,904.5,8405837.0,0.07550028628915835
TV Manufacturing & Supplier Unit,2014-06-29,1927,102.5,103.6,102.1,361.62,1776,642237.12,73.7652,13.23974,97.5,1390.8409,5230.286,208.569,30.429,103.9545,276.2727,828.0455,8405837.0,0.0764037085182594
TV Manufacturing & Supplier Unit,2014-06-30,1827,102.5,103.6,102.1,361.62,1734,627049.08,72.1859,13.440022,97.255,1411.5829,2421.429,136.737,31.5863,109.3182,283.2727,953.0455,8405837.0,0.0745968640600573
TV Manufacturing & Supplier Unit,2014-07-01,1822,102.5,103.6,102.1,361.62,1746,631388.52,66.0888,13.228643,97.6225,1406.0804,2126.714,151.538,43.0027,119.2727,299.3636,945.0,8405837.0,0.07511310533382934
TV Manufacturing & Supplier Unit,2014-07-02,1825,102.5,103.6,102.1,361.62,1759,636089.58,74.5333,12.9675,98.9625,1358.775,6354.571,5.659,43.1783,106.9545,286.7273,896.5,8405837.0,0.07567236671374902
TV Manufacturing & Supplier Unit,2014-07-03,1810,102.5,103.6,102.1,361.62,1741,629580.42,82.3549,13.487846,108.8993,1441.5672,3272.952,173.248,11.7112,138.3182,317.8182,1253.8636,8405837.0,0.074898004803091
TV Manufacturing & Supplier Unit,2014-07-04,1840,102.5,103.6,102.1,361.62,1756,635004.72,73.0167,13.521857,100.9125,1417.05,2568.714,200.366,11.8272,120.9545,254.0909,912.6818,8405837.0,0.07554330639530601
TV Manufacturing & Supplier Unit,2014-07-05,1866,102.5,103.6,102.1,361.62,1753,633919.86,80.2514,13.530168,101.449,1417.1229,4164.429,100.809,0.0,139.4545,273.4545,1060.3182,8405837.0,0.07541424607686302
TV Manufacturing & Supplier Unit,2014-07-06,1806,102.5,103.6,102.1,361.62,1734,627049.08,74.2157,13.368908,102.5735,1438.0995,3379.333,32.421,50.8308,116.9091,254.0,913.5909,8405837.0,0.0745968640600573
TV Manufacturing & Supplier Unit,2014-07-07,1876,102.5,103.6,102.1,361.62,1779,643321.98,81.9,13.955036,112.8563,1451.775,3155.143,52.031,144.9951,87.1364,241.4545,799.1818,8405837.0,0.0765327688367024
TV Manufacturing & Supplier Unit,2014-07-08,1834,102.5,103.6,102.1,361.62,1712,619093.4400000001,70.4439,13.584207,102.6445,1436.1558,252.905,172.967,95.636,79.3636,221.9545,853.5909,8405837.0,0.07365042172480861
TV Manufacturing & Supplier Unit,2014-07-09,2134,102.5,103.6,102.1,361.62,1656,598842.72,70.8209,13.662473,99.8041,1446.791,2981.048,189.24,11.8084,93.0909,240.1364,881.7273,8405837.0,0.07124129578053916
TV Manufacturing & Supplier Unit,2014-07-10,2427,102.5,103.6,102.1,361.62,1653,597757.86,76.9832,13.57063,103.6278,1462.2905,3706.667,206.839,3.8765,97.9545,244.3636,971.9091,8405837.0,0.07111223546209616
TV Manufacturing & Supplier Unit,2014-07-11,2522,102.5,103.6,102.1,361.62,1634,590887.08,75.0382,13.75095,103.3142,1438.6927,2226.429,132.829,0.0,94.3182,230.0455,868.1818,8405837.0,0.07029485344529045
TV Manufacturing & Supplier Unit,2014-07-12,2245,102.5,103.6,102.1,361.62,1679,607159.98,86.2007,13.771313,118.4677,1477.8226,4038.81,194.316,34.6945,77.8182,197.1818,821.3636,8405837.0,0.07223075822193555
TV Manufacturing & Supplier Unit,2014-07-13,2280,102.5,103.6,102.1,361.62,1612,582931.4400000001,71.3785,13.186582,98.639,1387.5,3323.762,140.09,35.5475,66.8636,191.1818,770.9091,8405837.0,0.06934841111004175
TV Manufacturing & Supplier Unit,2014-07-14,2543,102.5,103.6,102.1,361.62,1645,594864.9,70.1412,13.363559,98.464,1424.4915,4422.667,149.738,15.863,66.9545,194.4545,697.6364,8405837.0,0.07076807461291482
TV Manufacturing & Supplier Unit,2014-07-15,2555,102.5,103.6,102.1,361.62,1680,607521.6,70.0298,13.411224,104.3555,1417.0982,3892.381,99.954,15.817,98.1364,253.5455,928.5455,8405837.0,0.07227377832808321
TV Manufacturing & Supplier Unit,2014-07-16,2261,102.5,103.6,102.1,361.62,1642,593780.04,70.7417,13.195929,98.9625,1400.175,1885.191,117.032,0.0,95.9091,254.0455,843.4091,8405837.0,0.07063901429447181
TV Manufacturing & Supplier Unit,2014-07-17,2436,102.5,103.6,102.1,361.62,1681,607883.22,75.7181,13.641109,98.5372,1401.3032,1953.81,121.125,35.811,89.0909,245.5,767.3182,8405837.0,0.07231679843423088
TV Manufacturing & Supplier Unit,2014-07-18,2453,102.5,103.6,102.1,361.62,1632,590163.84,62.6861,12.822399,84.1292,1339.8058,1791.191,189.038,0.0,94.4091,247.6364,802.2273,8405837.0,0.07020881323299512
TV Manufacturing & Supplier Unit,2014-07-19,2234,102.5,103.6,102.1,361.62,1650,596673.0,72.1521,13.686512,97.145,1434.9029,3074.667,196.773,0.0,92.0455,291.5909,785.5909,8405837.0,0.07098317514365315
TV Manufacturing & Supplier Unit,2014-07-20,2227,102.5,103.6,102.1,361.62,1644,594503.28,72.9083,13.361679,102.375,1442.025,3117.048,160.32,0.0,135.0455,249.3182,846.5,8405837.0,0.07072505450676715
TV Manufacturing & Supplier Unit,2014-07-21,2122,102.5,103.6,102.1,361.62,1655,598481.1,71.8265,13.682436,98.0009,1460.4452,2023.524,147.936,40.3932,92.5,221.1818,790.3636,8405837.0,0.07119827567439149
TV Manufacturing & Supplier Unit,2014-07-22,2225,102.5,103.6,102.1,361.62,1663,601374.06,70.9562,13.756545,98.7625,1454.8207,3395.667,262.807,0.0,96.9091,252.4091,898.4545,8405837.0,0.07154243652357285
TV Manufacturing & Supplier Unit,2014-07-23,2210,102.5,103.6,102.1,361.62,1637,591971.9400000001,59.2809,13.217295,84.632,1392.1066,2921.333,311.592,30.3757,106.1818,254.9091,1144.5455,8405837.0,0.07042391376373347
TV Manufacturing & Supplier Unit,2014-07-24,2456,102.5,103.6,102.1,361.62,1680,607521.6,64.7032,13.211155,92.6027,1397.2603,2825.095,455.428,46.9608,126.0455,269.3182,1115.2727,8405837.0,0.07227377832808321
TV Manufacturing & Supplier Unit,2014-07-25,2553,102.5,103.6,102.1,361.62,1622,586547.64,68.4878,13.715226,90.128,1433.561,5082.667,467.509,93.5075,114.2273,324.5909,1271.5455,8405837.0,0.06977861217151844
TV Manufacturing & Supplier Unit,2014-07-26,2134,102.5,103.6,102.1,361.62,1635,591248.7,63.4742,13.85664,89.0317,1441.4789,4011.714,402.614,0.0,118.0455,281.5455,971.7273,8405837.0,0.07033787355143813
TV Manufacturing & Supplier Unit,2014-07-27,2427,102.5,103.6,102.1,361.62,1681,607883.22,61.0278,13.6175,90.3229,1411.8333,2666.857,435.346,105.1623,118.5909,261.4545,893.6818,8405837.0,0.07231679843423088
TV Manufacturing & Supplier Unit,2014-07-28,2522,102.5,103.6,102.1,361.62,1641,593418.42,56.0507,12.873331,75.9069,1322.6087,1675.905,408.612,0.0,175.5455,275.6364,3826.6818,8405837.0,0.07059599418832414
TV Manufacturing & Supplier Unit,2014-07-29,2245,102.5,103.6,102.1,361.62,1656,598842.72,62.4074,13.102381,85.1042,1365.0,3668.476,481.883,104.0112,167.9545,241.7273,2170.1818,8405837.0,0.07124129578053916
TV Manufacturing & Supplier Unit,2014-07-30,2280,102.5,103.6,102.1,361.62,1653,597757.86,58.3943,12.994338,80.5564,1387.4085,0.0,217.694,0.0,95.0,216.7273,969.1818,8405837.0,0.07111223546209616
TV Manufacturing & Supplier Unit,2014-07-31,2543,102.5,103.6,102.1,361.62,1634,590887.08,47.5541,12.722032,73.125,1333.3442,2429.714,52.865,25.8875,111.0909,234.9545,1835.1818,8405837.0,0.07029485344529045
TV Manufacturing & Supplier Unit,2014-08-01,2555,102.5,103.6,102.1,361.62,1679,607159.98,59.8805,13.436076,80.3244,1381.6456,2754.048,88.948,26.1196,115.1818,242.5909,1697.8636,8405837.0,0.07223075822193555
TV Manufacturing & Supplier Unit,2014-08-02,2261,102.5,103.6,102.1,361.62,1612,582931.4400000001,61.2679,13.43674,77.7901,1413.0861,2785.095,57.238,36.1466,141.6818,237.7727,1549.3636,8405837.0,0.06934841111004175
TV Manufacturing & Supplier Unit,2014-08-03,2436,102.5,103.6,102.1,361.62,1645,594864.9,71.0122,13.404974,84.7382,1402.9319,4393.286,28.846,62.6395,108.2273,248.8182,1114.8636,8405837.0,0.07076807461291482
TV Manufacturing & Supplier Unit,2014-08-04,2453,102.5,103.6,102.1,361.62,1680,607521.6,60.1852,13.030952,83.9583,1380.0,3948.333,621.432,20.7815,108.3182,276.7273,1028.1364,8405837.0,0.07227377832808321
TV Manufacturing & Supplier Unit,2014-08-05,2234,102.5,103.6,102.1,361.62,1642,593780.04,67.0833,13.468929,85.2188,1415.7115,5381.381,1040.787,51.0694,119.9545,276.2727,941.4545,8405837.0,0.07063901429447181
TV Manufacturing & Supplier Unit,2014-08-06,2227,102.5,103.6,102.1,361.62,1681,607883.22,60.6469,13.100489,78.3562,1368.8356,4420.81,854.31,0.0,89.8636,226.3636,896.9545,8405837.0,0.07231679843423088
TV Manufacturing & Supplier Unit,2014-08-07,2122,102.5,103.6,102.1,361.62,1632,590163.84,58.1144,13.07043,80.045,1371.6737,4524.381,587.16,0.0,99.0,220.6818,1072.0455,8405837.0,0.07020881323299512
TV Manufacturing & Supplier Unit,2014-08-08,2225,102.5,103.6,102.1,361.62,1650,596673.0,57.3207,13.081103,83.5127,1380.6962,3647.762,522.584,0.0,108.6364,278.2273,928.5909,8405837.0,0.07098317514365315
TV Manufacturing & Supplier Unit,2014-08-09,2210,102.5,103.6,102.1,361.62,1644,594503.28,60.7032,13.50425,77.856,1385.1266,3238.143,900.812,47.174,157.2727,258.3636,1084.3636,8405837.0,0.07072505450676715
TV Manufacturing & Supplier Unit,2014-08-10,2240,102.5,103.6,102.1,361.62,1655,598481.1,59.1749,13.853677,75.5225,1437.6393,4245.857,818.376,0.0,104.3636,233.6818,807.0909,8405837.0,0.07119827567439149
TV Manufacturing & Supplier Unit,2014-08-11,2266,102.5,103.6,102.1,361.62,1663,601374.06,65.1245,13.325,78.0981,1381.7672,3604.0,1100.992,46.782,109.6364,226.5909,889.8636,8405837.0,0.07154243652357285
TV Manufacturing & Supplier Unit,2014-08-12,2206,102.5,103.6,102.1,361.62,1642,593780.04,60.6667,13.488857,76.725,1399.6615,4168.952,272.036,0.0,93.9545,222.7727,805.9091,8405837.0,0.07063901429447181
TV Manufacturing & Supplier Unit,2014-08-13,2176,102.5,103.6,102.1,361.62,1659,599927.58,59.1026,13.206593,78.6058,1369.3491,3984.429,817.581,31.3919,81.9091,225.1818,816.2727,8405837.0,0.07137035609898217
TV Manufacturing & Supplier Unit,2014-08-14,2234,102.5,103.6,102.1,361.62,1641,593418.42,61.1351,12.775135,76.2872,1341.7297,3943.524,1288.844,31.1817,98.6818,224.5455,855.8636,8405837.0,0.07059599418832414
TV Manufacturing & Supplier Unit,2014-08-15,2446,102.5,103.6,102.1,361.62,1656,598842.72,53.7865,12.940132,74.9424,1323.5526,5732.0,540.757,31.5487,111.0455,232.8636,791.3636,8405837.0,0.07124129578053916
TV Manufacturing & Supplier Unit,2014-08-16,2346,102.5,103.6,102.1,361.62,1653,597757.86,71.5344,13.742857,90.9226,1448.9683,4794.048,1244.833,31.3605,93.0455,200.0,889.3636,8405837.0,0.07111223546209616
TV Manufacturing & Supplier Unit,2014-08-17,2216,102.5,103.6,102.1,361.62,1634,590887.08,64.2846,13.314926,83.8178,1382.5472,4364.333,1758.402,0.0,133.5,244.9091,1398.6364,8405837.0,0.07029485344529045
TV Manufacturing & Supplier Unit,2014-08-18,2305,102.5,103.6,102.1,361.62,1679,607159.98,65.7941,12.818661,84.1001,1347.2513,4294.238,1030.257,0.0,86.7727,258.7727,755.4545,8405837.0,0.07223075822193555
TV Manufacturing & Supplier Unit,2014-08-19,2261,102.5,103.6,102.1,361.62,1612,582931.4400000001,62.4,13.546531,82.5964,1416.1714,3653.238,1418.209,33.6281,121.1818,305.2727,1097.0455,8405837.0,0.06934841111004175
TV Manufacturing & Supplier Unit,2014-08-20,2305,102.5,103.6,102.1,361.62,1645,594864.9,53.7727,12.961169,74.8977,1344.9545,3609.905,715.315,0.0,94.1364,235.6818,781.4545,8405837.0,0.07076807461291482
TV Manufacturing & Supplier Unit,2014-08-21,2226,102.5,103.6,102.1,361.62,1680,607521.6,52.8214,13.362325,71.2132,1351.5686,4121.333,917.361,0.0,107.1364,281.2727,977.0,8405837.0,0.07227377832808321
TV Manufacturing & Supplier Unit,2014-08-22,2134,102.5,103.6,102.1,361.62,1642,593780.04,57.7518,12.776208,78.5612,1324.1547,4237.095,1791.183,0.0,95.8636,234.8182,1045.8636,8405837.0,0.07063901429447181
TV Manufacturing & Supplier Unit,2014-08-23,2279,102.5,103.6,102.1,361.62,1681,607883.22,51.1271,11.920452,72.7743,1257.518,5421.762,1438.156,0.0,98.8636,239.5455,1194.5909,8405837.0,0.07231679843423088
TV Manufacturing & Supplier Unit,2014-08-24,2212,102.5,103.6,102.1,361.62,1632,590163.84,52.1501,12.719017,71.1201,1302.2078,3889.762,1296.546,66.0518,84.0455,229.9545,1077.9545,8405837.0,0.07020881323299512
TV Manufacturing & Supplier Unit,2014-08-25,2245,102.5,103.6,102.1,361.62,1650,596673.0,51.7909,12.351222,75.2632,1311.1184,0.0,1606.041,31.3291,106.0455,229.2727,1248.6364,8405837.0,0.07098317514365315
TV Manufacturing & Supplier Unit,2014-08-26,2280,102.5,103.6,102.1,361.62,1644,594503.28,48.2576,12.586364,67.7699,1285.6818,4385.238,733.219,31.442,163.0,220.1364,863.9091,8405837.0,0.07072505450676715
TV Manufacturing & Supplier Unit,2014-08-27,2240,102.5,103.6,102.1,361.62,1655,598481.1,66.1017,13.261653,90.58,1389.4068,4190.619,559.335,98.8613,97.1364,231.2273,931.4545,8405837.0,0.07119827567439149
TV Manufacturing & Supplier Unit,2014-08-28,2482,102.5,103.6,102.1,361.62,1663,601374.06,59.9742,13.437482,83.5535,1403.4278,4585.81,594.017,81.0844,227.4091,348.1818,5330.5909,8405837.0,0.07154243652357285
TV Manufacturing & Supplier Unit,2014-08-29,2342,102.5,103.6,102.1,361.62,1637,591971.9400000001,55.2248,13.235382,74.939,1407.8372,4315.667,1528.002,60.6353,217.6364,246.2273,1589.4545,8405837.0,0.07042391376373347
TV Manufacturing & Supplier Unit,2014-08-30,2456,102.5,103.6,102.1,361.62,1542,557618.04,41.9396,10.782832,72.2697,1124.5614,3302.667,1456.185,20.4679,906.7727,254.8182,1904.4545,8405837.0,0.06633700367970495
TV Manufacturing & Supplier Unit,2014-08-31,2253,102.5,103.6,102.1,361.62,1559,563765.58,41.6303,10.945789,77.2762,1151.9869,4852.238,1309.68,5.8744,1169.4091,272.7273,2055.2727,8405837.0,0.06706834548421531
TV Manufacturing & Supplier Unit,2014-09-01,2134,102.5,103.6,102.1,361.62,1541,557256.42,41.6467,10.320488,74.1467,1067.1557,4218.524,1074.439,118.4667,124.0,243.8182,1194.0455,8405837.0,0.06629398357355729
TV Manufacturing & Supplier Unit,2014-09-02,2427,102.5,103.6,102.1,361.62,1556,562680.72,43.8592,10.441019,82.8277,1122.3786,3900.429,1201.36,33.12,84.6818,223.3182,859.0909,8405837.0,0.0669392851657723
TV Manufacturing & Supplier Unit,2014-09-03,2322,102.5,103.6,102.1,361.62,1553,561595.86,48.425,11.099679,92.7469,1155.225,4992.524,1321.858,64.7,76.0,199.4545,920.6818,8405837.0,0.0668102248473293
TV Manufacturing & Supplier Unit,2014-09-04,2245,102.5,103.6,102.1,361.62,1534,554725.08,41.2437,10.780856,74.2386,1114.6447,4108.857,1051.006,85.2464,87.1364,403.7727,1091.8182,8405837.0,0.06599284283052359
TV Manufacturing & Supplier Unit,2014-09-05,2280,102.5,103.6,102.1,361.62,1579,570997.98,38.057,10.027128,75.1457,1070.1295,3149.857,935.436,7.3203,110.7727,268.5455,1095.4091,8405837.0,0.06792874760716869
TV Manufacturing & Supplier Unit,2014-09-06,2543,102.5,103.6,102.1,361.62,1512,546769.4400000001,38.1959,10.518225,79.5329,1105.0515,3783.0,1674.99,35.0395,96.7273,225.7727,861.1364,8405837.0,0.0650464004952749
TV Manufacturing & Supplier Unit,2014-09-07,2255,102.5,103.6,102.1,361.62,1545,558702.9,40.6498,10.727556,81.7345,1115.9174,3883.095,1066.52,0.0,131.6818,210.3182,849.5455,8405837.0,0.06646606399814796
TV Manufacturing & Supplier Unit,2014-09-08,2261,102.5,103.6,102.1,361.62,1580,571359.6,41.3988,10.489955,73.4515,1080.4018,3695.714,1119.701,70.3706,152.5,214.1818,950.0909,8405837.0,0.06797176771331635
TV Manufacturing & Supplier Unit,2014-09-09,2436,102.5,103.6,102.1,361.62,1542,557618.04,48.3967,11.065644,83.9878,1155.6522,4390.143,1153.756,101.5147,95.1364,226.2273,852.8182,8405837.0,0.06633700367970495
TV Manufacturing & Supplier Unit,2014-09-10,2453,102.5,103.6,102.1,361.62,1581,571721.22,42.5309,10.512018,77.8968,1084.3651,4997.381,1430.851,101.9914,106.3182,282.0,901.0,8405837.0,0.06801478781946402
TV Manufacturing & Supplier Unit,2014-09-11,2234,102.5,103.6,102.1,361.62,1532,554001.84,44.4388,10.814541,81.4573,1140.6888,4414.286,996.813,33.7128,92.0455,246.8182,962.8182,8405837.0,0.06590680261822826
TV Manufacturing & Supplier Unit,2014-09-12,2227,102.5,103.6,102.1,361.62,1550,560511.0,42.6279,11.224485,79.3605,1176.2093,3298.952,390.3756,0.0,891.5664,1540.4294,7307.3182,8405837.0,0.0666811645288863
TV Manufacturing & Supplier Unit,2014-09-13,2450,102.5,103.6,102.1,361.62,1544,558341.28,49.221,10.995497,86.8139,1151.5217,2838.129,462.8413,17.6288,173.3708,394.712,1420.9545,8405837.0,0.0664230438920003
TV Manufacturing & Supplier Unit,2014-09-14,2252,102.5,103.6,102.1,361.62,1655,598481.1,46.2566,11.370578,84.5387,1162.7381,2744.632,676.4964,27.254,165.5566,493.4066,1356.9091,8405837.0,0.07119827567439149
TV Manufacturing & Supplier Unit,2014-09-15,2133,102.5,103.6,102.1,361.62,1563,565212.06,42.2917,11.085268,79.8047,1147.7163,4937.903,694.4416,54.2678,149.4013,543.3876,1224.5,8405837.0,0.067240425908806
TV Manufacturing & Supplier Unit,2014-09-16,2424,102.5,103.6,102.1,361.62,1537,555809.9400000001,38.9348,10.688346,72.2086,1090.9399,2590.9,646.6664,61.0317,108.051,280.2315,885.5909,8405837.0,0.06612190314896661
TV Manufacturing & Supplier Unit,2014-09-17,2221,102.5,103.6,102.1,361.62,1645,594864.9,44.3651,10.86308,79.3506,1129.2857,1628.172,606.9556,0.0,163.1774,580.3669,1337.4091,8405837.0,0.07076807461291482
TV Manufacturing & Supplier Unit,2014-09-18,2242,102.5,103.6,102.1,361.62,1680,607521.6,38.7023,10.894057,79.2653,1151.4504,3563.992,715.7929,60.3637,115.3161,249.0141,945.1364,8405837.0,0.07227377832808321
TV Manufacturing & Supplier Unit,2014-09-19,2284,102.5,103.6,102.1,361.62,1642,593780.04,46.6838,11.338144,81.9201,1179.433,0.0,323.3644,0.0,113.4305,240.695,929.6818,8405837.0,0.07063901429447181
TV Manufacturing & Supplier Unit,2014-09-20,2342,102.5,103.6,102.1,361.62,1681,607883.22,41.5698,10.810839,78.3685,1107.2965,2360.512,78.5261,15.024,123.818,311.9083,1014.8182,8405837.0,0.07231679843423088
TV Manufacturing & Supplier Unit,2014-09-21,2551,102.5,103.6,102.1,361.62,1632,590163.84,42.8271,11.439653,77.9089,1161.9393,2675.608,132.1241,15.1587,168.141,304.1815,1378.0909,8405837.0,0.07020881323299512
TV Manufacturing & Supplier Unit,2014-09-22,2261,102.5,103.6,102.1,361.62,1650,596673.0,37.9167,11.885714,62.9688,1251.25,2705.771,85.0218,20.9779,178.9666,381.9316,1466.8182,8405837.0,0.07098317514365315
TV Manufacturing & Supplier Unit,2014-09-23,2436,102.5,103.6,102.1,361.62,1644,594503.28,38.9348,10.688346,79.3506,1090.9399,4268.157,42.8481,36.3533,131.8041,378.6272,1080.2727,8405837.0,0.07072505450676715
TV Manufacturing & Supplier Unit,2014-09-24,2453,102.5,103.6,102.1,361.62,1655,598481.1,41.5698,10.810839,78.3685,1107.2965,2360.512,78.5261,15.024,123.818,311.9083,1014.8182,8405837.0,0.07119827567439149
TV Manufacturing & Supplier Unit,2014-09-25,2230,102.5,103.6,102.1,361.62,1663,601374.06,42.8271,11.439653,77.9089,1161.9393,2675.608,132.1241,15.1587,168.141,304.1815,1378.0909,8405837.0,0.07154243652357285
TV Manufacturing & Supplier Unit,2014-09-26,2222,102.5,103.6,102.1,361.62,1637,591971.9400000001,37.9167,11.885714,62.9688,1251.25,2705.771,85.0218,20.9779,178.9666,381.9316,1466.8182,8405837.0,0.07042391376373347
TV Manufacturing & Supplier Unit,2014-09-27,1935,102.5,103.6,102.1,361.62,1659,599927.58,38.7023,10.688346,79.3506,1090.9399,4268.157,42.8481,36.3533,131.8041,378.6272,1080.2727,8405837.0,0.07137035609898217
TV Manufacturing & Supplier Unit,2014-09-28,1938,102.5,103.6,102.1,361.62,1641,593418.42,77.4819,14.104193,112.337,1479.4565,722.571,95.333,11.8398,91.0,276.3636,756.5909,8405837.0,0.07059599418832414
TV Manufacturing & Supplier Unit,2014-09-29,1982,102.5,103.6,102.1,361.62,1656,598842.72,73.4783,13.298758,105.7133,1369.8913,717.857,114.957,27.8039,111.9091,291.3182,860.1364,8405837.0,0.07124129578053916
TV Manufacturing & Supplier Unit,2014-09-30,1934,102.5,103.6,102.1,361.62,1653,597757.86,80.6093,13.200691,108.7702,1428.0645,653.333,113.09,0.0,94.6364,282.7273,751.9545,8405837.0,0.07111223546209616
TV Manufacturing & Supplier Unit,2014-10-01,1941,102.5,103.6,102.1,361.62,1634,590887.08,65.9319,12.721429,93.3065,1309.3548,622.095,72.442,0.0,98.5909,306.3182,749.4545,8405837.0,0.07029485344529045
TV Manufacturing & Supplier Unit,2014-10-02,1930,102.5,103.6,102.1,361.62,1679,607159.98,77.4819,14.104193,112.337,1479.4565,722.571,95.333,11.8398,91.0,276.3636,756.5909,8405837.0,0.07223075822193555
TV Manufacturing & Supplier Unit,2014-10-03,1942,102.5,103.6,102.1,361.62,1612,582931.4400000001,73.4783,13.298758,105.7133,1369.8913,717.857,114.957,27.8039,111.9091,291.3182,860.1364,8405837.0,0.06934841111004175
TV Manufacturing & Supplier Unit,2014-10-04,1939,102.5,103.6,102.1,361.62,1645,594864.9,80.6093,13.200691,108.7702,1428.0645,653.333,113.09,0.0,94.6364,282.7273,751.9545,8405837.0,0.07076807461291482
TV Manufacturing & Supplier Unit,2014-10-05,1978,102.5,103.6,102.1,361.62,1680,607521.6,65.9319,12.721429,93.3065,1309.3548,622.095,72.442,0.0,98.5909,306.3182,749.4545,8405837.0,0.07227377832808321
TV Manufacturing & Supplier Unit,2014-10-06,1932,102.5,103.6,102.1,361.62,1640,593056.8,89.7283,13.792314,117.6359,1417.0109,624.238,87.649,0.0,105.0455,306.4545,754.2727,8405837.0,0.07055297408217648
TV Manufacturing & Supplier Unit,2014-10-07,1914,102.5,103.6,102.1,361.62,1682,608244.84,68.8095,12.581633,91.6071,1334.3407,611.714,38.235,0.0,108.0,305.9545,776.6364,8405837.0,0.07235981854037854
TV Manufacturing & Supplier Unit,2014-10-08,1901,102.5,103.6,102.1,361.62,1642,593780.04,80.1434,13.419355,101.6935,1390.6452,627.238,92.486,6.9945,112.9545,304.8636,867.1818,8405837.0,0.07063901429447181
TV Manufacturing & Supplier Unit,2014-10-09,1936,102.5,103.6,102.1,361.62,1659,599927.58,84.3369,13.476267,105.8871,1442.5806,613.143,206.96,69.9877,115.3636,298.5455,905.4091,8405837.0,0.07137035609898217
TV Manufacturing & Supplier Unit,2014-10-10,1993,102.5,103.6,102.1,361.62,1641,593418.42,75.4189,13.207026,104.5594,1417.1311,615.857,83.632,49.589,171.5,309.6818,880.5909,8405837.0,0.07059599418832414
TV Manufacturing & Supplier Unit,2014-10-11,1902,102.5,103.6,102.1,361.62,1656,598842.72,70.7921,12.964604,97.6207,1357.7228,688.667,118.126,46.3774,123.8182,273.7727,791.7727,8405837.0,0.07124129578053916
TV Manufacturing & Supplier Unit,2014-10-12,1907,102.5,103.6,102.1,361.62,1653,597757.86,68.9912,13.25047,102.4712,1378.4211,636.667,125.388,47.8766,111.2727,275.6818,867.7273,8405837.0,0.07111223546209616
TV Manufacturing & Supplier Unit,2014-10-13,1917,102.5,103.6,102.1,361.62,1634,590887.08,69.6637,13.080365,102.3094,1393.8565,610.286,86.23,34.2365,117.6818,280.8182,840.1364,8405837.0,0.07029485344529045
TV Manufacturing & Supplier Unit,2014-10-14,1912,102.5,103.6,102.1,361.62,1679,607159.98,66.0726,13.407284,95.4486,1428.7871,622.095,95.229,60.6667,100.9091,284.9545,796.5909,8405837.0,0.07223075822193555
TV Manufacturing & Supplier Unit,2014-10-15,1964,102.5,103.6,102.1,361.62,1612,582931.4400000001,74.1848,13.345691,103.0639,1399.9728,602.0,158.382,18.7505,112.2727,281.6818,914.9091,8405837.0,0.06934841111004175
TV Manufacturing & Supplier Unit,2014-10-16,1927,102.5,103.6,102.1,361.62,1645,594864.9,63.5185,13.116667,97.2917,1400.1282,5072.619,48.039,19.0108,116.8182,265.9091,1379.4091,8405837.0,0.07076807461291482
TV Manufacturing & Supplier Unit,2014-10-17,1827,102.5,103.6,102.1,361.62,1782,644406.84,68.8107,13.319634,96.5201,1397.7889,5413.095,221.528,0.0,118.6364,279.1818,904.5,8405837.0,0.0766618291551454
TV Manufacturing & Supplier Unit,2014-10-18,1822,102.5,103.6,102.1,361.62,1742,629942.04,73.7652,13.23974,97.5,1390.8409,5230.286,208.569,30.429,103.9545,276.2727,828.0455,8405837.0,0.07494102490923867
TV Manufacturing & Supplier Unit,2014-10-19,1825,102.5,103.6,102.1,361.62,1759,636089.58,72.1859,13.440022,97.255,1411.5829,2421.429,136.737,31.5863,109.3182,283.2727,953.0455,8405837.0,0.07567236671374902
TV Manufacturing & Supplier Unit,2014-10-20,1810,102.5,103.6,102.1,361.62,1741,629580.42,66.0888,13.228643,97.6225,1406.0804,2126.714,151.538,43.0027,119.2727,299.3636,945.0,8405837.0,0.074898004803091
TV Manufacturing & Supplier Unit,2014-10-21,1840,102.5,103.6,102.1,361.62,1756,635004.72,74.5333,12.9675,98.9625,1358.775,6354.571,5.659,43.1783,106.9545,286.7273,896.5,8405837.0,0.07554330639530601
TV Manufacturing & Supplier Unit,2014-10-22,1866,102.5,103.6,102.1,361.62,1753,633919.86,82.3549,13.487846,108.8993,1441.5672,3272.952,173.248,11.7112,138.3182,317.8182,1253.8636,8405837.0,0.07541424607686302
TV Manufacturing & Supplier Unit,2014-10-23,1806,102.5,103.6,102.1,361.62,1740,629218.8,73.0167,13.521857,100.9125,1417.05,2568.714,200.366,11.8272,120.9545,254.0909,912.6818,8405837.0,0.07485498469694334
TV Manufacturing & Supplier Unit,2014-10-24,1876,102.5,103.6,102.1,361.62,1766,638620.92,80.2514,13.530168,101.449,1417.1229,4164.429,100.809,0.0,139.4545,273.4545,1060.3182,8405837.0,0.07597350745678272
TV Manufacturing & Supplier Unit,2014-10-25,1834,102.5,103.6,102.1,361.62,1706,616923.72,74.2157,13.368908,102.5735,1438.0995,3379.333,32.421,50.8308,116.9091,254.0,913.5909,8405837.0,0.07339230108792259
TV Manufacturing & Supplier Unit,2014-10-26,1846,102.5,103.6,102.1,361.62,1776,642237.12,81.9,13.955036,112.8563,1451.775,3155.143,52.031,144.9951,87.1364,241.4545,799.1818,8405837.0,0.0764037085182594
TV Manufacturing & Supplier Unit,2014-10-27,1846,102.5,103.6,102.1,361.62,1734,627049.08,70.4439,13.584207,102.6445,1436.1558,252.905,172.967,95.636,79.3636,221.9545,853.5909,8405837.0,0.0745968640600573
TV Manufacturing & Supplier Unit,2014-10-28,1816,102.5,103.6,102.1,361.62,1746,631388.52,70.8209,13.662473,99.8041,1446.791,2981.048,189.24,11.8084,93.0909,240.1364,881.7273,8405837.0,0.07511310533382934
TV Manufacturing & Supplier Unit,2014-10-29,1805,102.5,103.6,102.1,361.62,1759,636089.58,76.9832,13.57063,103.6278,1462.2905,3706.667,206.839,3.8765,97.9545,244.3636,971.9091,8405837.0,0.07567236671374902
TV Manufacturing & Supplier Unit,2014-10-30,1861,102.5,103.6,102.1,361.62,1741,629580.42,75.0382,13.75095,103.3142,1438.6927,2226.429,132.829,0.0,94.3182,230.0455,868.1818,8405837.0,0.074898004803091
TV Manufacturing & Supplier Unit,2014-10-31,1805,102.5,103.6,102.1,361.62,1756,635004.72,86.2007,13.771313,118.4677,1477.8226,4038.81,194.316,34.6945,77.8182,197.1818,821.3636,8405837.0,0.07554330639530601
TV Manufacturing & Supplier Unit,2014-11-01,1826,102.5,103.6,102.1,361.62,1753,633919.86,71.3785,13.186582,98.639,1387.5,3323.762,140.09,35.5475,66.8636,191.1818,770.9091,8405837.0,0.07541424607686302
TV Manufacturing & Supplier Unit,2014-11-02,1834,102.5,103.6,102.1,361.62,1734,627049.08,70.1412,13.363559,98.464,1424.4915,4422.667,149.738,15.863,66.9545,194.4545,697.6364,8405837.0,0.0745968640600573
TV Manufacturing & Supplier Unit,2014-11-03,1879,102.5,103.6,102.1,361.62,1779,643321.98,70.0298,13.411224,104.3555,1417.0982,3892.381,99.954,15.817,98.1364,253.5455,928.5455,8405837.0,0.0765327688367024
TV Manufacturing & Supplier Unit,2014-11-04,1812,102.5,103.6,102.1,361.62,1712,619093.4400000001,70.7417,13.195929,98.9625,1400.175,1885.191,117.032,0.0,95.9091,254.0455,843.4091,8405837.0,0.07365042172480861
TV Manufacturing & Supplier Unit,2014-11-05,1845,102.5,103.6,102.1,361.62,1788,646576.56,75.7181,13.641109,98.5372,1401.3032,1953.81,121.125,35.811,89.0909,245.5,767.3182,8405837.0,0.07691994979203143
TV Manufacturing & Supplier Unit,2014-11-06,2880,102.5,103.6,102.1,361.62,2755,996263.1,62.6861,12.822399,84.1292,1339.8058,1791.191,189.038,0.0,94.4091,247.6364,802.2273,8405837.0,0.11852039243682692
TV Manufacturing & Supplier Unit,2014-11-07,2927,102.5,103.6,102.1,361.62,3776,1365477.12,72.1521,13.686512,97.145,1434.9029,3074.667,196.773,0.0,92.0455,291.5909,785.5909,8405837.0,0.16244392081359657
TV Manufacturing & Supplier Unit,2014-11-08,2827,102.5,103.6,102.1,361.62,3734,1350289.08,72.9083,13.361679,102.375,1442.025,3117.048,160.32,0.0,135.0455,249.3182,846.5,8405837.0,0.16063707635539448
TV Manufacturing & Supplier Unit,2014-11-09,3522,102.5,103.6,102.1,361.62,3746,1354628.52,71.8265,13.682436,98.0009,1460.4452,2023.524,147.936,40.3932,92.5,221.1818,790.3636,8405837.0,0.1611533176291665
TV Manufacturing & Supplier Unit,2014-11-10,3525,102.5,103.6,102.1,361.62,3759,1359329.58,70.9562,13.756545,98.7625,1454.8207,3395.667,262.807,0.0,96.9091,252.4091,898.4545,8405837.0,0.1617125790090862
TV Manufacturing & Supplier Unit,2014-11-11,3510,102.5,103.6,102.1,361.62,3741,1352820.42,59.2809,13.217295,84.632,1392.1066,2921.333,311.592,30.3757,106.1818,254.9091,1144.5455,8405837.0,0.16093821709842815
TV Manufacturing & Supplier Unit,2014-11-12,3840,102.5,103.6,102.1,361.62,3756,1358244.72,64.7032,13.211155,92.6027,1397.2603,2825.095,455.428,46.9608,126.0455,269.3182,1115.2727,8405837.0,0.1615835186906432
TV Manufacturing & Supplier Unit,2014-11-13,3866,102.5,103.6,102.1,361.62,4053,1465645.86,68.4878,13.715226,90.128,1433.561,5082.667,467.509,93.5075,114.2273,324.5909,1271.5455,8405837.0,0.17436049021650077
TV Manufacturing & Supplier Unit,2014-11-14,3806,102.5,103.6,102.1,361.62,4034,1458775.08,63.4742,13.85664,89.0317,1441.4789,4011.714,402.614,0.0,118.0455,281.5455,971.7273,8405837.0,0.17354310819969507
TV Manufacturing & Supplier Unit,2014-11-15,3876,102.5,103.6,102.1,361.62,4079,1475047.98,61.0278,13.6175,90.3229,1411.8333,2666.857,435.346,105.1623,118.5909,261.4545,893.6818,8405837.0,0.17547901297634014
TV Manufacturing & Supplier Unit,2014-11-16,3834,102.5,103.6,102.1,361.62,4012,1450819.44,56.0507,12.873331,75.9069,1322.6087,1675.905,408.612,0.0,175.5455,275.6364,3826.6818,8405837.0,0.17259666586444633
TV Manufacturing & Supplier Unit,2014-11-17,4080,102.5,103.6,102.1,361.62,3955,1430207.1,62.4074,13.102381,85.1042,1365.0,3668.476,481.883,104.0112,167.9545,241.7273,2170.1818,8405837.0,0.17014451981402923
TV Manufacturing & Supplier Unit,2014-11-18,4027,102.5,103.6,102.1,361.62,4176,1510125.12,58.3943,12.994338,80.5564,1387.4085,0.0,217.694,0.0,95.0,216.7273,969.1818,8405837.0,0.179651963272664
TV Manufacturing & Supplier Unit,2014-11-19,4027,102.5,103.6,102.1,361.62,3934,1422613.08,47.5541,12.722032,73.125,1333.3442,2429.714,52.865,25.8875,111.0909,234.9545,1835.1818,8405837.0,0.1692410975849282
TV Manufacturing & Supplier Unit,2014-11-20,4022,102.5,103.6,102.1,361.62,4046,1463114.52,59.8805,13.436076,80.3244,1381.6456,2754.048,88.948,26.1196,115.1818,242.5909,1697.8636,8405837.0,0.17405934947346707
TV Manufacturing & Supplier Unit,2014-11-21,4025,102.5,103.6,102.1,361.62,3859,1395491.58,61.2679,13.43674,77.7901,1413.0861,2785.095,57.238,36.1466,141.6818,237.7727,1549.3636,8405837.0,0.16601458962385304
TV Manufacturing & Supplier Unit,2014-11-22,2542,102.5,103.6,102.1,361.62,1945,703350.9,71.0122,13.404974,84.7382,1402.9319,4393.286,28.846,62.6395,108.2273,248.8182,1114.8636,8405837.0,0.08367410645721539
TV Manufacturing & Supplier Unit,2014-11-23,2579,102.5,103.6,102.1,361.62,1980,716007.6,60.1852,13.030952,83.9583,1380.0,3948.333,621.432,20.7815,108.3182,276.7273,1028.1364,8405837.0,0.08517981017238378
TV Manufacturing & Supplier Unit,2014-11-24,2841,102.5,103.6,102.1,361.62,1942,702266.04,67.0833,13.468929,85.2188,1415.7115,5381.381,1040.787,51.0694,119.9545,276.2727,941.4545,8405837.0,0.08354504613877238
TV Manufacturing & Supplier Unit,2014-11-25,2456,102.5,103.6,102.1,361.62,1981,716369.22,60.6469,13.100489,78.3562,1368.8356,4420.81,854.31,0.0,89.8636,226.3636,896.9545,8405837.0,0.08522283027853145
TV Manufacturing & Supplier Unit,2014-11-26,2553,101.5,103.6,102.1,361.62,1932,698649.84,58.1144,13.07043,80.045,1371.6737,4524.381,587.16,0.0,99.0,220.6818,1072.0455,8405837.0,0.08311484507729569
TV Manufacturing & Supplier Unit,2014-11-27,2134,101.5,103.6,102.1,361.62,1950,705159.0,57.3207,13.081103,83.5127,1380.6962,3647.762,522.584,0.0,108.6364,278.2273,928.5909,8405837.0,0.08388920698795373
TV Manufacturing & Supplier Unit,2014-11-28,2427,101.5,103.6,102.1,361.62,1944,702989.28,60.7032,13.50425,77.856,1385.1266,3238.143,900.812,47.174,157.2727,258.3636,1084.3636,8405837.0,0.08363108635106772
TV Manufacturing & Supplier Unit,2014-11-29,2522,101.5,103.6,102.1,361.62,1955,706967.1,59.1749,13.853677,75.5225,1437.6393,4245.857,818.376,0.0,104.3636,233.6818,807.0909,8405837.0,0.08410430751869206
TV Manufacturing & Supplier Unit,2014-11-30,2245,101.5,103.6,102.1,361.62,1963,709860.06,65.1245,13.325,78.0981,1381.7672,3604.0,1100.992,46.782,109.6364,226.5909,889.8636,8405837.0,0.08444846836787342
TV Manufacturing & Supplier Unit,2014-12-01,2280,101.5,103.6,102.1,361.62,1837,664295.9400000001,60.6667,13.488857,76.725,1399.6615,4168.952,272.036,0.0,93.9545,222.7727,805.9091,8405837.0,0.07902793499326718
TV Manufacturing & Supplier Unit,2014-12-02,2543,101.5,103.6,102.1,361.62,1859,672251.58,59.1026,13.206593,78.6058,1369.3491,3984.429,817.581,31.3919,81.9091,225.1818,816.2727,8405837.0,0.07997437732851588
TV Manufacturing & Supplier Unit,2014-12-03,2555,101.5,103.6,102.1,361.62,1841,665742.42,61.1351,12.775135,76.2872,1341.7297,3943.524,1288.844,31.1817,98.6818,224.5455,855.8636,8405837.0,0.07920001541785786
TV Manufacturing & Supplier Unit,2014-12-04,2261,101.5,103.6,102.1,361.62,1856,671166.72,53.7865,12.940132,74.9424,1323.5526,5732.0,540.757,31.5487,111.0455,232.8636,791.3636,8405837.0,0.07984531701007287
TV Manufacturing & Supplier Unit,2014-12-05,2436,101.5,103.6,102.1,361.62,1853,670081.86,71.5344,13.742857,90.9226,1448.9683,4794.048,1244.833,31.3605,93.0455,200.0,889.3636,8405837.0,0.07971625669162988
TV Manufacturing & Supplier Unit,2014-12-06,2453,101.5,103.6,102.1,361.62,1834,663211.08,64.2846,13.314926,83.8178,1382.5472,4364.333,1758.402,0.0,133.5,244.9091,1398.6364,8405837.0,0.07889887467482416
TV Manufacturing & Supplier Unit,2014-12-07,2234,101.5,103.6,102.1,361.62,1879,679483.98,65.7941,12.818661,84.1001,1347.2513,4294.238,1030.257,0.0,86.7727,258.7727,755.4545,8405837.0,0.08083477945146926
TV Manufacturing & Supplier Unit,2014-12-08,2227,101.5,103.6,102.1,361.62,1812,655255.4400000001,62.4,13.546531,82.5964,1416.1714,3653.238,1418.209,33.6281,121.1818,305.2727,1097.0455,8405837.0,0.07795243233957547
TV Manufacturing & Supplier Unit,2014-12-09,2122,101.5,103.6,102.1,361.62,1745,631026.9,53.7727,12.961169,74.8977,1344.9545,3609.905,715.315,0.0,94.1364,235.6818,781.4545,8405837.0,0.07507008522768167
TV Manufacturing & Supplier Unit,2014-12-10,2225,101.5,103.6,102.1,361.62,1780,643683.6,52.8214,13.362325,71.2132,1351.5686,4121.333,917.361,0.0,107.1364,281.2727,977.0,8405837.0,0.07657578894285007
TV Manufacturing & Supplier Unit,2014-12-11,2210,101.5,103.6,102.1,361.62,1740,629218.8,57.7518,12.776208,78.5612,1324.1547,4237.095,1791.183,0.0,95.8636,234.8182,1045.8636,8405837.0,0.07485498469694334
TV Manufacturing & Supplier Unit,2014-12-12,2456,101.5,103.6,102.1,361.62,1682,608244.84,51.1271,11.920452,72.7743,1257.518,5421.762,1438.156,0.0,98.8636,239.5455,1194.5909,8405837.0,0.07235981854037854
TV Manufacturing & Supplier Unit,2014-12-13,2245,101.5,103.6,102.1,361.62,1645,594864.9,52.1501,12.719017,71.1201,1302.2078,3889.762,1296.546,66.0518,84.0455,229.9545,1077.9545,8405837.0,0.07076807461291482
TV Manufacturing & Supplier Unit,2014-12-14,2280,101.5,103.6,102.1,361.62,1680,607521.6,51.7909,12.351222,75.2632,1311.1184,0.0,1606.041,31.3291,106.0455,229.2727,1248.6364,8405837.0,0.07227377832808321
TV Manufacturing & Supplier Unit,2014-12-15,2233,101.5,103.6,102.1,361.62,1642,593780.04,48.2576,12.586364,67.7699,1285.6818,4385.238,733.219,31.442,163.0,220.1364,863.9091,8405837.0,0.07063901429447181
TV Manufacturing & Supplier Unit,2014-12-16,2225,101.5,103.6,102.1,361.62,1681,607883.22,66.1017,13.261653,90.58,1389.4068,4190.619,559.335,98.8613,97.1364,231.2273,931.4545,8405837.0,0.07231679843423088
TV Manufacturing & Supplier Unit,2014-12-17,2261,101.5,103.6,102.1,361.62,1632,590163.84,59.9742,13.437482,83.5535,1403.4278,4585.81,594.017,81.0844,227.4091,348.1818,5330.5909,8405837.0,0.07020881323299512
TV Manufacturing & Supplier Unit,2014-12-18,2136,101.5,103.6,102.1,361.62,1650,596673.0,55.2248,13.235382,74.939,1407.8372,4315.667,1528.002,60.6353,217.6364,246.2273,1589.4545,8405837.0,0.07098317514365315
TV Manufacturing & Supplier Unit,2014-12-19,2121,101.5,103.6,102.1,361.62,1644,594503.28,41.9396,10.782832,72.2697,1124.5614,3302.667,1456.185,20.4679,906.7727,254.8182,1904.4545,8405837.0,0.07072505450676715
TV Manufacturing & Supplier Unit,2014-12-20,2020,101.5,103.6,102.1,361.62,1655,598481.1,41.6303,10.945789,77.2762,1151.9869,4852.238,1309.68,5.8744,1169.4091,272.7273,2055.2727,8405837.0,0.07119827567439149
TV Manufacturing & Supplier Unit,2014-12-21,1998,101.5,103.6,102.1,361.62,1663,601374.06,41.6467,10.320488,74.1467,1067.1557,4218.524,1074.439,118.4667,124.0,243.8182,1194.0455,8405837.0,0.07154243652357285
TV Manufacturing & Supplier Unit,2014-12-22,2020,101.5,103.6,102.1,361.62,1937,700457.9400000001,43.8592,10.441019,82.8277,1122.3786,3900.429,1201.36,33.12,84.6818,223.3182,859.0909,8405837.0,0.08332994560803404
TV Manufacturing & Supplier Unit,2014-12-23,2280,101.5,103.6,102.1,361.62,1680,607521.6,48.425,11.099679,92.7469,1155.225,4992.524,1321.858,64.7,76.0,199.4545,920.6818,8405837.0,0.07227377832808321
TV Manufacturing & Supplier Unit,2014-12-24,2233,101.5,103.6,102.1,361.62,1642,593780.04,41.2437,10.780856,74.2386,1114.6447,4108.857,1051.006,85.2464,87.1364,403.7727,1091.8182,8405837.0,0.07063901429447181
TV Manufacturing & Supplier Unit,2014-12-25,2225,101.5,103.6,102.1,361.62,1681,607883.22,38.057,10.027128,75.1457,1070.1295,3149.857,935.436,7.3203,110.7727,268.5455,1095.4091,8405837.0,0.07231679843423088
TV Manufacturing & Supplier Unit,2014-12-26,2261,101.5,103.6,102.1,361.62,1632,590163.84,38.1959,10.518225,79.5329,1105.0515,3783.0,1674.99,35.0395,96.7273,225.7727,861.1364,8405837.0,0.07020881323299512
TV Manufacturing & Supplier Unit,2014-12-27,2136,101.5,103.6,102.1,361.62,1650,596673.0,40.6498,10.727556,81.7345,1115.9174,3883.095,1066.52,0.0,131.6818,210.3182,849.5455,8405837.0,0.07098317514365315
TV Manufacturing & Supplier Unit,2014-12-28,2121,101.5,103.6,102.1,361.62,1644,594503.28,41.3988,10.489955,73.4515,1080.4018,3695.714,1119.701,70.3706,152.5,214.1818,950.0909,8405837.0,0.07072505450676715
TV Manufacturing & Supplier Unit,2014-12-29,3446,101.5,103.6,102.1,361.62,3534,1277965.08,48.3967,11.065644,83.9878,1155.6522,4390.143,1153.756,101.5147,95.1364,226.2273,852.8182,8405837.0,0.15203305512586077
TV Manufacturing & Supplier Unit,2014-12-30,3346,101.5,103.6,102.1,361.62,4046,1463114.52,42.5309,10.512018,77.8968,1084.3651,4997.381,1430.851,101.9914,106.3182,282.0,901.0,8405837.0,0.17405934947346707
TV Manufacturing & Supplier Unit,2014-12-31,4016,101.5,103.6,102.1,361.62,4259,1540139.58,44.4388,10.814541,81.4573,1140.6888,4414.286,996.813,33.7128,92.0455,246.8182,962.8182,8405837.0,0.18322263208292047
TV Manufacturing & Supplier Unit,2015-01-01,4005,101.5,103.6,102.1,361.62,4241,1533630.42,42.6279,11.224485,79.3605,1176.2093,3298.952,390.3756,0.0,891.5664,1540.4294,7307.3182,8516502.0,0.18007750365114691
TV Manufacturing & Supplier Unit,2015-01-02,4242,101.5,103.6,102.1,361.62,4342,1570154.04,49.221,10.995497,86.8139,1151.5217,2838.129,462.8413,17.6288,173.3708,394.712,1420.9545,8516502.0,0.18436607424033952
TV Manufacturing & Supplier Unit,2015-01-03,2543,101.5,103.6,102.1,361.62,2859,1033871.58,46.2566,11.370578,84.5387,1162.7381,2744.632,676.4964,27.254,165.5566,493.4066,1356.9091,8516502.0,0.12139627044061047
TV Manufacturing & Supplier Unit,2015-01-04,2555,101.5,103.6,102.1,361.62,2841,1027362.42,42.2917,11.085268,79.8047,1147.7163,4937.903,694.4416,54.2678,149.4013,543.3876,1224.5,8516502.0,0.12063197073164546
TV Manufacturing & Supplier Unit,2015-01-05,2261,101.5,103.6,102.1,361.62,2556,924300.72,38.9348,10.688346,72.2086,1090.9399,2590.9,646.6664,61.0317,108.051,280.2315,885.5909,8516502.0,0.10853055867303266
TV Manufacturing & Supplier Unit,2015-01-06,2436,101.5,103.6,102.1,361.62,2253,814729.86,44.3651,10.86308,79.3506,1129.2857,1628.172,606.9556,0.0,163.1774,580.3669,1337.4091,8516502.0,0.09566484690545485
TV Manufacturing & Supplier Unit,2015-01-07,2453,101.5,103.6,102.1,361.62,2134,771697.08,38.7023,10.894057,79.2653,1151.4504,3563.992,715.7929,60.3637,115.3161,249.0141,945.1364,8516502.0,0.09061197660729722
TV Manufacturing & Supplier Unit,2015-01-08,2234,101.5,103.6,104.4,361.62,2179,787969.98,46.6838,11.338144,81.9201,1179.433,0.0,323.3644,0.0,113.4305,240.695,929.6818,8516502.0,0.09252272587970976
TV Manufacturing & Supplier Unit,2015-01-09,2227,101.5,103.6,104.4,361.62,2012,727579.4400000001,41.5698,10.810839,78.3685,1107.2965,2360.512,78.5261,15.024,123.818,311.9083,1014.8182,8516502.0,0.0854317230243121
TV Manufacturing & Supplier Unit,2015-01-10,2122,101.5,104.4,104.4,361.62,2045,739512.9,42.8271,11.439653,77.9089,1161.9393,2675.608,132.1241,15.1587,168.141,304.1815,1378.0909,8516502.0,0.08683293915741463
TV Manufacturing & Supplier Unit,2015-01-11,2225,101.5,104.4,104.4,361.62,1780,643683.6,37.9167,11.885714,62.9688,1251.25,2705.771,85.0218,20.9779,178.9666,381.9316,1466.8182,8516502.0,0.07558074899765185
TV Manufacturing & Supplier Unit,2015-01-12,2210,101.5,104.4,104.4,361.62,1740,629218.8,38.9348,10.688346,79.3506,1090.9399,4268.157,42.8481,36.3533,131.8041,378.6272,1080.2727,8516502.0,0.07388230519995181
TV Manufacturing & Supplier Unit,2015-01-13,2456,101.5,104.4,104.4,361.62,1682,608244.84,41.5698,10.810839,78.3685,1107.2965,2360.512,78.5261,15.024,123.818,311.9083,1014.8182,8516502.0,0.07141956169328675
TV Manufacturing & Supplier Unit,2015-01-14,2245,101.5,104.4,104.4,361.62,1645,594864.9,42.8271,11.439653,77.9089,1161.9393,2675.608,132.1241,15.1587,168.141,304.1815,1378.0909,8516502.0,0.06984850118041422
TV Manufacturing & Supplier Unit,2015-01-15,2280,101.5,104.4,104.4,361.62,1680,607521.6,37.9167,11.885714,62.9688,1251.25,2705.771,85.0218,20.9779,178.9666,381.9316,1466.8182,8516502.0,0.07133463950340174
TV Manufacturing & Supplier Unit,2015-01-16,2233,101.5,104.4,104.4,361.62,1642,593780.04,38.7023,10.688346,79.3506,1090.9399,4268.157,42.8481,36.3533,131.8041,378.6272,1080.2727,8516502.0,0.06972111789558672
TV Manufacturing & Supplier Unit,2015-01-17,2225,101.5,104.4,104.4,361.62,1681,607883.22,77.4819,14.104193,112.337,1479.4565,722.571,95.333,11.8398,91.0,276.3636,756.5909,8516502.0,0.07137710059834425
TV Manufacturing & Supplier Unit,2015-01-18,2280,101.5,104.4,104.4,361.62,1837,664295.9400000001,73.4783,13.298758,105.7133,1369.8913,717.857,114.957,27.8039,111.9091,291.3182,860.1364,8516502.0,0.07800103140937442
TV Manufacturing & Supplier Unit,2015-01-19,2143,101.5,104.4,104.4,361.62,1859,672251.58,80.6093,13.200691,108.7702,1428.0645,653.333,113.09,0.0,94.6364,282.7273,751.9545,8516502.0,0.07893517549810943
TV Manufacturing & Supplier Unit,2015-01-20,2555,101.5,104.4,104.4,361.62,1841,665742.42,65.9319,12.721429,93.3065,1309.3548,622.095,72.442,0.0,98.5909,306.3182,749.4545,8516502.0,0.07817087578914442
TV Manufacturing & Supplier Unit,2015-01-21,2261,101.5,104.4,104.4,361.62,1856,671166.72,77.4819,14.104193,112.337,1479.4565,722.571,95.333,11.8398,91.0,276.3636,756.5909,8516502.0,0.07880779221328194
TV Manufacturing & Supplier Unit,2015-01-22,2336,101.5,104.4,104.4,361.62,1853,670081.86,73.4783,13.298758,105.7133,1369.8913,717.857,114.957,27.8039,111.9091,291.3182,860.1364,8516502.0,0.07868040892845443
TV Manufacturing & Supplier Unit,2015-01-23,2453,101.5,104.4,104.4,361.62,1834,663211.08,80.6093,13.200691,108.7702,1428.0645,653.333,113.09,0.0,94.6364,282.7273,751.9545,8516502.0,0.0778736481245469
TV Manufacturing & Supplier Unit,2015-01-24,2234,101.5,104.4,104.4,361.62,1879,679483.98,65.9319,12.721429,93.3065,1309.3548,622.095,72.442,0.0,98.5909,306.3182,749.4545,8516502.0,0.07978439739695946
TV Manufacturing & Supplier Unit,2015-01-25,2227,101.5,104.4,104.4,361.62,1812,655255.4400000001,89.7283,13.792314,117.6359,1417.0109,624.238,87.649,0.0,105.0455,306.4545,754.2727,8516502.0,0.07693950403581189
TV Manufacturing & Supplier Unit,2015-01-26,2122,101.5,104.4,104.4,361.62,1745,631026.9,68.8095,12.581633,91.6071,1334.3407,611.714,38.235,0.0,108.0,305.9545,776.6364,8516502.0,0.07409461067466432
TV Manufacturing & Supplier Unit,2015-01-27,2225,101.5,104.4,104.4,282.14,1780,502209.2,80.1434,13.419355,101.6935,1390.6452,627.238,92.486,6.9945,112.9545,304.8636,867.1818,8516502.0,0.05896895227641583
TV Manufacturing & Supplier Unit,2015-01-28,2210,101.5,104.4,104.4,282.14,1740,490923.6,84.3369,13.476267,105.8871,1442.5806,613.143,206.96,69.9877,115.3636,298.5455,905.4091,8516502.0,0.057643807281440196
TV Manufacturing & Supplier Unit,2015-01-29,2056,101.5,104.4,104.4,282.14,1682,474559.48,75.4189,13.207026,104.5594,1417.1311,615.857,83.632,49.589,171.5,309.6818,880.5909,8516502.0,0.05572234703872552
TV Manufacturing & Supplier Unit,2015-01-30,2245,101.5,104.4,104.4,282.14,1645,464120.3,70.7921,12.964604,97.6207,1357.7228,688.667,118.126,46.3774,123.8182,273.7727,791.7727,8516502.0,0.05449658791837306
TV Manufacturing & Supplier Unit,2015-01-31,2280,101.5,104.4,104.4,282.14,1680,473995.2,68.9912,13.25047,102.4712,1378.4211,636.667,125.388,47.8766,111.2727,275.6818,867.7273,8516502.0,0.055656089788976744
TV Manufacturing & Supplier Unit,2015-02-01,3216,101.5,104.4,104.4,282.14,2746,774756.44,69.6637,13.080365,102.3094,1393.8565,610.286,86.23,34.2365,117.6818,280.8182,840.1364,8516502.0,0.09097120390507746
TV Manufacturing & Supplier Unit,2015-02-02,3305,101.5,104.4,104.4,282.14,2759,778424.26,66.0726,13.407284,95.4486,1428.7871,622.095,95.229,60.6667,100.9091,284.9545,796.5909,8516502.0,0.09140187602844455
TV Manufacturing & Supplier Unit,2015-02-03,4456,101.5,104.4,104.4,282.14,2741,773345.74,74.1848,13.345691,103.0639,1399.9728,602.0,158.382,18.7505,112.2727,281.6818,914.9091,8516502.0,0.09080556078070551
TV Manufacturing & Supplier Unit,2015-02-04,4453,101.5,104.4,104.4,282.14,3280,925419.2,63.5185,13.116667,97.2917,1400.1282,5072.619,48.039,19.0108,116.8182,265.9091,1379.4091,8516502.0,0.1086618895880022
TV Manufacturing & Supplier Unit,2015-02-05,4484,101.5,104.4,104.4,282.14,3240,914133.6,68.8107,13.319634,96.5201,1397.7889,5413.095,221.528,0.0,118.6364,279.1818,904.5,8516502.0,0.10733674459302657
TV Manufacturing & Supplier Unit,2015-02-06,4466,101.5,104.4,104.4,282.14,3482,982411.48,73.7652,13.23974,97.5,1390.8409,5230.286,208.569,30.429,103.9545,276.2727,828.0455,8516502.0,0.11535387181262917
TV Manufacturing & Supplier Unit,2015-02-07,4406,101.5,104.4,104.4,282.14,3542,999339.88,72.1859,13.440022,97.255,1411.5829,2421.429,136.737,31.5863,109.3182,283.2727,953.0455,8516502.0,0.11734158930509263
TV Manufacturing & Supplier Unit,2015-02-08,4476,101.5,104.4,104.4,282.14,3759,1060564.26,66.0888,13.228643,97.6225,1406.0804,2126.714,151.538,43.0027,119.2727,299.3636,945.0,8516502.0,0.12453050090283546
TV Manufacturing & Supplier Unit,2015-02-09,4434,101.5,104.4,104.4,282.14,3841,1083699.74,74.5333,12.9675,98.9625,1358.775,6354.571,5.659,43.1783,106.9545,286.7273,896.5,8516502.0,0.1272470481425355
TV Manufacturing & Supplier Unit,2015-02-10,4446,101.5,104.4,104.4,282.14,4456,1257215.84,82.3549,13.487846,108.8993,1441.5672,3272.952,173.248,11.7112,138.3182,317.8182,1253.8636,8516502.0,0.14762115244028595
TV Manufacturing & Supplier Unit,2015-02-11,4446,101.5,104.4,104.4,282.14,4453,1256369.42,73.0167,13.521857,100.9125,1417.05,2568.714,200.366,11.8272,120.9545,254.0909,912.6818,8516502.0,0.14752176656566274
TV Manufacturing & Supplier Unit,2015-02-12,4416,101.5,104.4,104.4,282.14,4134,1166366.76,80.2514,13.530168,101.449,1417.1229,4164.429,100.809,0.0,139.4545,273.4545,1060.3182,8516502.0,0.13695373523073207
TV Manufacturing & Supplier Unit,2015-02-13,4405,101.5,104.4,104.4,282.14,4279,1207277.06,74.2157,13.368908,102.5735,1438.0995,3379.333,32.421,50.8308,116.9091,254.0,913.5909,8516502.0,0.14175738583751873
TV Manufacturing & Supplier Unit,2015-02-14,4461,101.5,104.4,104.4,282.14,4212,1188373.68,81.9,13.955036,112.8563,1451.775,3155.143,52.031,144.9951,87.1364,241.4545,799.1818,8516502.0,0.13953776797093453
TV Manufacturing & Supplier Unit,2015-02-15,4405,101.5,104.4,104.4,282.14,4245,1197684.3,70.4439,13.584207,102.6445,1436.1558,252.905,172.967,95.636,79.3636,221.9545,853.5909,8516502.0,0.14063101259178945
TV Manufacturing & Supplier Unit,2015-02-16,4144,101.5,104.4,104.4,282.14,4365,1231541.1,70.8209,13.662473,99.8041,1446.791,2981.048,189.24,11.8084,93.0909,240.1364,881.7273,8516502.0,0.14460644757671637
TV Manufacturing & Supplier Unit,2015-02-17,4444,101.5,104.4,104.4,282.14,4444,1253830.16,76.9832,13.57063,103.6278,1462.2905,3706.667,206.839,3.8765,97.9545,244.3636,971.9091,8516502.0,0.14722360894179323
TV Manufacturing & Supplier Unit,2015-02-18,4278,101.5,104.4,104.4,282.14,3964,1118402.96,75.0382,13.75095,103.3142,1438.6927,2226.429,132.829,0.0,94.3182,230.0455,868.1818,8516502.0,0.1313218690020856
TV Manufacturing & Supplier Unit,2015-02-19,4176,101.5,104.4,104.4,282.14,4040,1139845.6,86.2007,13.771313,118.4677,1477.8226,4038.81,194.316,34.6945,77.8182,197.1818,821.3636,8516502.0,0.13383964449253932
TV Manufacturing & Supplier Unit,2015-02-20,4355,101.5,104.4,104.4,282.14,4111,1159877.54,71.3785,13.186582,98.639,1387.5,3323.762,140.09,35.5475,66.8636,191.1818,770.9091,8516502.0,0.13619177685862108
TV Manufacturing & Supplier Unit,2015-02-21,3600,101.4,104.4,104.4,282.14,3356,946861.84,70.1412,13.363559,98.464,1424.4915,4422.667,149.738,15.863,66.9545,194.4545,697.6364,8516502.0,0.11117966507845592
TV Manufacturing & Supplier Unit,2015-02-22,3100,101.4,104.4,104.4,282.14,2990,843598.6,70.0298,13.411224,104.3555,1417.0982,3892.381,99.954,15.817,98.1364,253.5455,928.5455,8516502.0,0.09905458837442885
TV Manufacturing & Supplier Unit,2015-02-23,2280,101.4,104.4,104.4,282.14,1837,518291.18,70.7417,13.195929,98.9625,1400.175,1885.191,117.032,0.0,95.9091,254.0455,843.4091,8516502.0,0.06085728389425611
TV Manufacturing & Supplier Unit,2015-02-24,2143,101.4,104.4,104.4,282.14,1859,524498.26,75.7181,13.641109,98.5372,1401.3032,1953.81,121.125,35.811,89.0909,245.5,767.3182,8516502.0,0.06158611364149272
TV Manufacturing & Supplier Unit,2015-02-25,2555,101.4,104.4,104.4,282.14,1841,519419.74,62.6861,12.822399,84.1292,1339.8058,1791.191,189.038,0.0,94.4091,247.6364,802.2273,8516502.0,0.06098979839375368
TV Manufacturing & Supplier Unit,2015-02-26,2261,101.4,104.4,104.4,282.14,1856,523651.84,72.1521,13.686512,97.145,1434.9029,3074.667,196.773,0.0,92.0455,291.5909,785.5909,8516502.0,0.061486727766869545
TV Manufacturing & Supplier Unit,2015-02-27,2336,101.4,104.4,104.4,282.14,1853,522805.42,72.9083,13.361679,102.375,1442.025,3117.048,160.32,0.0,135.0455,249.3182,846.5,8516502.0,0.06138734189224637
TV Manufacturing & Supplier Unit,2015-02-28,2453,101.4,104.4,104.4,282.14,1834,517444.76,71.8265,13.682436,98.0009,1460.4452,2023.524,147.936,40.3932,92.5,221.1818,790.3636,8516502.0,0.060757898019632946
TV Manufacturing & Supplier Unit,2015-03-01,2234,101.4,104.4,104.4,282.14,1879,530141.0599999999,70.9562,13.756545,98.7625,1454.8207,3395.667,262.807,0.0,96.9091,252.4091,898.4545,8516502.0,0.062248686138980526
TV Manufacturing & Supplier Unit,2015-03-02,2227,101.4,104.4,104.4,282.14,1812,511237.68,59.2809,13.217295,84.632,1392.1066,2921.333,311.592,30.3757,106.1818,254.9091,1144.5455,8516502.0,0.06002906827239634
TV Manufacturing & Supplier Unit,2015-03-03,2122,101.4,104.4,104.4,282.14,1745,492334.3,64.7032,13.211155,92.6027,1397.2603,2825.095,455.428,46.9608,126.0455,269.3182,1115.2727,8516502.0,0.05780945040581215
TV Manufacturing & Supplier Unit,2015-03-04,2225,101.4,104.4,104.4,282.14,1780,502209.2,68.4878,13.715226,90.128,1433.561,5082.667,467.509,93.5075,114.2273,324.5909,1271.5455,8516502.0,0.05896895227641583
TV Manufacturing & Supplier Unit,2015-03-05,2210,101.4,104.4,104.4,282.14,1740,490923.6,63.4742,13.85664,89.0317,1441.4789,4011.714,402.614,0.0,118.0455,281.5455,971.7273,8516502.0,0.057643807281440196
TV Manufacturing & Supplier Unit,2015-03-06,2056,101.4,104.4,104.4,282.14,1782,502773.48,61.0278,13.6175,90.3229,1411.8333,2666.857,435.346,105.1623,118.5909,261.4545,893.6818,8516502.0,0.05903520952616461
TV Manufacturing & Supplier Unit,2015-03-07,2245,101.4,104.4,104.4,282.14,1745,492334.3,56.0507,12.873331,75.9069,1322.6087,1675.905,408.612,0.0,175.5455,275.6364,3826.6818,8516502.0,0.05780945040581215
TV Manufacturing & Supplier Unit,2015-03-08,2280,101.4,104.4,104.4,282.14,1770,499387.8,62.4074,13.102381,85.1042,1365.0,3668.476,481.883,104.0112,167.9545,241.7273,2170.1818,8516502.0,0.058637666027671925
TV Manufacturing & Supplier Unit,2015-03-09,2121,101.4,104.4,104.4,282.14,1810,510673.4,58.3943,12.994338,80.5564,1387.4085,0.0,217.694,0.0,95.0,216.7273,969.1818,8516502.0,0.05996281102264756
TV Manufacturing & Supplier Unit,2015-03-10,2222,101.4,104.4,104.4,282.14,1756,495437.84,47.5541,12.722032,73.125,1333.3442,2429.714,52.865,25.8875,111.0909,234.9545,1835.1818,8516502.0,0.058173865279430456
TV Manufacturing & Supplier Unit,2015-03-11,2017,101.4,104.4,104.4,282.14,1785,503619.9,59.8805,13.436076,80.3244,1381.6456,2754.048,88.948,26.1196,115.1818,242.5909,1697.8636,8516502.0,0.05913459540078779
TV Manufacturing & Supplier Unit,2015-03-12,2018,101.4,104.4,104.4,282.14,1689,476534.46,61.2679,13.43674,77.7901,1413.0861,2785.095,57.238,36.1466,141.6818,237.7727,1549.3636,8516502.0,0.05595424741284626
TV Manufacturing & Supplier Unit,2015-03-13,2142,101.4,104.4,104.4,282.14,1640,462709.6,71.0122,13.404974,84.7382,1402.9319,4393.286,28.846,62.6395,108.2273,248.8182,1114.8636,8516502.0,0.0543309447940011
TV Manufacturing & Supplier Unit,2015-03-14,2079,101.4,104.4,104.4,282.14,1682,474559.48,60.1852,13.030952,83.9583,1380.0,3948.333,621.432,20.7815,108.3182,276.7273,1028.1364,8516502.0,0.05572234703872552
TV Manufacturing & Supplier Unit,2015-03-15,2341,101.4,104.4,104.4,282.14,1642,463273.88,67.0833,13.468929,85.2188,1415.7115,5381.381,1040.787,51.0694,119.9545,276.2727,941.4545,8516502.0,0.054397202043749884
TV Manufacturing & Supplier Unit,2015-03-16,2356,101.4,104.4,104.4,282.14,1659,468070.26,60.6469,13.100489,78.3562,1368.8356,4420.81,854.31,0.0,89.8636,226.3636,896.9545,8516502.0,0.05496038866661453
TV Manufacturing & Supplier Unit,2015-03-17,2253,101.4,104.4,104.4,282.14,1641,462991.74,58.1144,13.07043,80.045,1371.6737,4524.381,587.16,0.0,99.0,220.6818,1072.0455,8516502.0,0.054364073418875496
TV Manufacturing & Supplier Unit,2015-03-18,2134,101.4,104.4,104.4,282.14,1656,467223.84,57.3207,13.081103,83.5127,1380.6962,3647.762,522.584,0.0,108.6364,278.2273,928.5909,8516502.0,0.05486100279199136
TV Manufacturing & Supplier Unit,2015-03-19,2427,101.4,104.4,104.4,282.14,1653,466377.42,60.7032,13.50425,77.856,1385.1266,3238.143,900.812,47.174,157.2727,258.3636,1084.3636,8516502.0,0.05476161691736819
TV Manufacturing & Supplier Unit,2015-03-20,2143,101.4,104.4,104.4,282.14,1659,468070.26,59.1749,13.853677,75.5225,1437.6393,4245.857,818.376,0.0,104.3636,233.6818,807.0909,8516502.0,0.05496038866661453
TV Manufacturing & Supplier Unit,2015-03-21,2555,101.4,104.4,104.4,282.14,1741,491205.74,65.1245,13.325,78.0981,1381.7672,3604.0,1100.992,46.782,109.6364,226.5909,889.8636,8516502.0,0.057676935906314585
TV Manufacturing & Supplier Unit,2015-03-22,2261,101.4,104.4,104.4,282.14,1756,495437.84,60.6667,13.488857,76.725,1399.6615,4168.952,272.036,0.0,93.9545,222.7727,805.9091,8516502.0,0.058173865279430456
TV Manufacturing & Supplier Unit,2015-03-23,2336,101.4,104.4,104.4,282.14,1753,494591.42,59.1026,13.206593,78.6058,1369.3491,3984.429,817.581,31.3919,81.9091,225.1818,816.2727,8516502.0,0.058074479404807276
TV Manufacturing & Supplier Unit,2015-03-24,2453,101.4,104.4,104.4,282.14,1734,489230.76,61.1351,12.775135,76.2872,1341.7297,3943.524,1288.844,31.1817,98.6818,224.5455,855.8636,8516502.0,0.05744503553219385
TV Manufacturing & Supplier Unit,2015-03-25,2234,101.4,104.4,104.4,282.14,1779,501927.06,53.7865,12.940132,74.9424,1323.5526,5732.0,540.757,31.5487,111.0455,232.8636,791.3636,8516502.0,0.058935823651541444
TV Manufacturing & Supplier Unit,2015-03-26,2227,101.4,104.4,104.4,282.14,1712,483023.68,71.5344,13.742857,90.9226,1448.9683,4794.048,1244.833,31.3605,93.0455,200.0,889.3636,8516502.0,0.05671620578495725
TV Manufacturing & Supplier Unit,2015-03-27,2122,101.4,104.4,104.4,282.14,1745,492334.3,64.2846,13.314926,83.8178,1382.5472,4364.333,1758.402,0.0,133.5,244.9091,1398.6364,8516502.0,0.05780945040581215
TV Manufacturing & Supplier Unit,2015-03-28,2225,101.4,104.4,104.4,282.14,1780,502209.2,65.7941,12.818661,84.1001,1347.2513,4294.238,1030.257,0.0,86.7727,258.7727,755.4545,8516502.0,0.05896895227641583
TV Manufacturing & Supplier Unit,2015-03-29,2210,101.4,104.4,104.4,282.14,1740,490923.6,62.4,13.546531,82.5964,1416.1714,3653.238,1418.209,33.6281,121.1818,305.2727,1097.0455,8516502.0,0.057643807281440196
TV Manufacturing & Supplier Unit,2015-03-30,2056,101.4,104.4,104.4,282.14,1782,502773.48,53.7727,12.961169,74.8977,1344.9545,3609.905,715.315,0.0,94.1364,235.6818,781.4545,8516502.0,0.05903520952616461
TV Manufacturing & Supplier Unit,2015-03-31,2245,101.4,104.4,104.4,282.14,1745,492334.3,52.8214,13.362325,71.2132,1351.5686,4121.333,917.361,0.0,107.1364,281.2727,977.0,8516502.0,0.05780945040581215
TV Manufacturing & Supplier Unit,2015-04-01,2280,101.4,104.4,104.4,282.14,1770,499387.8,57.7518,12.776208,78.5612,1324.1547,4237.095,1791.183,0.0,95.8636,234.8182,1045.8636,8516502.0,0.058637666027671925
TV Manufacturing & Supplier Unit,2015-04-02,2280,101.4,104.4,104.4,282.14,1837,518291.18,51.1271,11.920452,72.7743,1257.518,5421.762,1438.156,0.0,98.8636,239.5455,1194.5909,8516502.0,0.06085728389425611
TV Manufacturing & Supplier Unit,2015-04-03,2143,101.4,104.4,104.4,282.14,1859,524498.26,52.1501,12.719017,71.1201,1302.2078,3889.762,1296.546,66.0518,84.0455,229.9545,1077.9545,8516502.0,0.06158611364149272
TV Manufacturing & Supplier Unit,2015-04-04,2555,101.4,104.4,104.4,282.14,1841,519419.74,51.7909,12.351222,75.2632,1311.1184,0.0,1606.041,31.3291,106.0455,229.2727,1248.6364,8516502.0,0.06098979839375368
TV Manufacturing & Supplier Unit,2015-04-05,2261,101.4,104.4,104.4,282.14,1856,523651.84,48.2576,12.586364,67.7699,1285.6818,4385.238,733.219,31.442,163.0,220.1364,863.9091,8516502.0,0.061486727766869545
TV Manufacturing & Supplier Unit,2015-04-06,2336,101.4,104.4,104.4,282.14,1853,522805.42,66.1017,13.261653,90.58,1389.4068,4190.619,559.335,98.8613,97.1364,231.2273,931.4545,8516502.0,0.06138734189224637
TV Manufacturing & Supplier Unit,2015-04-07,2453,101.4,104.4,104.4,282.14,1834,517444.76,59.9742,13.437482,83.5535,1403.4278,4585.81,594.017,81.0844,227.4091,348.1818,5330.5909,8516502.0,0.060757898019632946
TV Manufacturing & Supplier Unit,2015-04-08,2234,101.4,104.4,104.4,282.14,1879,530141.0599999999,55.2248,13.235382,74.939,1407.8372,4315.667,1528.002,60.6353,217.6364,246.2273,1589.4545,8516502.0,0.062248686138980526
TV Manufacturing & Supplier Unit,2015-04-09,2227,101.4,104.4,104.4,282.14,1812,511237.68,41.9396,10.782832,72.2697,1124.5614,3302.667,1456.185,20.4679,906.7727,254.8182,1904.4545,8516502.0,0.06002906827239634
TV Manufacturing & Supplier Unit,2015-04-10,2122,101.4,104.4,104.4,282.14,1745,492334.3,41.6303,10.945789,77.2762,1151.9869,4852.238,1309.68,5.8744,1169.4091,272.7273,2055.2727,8516502.0,0.05780945040581215
TV Manufacturing & Supplier Unit,2015-04-11,2225,101.4,104.4,104.4,282.14,1780,502209.2,41.6467,10.320488,74.1467,1067.1557,4218.524,1074.439,118.4667,124.0,243.8182,1194.0455,8516502.0,0.05896895227641583
TV Manufacturing & Supplier Unit,2015-04-12,2210,101.4,104.4,104.4,282.14,1740,490923.6,43.8592,10.441019,82.8277,1122.3786,3900.429,1201.36,33.12,84.6818,223.3182,859.0909,8516502.0,0.057643807281440196
TV Manufacturing & Supplier Unit,2015-04-13,2056,101.4,104.4,104.4,282.14,1782,502773.48,48.425,11.099679,92.7469,1155.225,4992.524,1321.858,64.7,76.0,199.4545,920.6818,8516502.0,0.05903520952616461
TV Manufacturing & Supplier Unit,2015-04-14,2245,101.4,104.4,104.4,282.14,1745,492334.3,41.2437,10.780856,74.2386,1114.6447,4108.857,1051.006,85.2464,87.1364,403.7727,1091.8182,8516502.0,0.05780945040581215
TV Manufacturing & Supplier Unit,2015-04-15,2280,101.4,104.4,104.4,282.14,1770,499387.8,38.057,10.027128,75.1457,1070.1295,3149.857,935.436,7.3203,110.7727,268.5455,1095.4091,8516502.0,0.058637666027671925
TV Manufacturing & Supplier Unit,2015-04-16,2121,101.4,104.4,104.4,282.14,1810,510673.4,38.1959,10.518225,79.5329,1105.0515,3783.0,1674.99,35.0395,96.7273,225.7727,861.1364,8516502.0,0.05996281102264756
TV Manufacturing & Supplier Unit,2015-04-17,2222,101.4,104.4,104.4,282.14,1756,495437.84,40.6498,10.727556,81.7345,1115.9174,3883.095,1066.52,0.0,131.6818,210.3182,849.5455,8516502.0,0.058173865279430456
TV Manufacturing & Supplier Unit,2015-04-18,2017,101.4,104.4,104.4,282.14,1785,503619.9,41.3988,10.489955,73.4515,1080.4018,3695.714,1119.701,70.3706,152.5,214.1818,950.0909,8516502.0,0.05913459540078779
TV Manufacturing & Supplier Unit,2015-04-19,2018,101.4,104.4,104.4,282.14,1689,476534.46,48.3967,11.065644,83.9878,1155.6522,4390.143,1153.756,101.5147,95.1364,226.2273,852.8182,8516502.0,0.05595424741284626
TV Manufacturing & Supplier Unit,2015-04-20,2142,101.4,104.4,104.4,282.14,1640,462709.6,42.5309,10.512018,77.8968,1084.3651,4997.381,1430.851,101.9914,106.3182,282.0,901.0,8516502.0,0.0543309447940011
TV Manufacturing & Supplier Unit,2015-04-21,2079,101.4,104.4,104.4,282.14,1682,474559.48,44.4388,10.814541,81.4573,1140.6888,4414.286,996.813,33.7128,92.0455,246.8182,962.8182,8516502.0,0.05572234703872552
TV Manufacturing & Supplier Unit,2015-04-22,2341,101.4,104.4,104.4,282.14,1642,463273.88,42.6279,11.224485,79.3605,1176.2093,3298.952,390.3756,0.0,891.5664,1540.4294,7307.3182,8516502.0,0.054397202043749884
TV Manufacturing & Supplier Unit,2015-04-23,2356,101.4,104.4,104.4,282.14,1659,468070.26,49.221,10.995497,86.8139,1151.5217,2838.129,462.8413,17.6288,173.3708,394.712,1420.9545,8516502.0,0.05496038866661453
TV Manufacturing & Supplier Unit,2015-04-24,2253,101.4,104.4,104.4,282.14,1641,462991.74,46.2566,11.370578,84.5387,1162.7381,2744.632,676.4964,27.254,165.5566,493.4066,1356.9091,8516502.0,0.054364073418875496
TV Manufacturing & Supplier Unit,2015-04-25,2134,101.4,104.4,104.4,282.14,1656,467223.84,42.2917,11.085268,79.8047,1147.7163,4937.903,694.4416,54.2678,149.4013,543.3876,1224.5,8516502.0,0.05486100279199136
TV Manufacturing & Supplier Unit,2015-04-26,2427,101.4,104.4,104.4,282.14,1653,466377.42,38.9348,10.688346,72.2086,1090.9399,2590.9,646.6664,61.0317,108.051,280.2315,885.5909,8516502.0,0.05476161691736819
TV Manufacturing & Supplier Unit,2015-04-27,2143,101.4,104.4,104.4,282.14,1659,468070.26,44.3651,10.86308,79.3506,1129.2857,1628.172,606.9556,0.0,163.1774,580.3669,1337.4091,8516502.0,0.05496038866661453
TV Manufacturing & Supplier Unit,2015-04-28,2555,101.4,104.4,104.4,282.14,1741,491205.74,38.7023,10.894057,79.2653,1151.4504,3563.992,715.7929,60.3637,115.3161,249.0141,945.1364,8516502.0,0.057676935906314585
TV Manufacturing & Supplier Unit,2015-04-29,2261,101.4,104.4,104.4,282.14,1756,495437.84,46.6838,11.338144,81.9201,1179.433,0.0,323.3644,0.0,113.4305,240.695,929.6818,8516502.0,0.058173865279430456
TV Manufacturing & Supplier Unit,2015-04-30,2336,101.4,104.4,104.4,282.14,1753,494591.42,41.5698,10.810839,78.3685,1107.2965,2360.512,78.5261,15.024,123.818,311.9083,1014.8182,8516502.0,0.058074479404807276
TV Manufacturing & Supplier Unit,2015-05-01,2453,101.4,104.4,104.4,282.14,1734,489230.76,42.8271,11.439653,77.9089,1161.9393,2675.608,132.1241,15.1587,168.141,304.1815,1378.0909,8516502.0,0.05744503553219385
TV Manufacturing & Supplier Unit,2015-05-02,2234,101.4,104.4,104.4,282.14,1779,501927.06,37.9167,11.885714,62.9688,1251.25,2705.771,85.0218,20.9779,178.9666,381.9316,1466.8182,8516502.0,0.058935823651541444
TV Manufacturing & Supplier Unit,2015-05-03,2227,101.4,104.4,104.4,282.14,1712,483023.68,38.9348,10.688346,79.3506,1090.9399,4268.157,42.8481,36.3533,131.8041,378.6272,1080.2727,8516502.0,0.05671620578495725
TV Manufacturing & Supplier Unit,2015-05-04,2122,101.4,104.4,104.4,282.14,1745,492334.3,41.5698,10.810839,78.3685,1107.2965,2360.512,78.5261,15.024,123.818,311.9083,1014.8182,8516502.0,0.05780945040581215
TV Manufacturing & Supplier Unit,2015-05-05,2225,101.4,104.4,104.4,282.14,1780,502209.2,42.8271,11.439653,77.9089,1161.9393,2675.608,132.1241,15.1587,168.141,304.1815,1378.0909,8516502.0,0.05896895227641583
TV Manufacturing & Supplier Unit,2015-05-06,2210,101.4,104.4,104.4,282.14,1740,490923.6,37.9167,11.885714,62.9688,1251.25,2705.771,85.0218,20.9779,178.9666,381.9316,1466.8182,8516502.0,0.057643807281440196
TV Manufacturing & Supplier Unit,2015-05-07,2056,101.4,104.4,104.4,282.14,1782,502773.48,38.7023,10.688346,79.3506,1090.9399,4268.157,42.8481,36.3533,131.8041,378.6272,1080.2727,8516502.0,0.05903520952616461
TV Manufacturing & Supplier Unit,2015-05-08,2245,101.4,104.4,104.4,282.14,1745,492334.3,77.4819,14.104193,112.337,1479.4565,722.571,95.333,11.8398,91.0,276.3636,756.5909,8516502.0,0.05780945040581215
TV Manufacturing & Supplier Unit,2015-05-09,2280,101.4,104.4,104.4,282.14,1770,499387.8,73.4783,13.298758,105.7133,1369.8913,717.857,114.957,27.8039,111.9091,291.3182,860.1364,8516502.0,0.058637666027671925
TV Manufacturing & Supplier Unit,2015-05-10,2280,101.4,104.4,104.4,282.14,1837,518291.18,80.6093,13.200691,108.7702,1428.0645,653.333,113.09,0.0,94.6364,282.7273,751.9545,8516502.0,0.06085728389425611
TV Manufacturing & Supplier Unit,2015-05-11,2143,101.4,104.4,104.4,282.14,1859,524498.26,65.9319,12.721429,93.3065,1309.3548,622.095,72.442,0.0,98.5909,306.3182,749.4545,8516502.0,0.06158611364149272
TV Manufacturing & Supplier Unit,2015-05-12,2555,101.4,104.4,104.4,282.14,1841,519419.74,77.4819,14.104193,112.337,1479.4565,722.571,95.333,11.8398,91.0,276.3636,756.5909,8516502.0,0.06098979839375368
TV Manufacturing & Supplier Unit,2015-05-13,2261,101.4,104.4,104.4,282.14,1856,523651.84,73.4783,13.298758,105.7133,1369.8913,717.857,114.957,27.8039,111.9091,291.3182,860.1364,8516502.0,0.061486727766869545
TV Manufacturing & Supplier Unit,2015-05-14,2336,101.4,104.4,104.4,282.14,1853,522805.42,80.6093,13.200691,108.7702,1428.0645,653.333,113.09,0.0,94.6364,282.7273,751.9545,8516502.0,0.06138734189224637
TV Manufacturing & Supplier Unit,2015-05-15,2453,101.4,107.6,104.4,282.14,1834,517444.76,65.9319,12.721429,93.3065,1309.3548,622.095,72.442,0.0,98.5909,306.3182,749.4545,8516502.0,0.060757898019632946
TV Manufacturing & Supplier Unit,2015-05-16,2234,101.4,107.6,104.4,282.14,1879,530141.0599999999,89.7283,13.792314,117.6359,1417.0109,624.238,87.649,0.0,105.0455,306.4545,754.2727,8516502.0,0.062248686138980526
TV Manufacturing & Supplier Unit,2015-05-17,2227,101.4,107.6,104.4,282.14,1812,511237.68,68.8095,12.581633,91.6071,1334.3407,611.714,38.235,0.0,108.0,305.9545,776.6364,8516502.0,0.06002906827239634
TV Manufacturing & Supplier Unit,2015-05-18,2122,101.4,107.6,104.4,282.14,1745,492334.3,80.1434,13.419355,101.6935,1390.6452,627.238,92.486,6.9945,112.9545,304.8636,867.1818,8516502.0,0.05780945040581215
TV Manufacturing & Supplier Unit,2015-05-19,2225,101.4,107.6,104.4,282.14,1780,502209.2,84.3369,13.476267,105.8871,1442.5806,613.143,206.96,69.9877,115.3636,298.5455,905.4091,8516502.0,0.05896895227641583
TV Manufacturing & Supplier Unit,2015-05-20,2210,101.4,107.6,104.4,282.14,1740,490923.6,75.4189,13.207026,104.5594,1417.1311,615.857,83.632,49.589,171.5,309.6818,880.5909,8516502.0,0.057643807281440196
TV Manufacturing & Supplier Unit,2015-05-21,2056,101.4,107.6,104.4,282.14,1782,502773.48,70.7921,12.964604,97.6207,1357.7228,688.667,118.126,46.3774,123.8182,273.7727,791.7727,8516502.0,0.05903520952616461
TV Manufacturing & Supplier Unit,2015-05-22,2245,101.4,107.6,104.4,282.14,1745,492334.3,68.9912,13.25047,102.4712,1378.4211,636.667,125.388,47.8766,111.2727,275.6818,867.7273,8516502.0,0.05780945040581215
TV Manufacturing & Supplier Unit,2015-05-23,2280,101.4,107.6,104.4,282.14,1770,499387.8,69.6637,13.080365,102.3094,1393.8565,610.286,86.23,34.2365,117.6818,280.8182,840.1364,8516502.0,0.058637666027671925
TV Manufacturing & Supplier Unit,2015-05-24,2121,101.4,107.6,104.4,282.14,1810,510673.4,66.0726,13.407284,95.4486,1428.7871,622.095,95.229,60.6667,100.9091,284.9545,796.5909,8516502.0,0.05996281102264756
TV Manufacturing & Supplier Unit,2015-05-25,2222,101.4,107.6,104.4,282.14,1756,495437.84,74.1848,13.345691,103.0639,1399.9728,602.0,158.382,18.7505,112.2727,281.6818,914.9091,8516502.0,0.058173865279430456
TV Manufacturing & Supplier Unit,2015-05-26,2017,101.4,107.6,104.4,282.14,1785,503619.9,63.5185,13.116667,97.2917,1400.1282,5072.619,48.039,19.0108,116.8182,265.9091,1379.4091,8516502.0,0.05913459540078779
TV Manufacturing & Supplier Unit,2015-05-27,2018,101.4,107.6,104.4,282.14,1689,476534.46,68.8107,13.319634,96.5201,1397.7889,5413.095,221.528,0.0,118.6364,279.1818,904.5,8516502.0,0.05595424741284626
TV Manufacturing & Supplier Unit,2015-05-28,2142,101.4,107.6,104.4,282.14,1640,462709.6,73.7652,13.23974,97.5,1390.8409,5230.286,208.569,30.429,103.9545,276.2727,828.0455,8516502.0,0.0543309447940011
TV Manufacturing & Supplier Unit,2015-05-29,2079,101.4,107.6,104.4,282.14,1682,474559.48,72.1859,13.440022,97.255,1411.5829,2421.429,136.737,31.5863,109.3182,283.2727,953.0455,8516502.0,0.05572234703872552
TV Manufacturing & Supplier Unit,2015-05-30,2341,101.4,107.6,104.4,282.14,1642,463273.88,66.0888,13.228643,97.6225,1406.0804,2126.714,151.538,43.0027,119.2727,299.3636,945.0,8516502.0,0.054397202043749884
TV Manufacturing & Supplier Unit,2015-05-31,2356,101.4,107.6,104.4,282.14,1659,468070.26,74.5333,12.9675,98.9625,1358.775,6354.571,5.659,43.1783,106.9545,286.7273,896.5,8516502.0,0.05496038866661453
TV Manufacturing & Supplier Unit,2015-06-01,2253,101.4,107.6,104.4,282.14,1641,462991.74,82.3549,13.487846,108.8993,1441.5672,3272.952,173.248,11.7112,138.3182,317.8182,1253.8636,8516502.0,0.054364073418875496
TV Manufacturing & Supplier Unit,2015-06-02,2134,101.4,107.6,104.4,282.14,1656,467223.84,73.0167,13.521857,100.9125,1417.05,2568.714,200.366,11.8272,120.9545,254.0909,912.6818,8516502.0,0.05486100279199136
TV Manufacturing & Supplier Unit,2015-06-03,2427,101.4,107.6,104.4,282.14,1653,466377.42,80.2514,13.530168,101.449,1417.1229,4164.429,100.809,0.0,139.4545,273.4545,1060.3182,8516502.0,0.05476161691736819
TV Manufacturing & Supplier Unit,2015-06-04,2143,101.4,107.6,104.4,282.14,1659,468070.26,74.2157,13.368908,102.5735,1438.0995,3379.333,32.421,50.8308,116.9091,254.0,913.5909,8516502.0,0.05496038866661453
TV Manufacturing & Supplier Unit,2015-06-05,2555,101.4,107.6,104.4,282.14,1741,491205.74,81.9,13.955036,112.8563,1451.775,3155.143,52.031,144.9951,87.1364,241.4545,799.1818,8516502.0,0.057676935906314585
TV Manufacturing & Supplier Unit,2015-06-06,2261,101.4,107.6,104.4,282.14,1756,495437.84,70.4439,13.584207,102.6445,1436.1558,252.905,172.967,95.636,79.3636,221.9545,853.5909,8516502.0,0.058173865279430456
TV Manufacturing & Supplier Unit,2015-06-07,2336,101.4,107.6,104.4,282.14,1753,494591.42,70.8209,13.662473,99.8041,1446.791,2981.048,189.24,11.8084,93.0909,240.1364,881.7273,8516502.0,0.058074479404807276
TV Manufacturing & Supplier Unit,2015-06-08,2453,101.4,107.6,104.4,282.14,1734,489230.76,76.9832,13.57063,103.6278,1462.2905,3706.667,206.839,3.8765,97.9545,244.3636,971.9091,8516502.0,0.05744503553219385
TV Manufacturing & Supplier Unit,2015-06-09,2234,101.4,107.6,104.4,282.14,1779,501927.06,75.0382,13.75095,103.3142,1438.6927,2226.429,132.829,0.0,94.3182,230.0455,868.1818,8516502.0,0.058935823651541444
TV Manufacturing & Supplier Unit,2015-06-10,2227,101.4,107.6,104.4,282.14,1712,483023.68,86.2007,13.771313,118.4677,1477.8226,4038.81,194.316,34.6945,77.8182,197.1818,821.3636,8516502.0,0.05671620578495725
TV Manufacturing & Supplier Unit,2015-06-11,2122,101.4,107.6,104.4,282.14,1745,492334.3,71.3785,13.186582,98.639,1387.5,3323.762,140.09,35.5475,66.8636,191.1818,770.9091,8516502.0,0.05780945040581215
TV Manufacturing & Supplier Unit,2015-06-12,2225,101.4,107.6,104.4,282.14,1780,502209.2,70.1412,13.363559,98.464,1424.4915,4422.667,149.738,15.863,66.9545,194.4545,697.6364,8516502.0,0.05896895227641583
TV Manufacturing & Supplier Unit,2015-06-13,2210,101.4,107.6,104.4,282.14,1740,490923.6,70.0298,13.411224,104.3555,1417.0982,3892.381,99.954,15.817,98.1364,253.5455,928.5455,8516502.0,0.057643807281440196
TV Manufacturing & Supplier Unit,2015-06-14,2056,101.4,107.6,104.4,282.14,1782,502773.48,70.7417,13.195929,98.9625,1400.175,1885.191,117.032,0.0,95.9091,254.0455,843.4091,8516502.0,0.05903520952616461
TV Manufacturing & Supplier Unit,2015-06-15,2245,101.4,107.6,104.4,282.14,1745,492334.3,75.7181,13.641109,98.5372,1401.3032,1953.81,121.125,35.811,89.0909,245.5,767.3182,8516502.0,0.05780945040581215
TV Manufacturing & Supplier Unit,2015-06-16,2280,101.4,107.6,104.4,282.14,1770,499387.8,62.6861,12.822399,84.1292,1339.8058,1791.191,189.038,0.0,94.4091,247.6364,802.2273,8516502.0,0.058637666027671925
TV Manufacturing & Supplier Unit,2015-06-17,2280,101.4,107.6,104.4,282.14,1837,518291.18,72.1521,13.686512,97.145,1434.9029,3074.667,196.773,0.0,92.0455,291.5909,785.5909,8516502.0,0.06085728389425611
TV Manufacturing & Supplier Unit,2015-06-18,2143,101.4,107.6,104.4,282.14,1859,524498.26,72.9083,13.361679,102.375,1442.025,3117.048,160.32,0.0,135.0455,249.3182,846.5,8516502.0,0.06158611364149272
TV Manufacturing & Supplier Unit,2015-06-19,2555,101.4,107.6,104.4,282.14,1841,519419.74,71.8265,13.682436,98.0009,1460.4452,2023.524,147.936,40.3932,92.5,221.1818,790.3636,8516502.0,0.06098979839375368
TV Manufacturing & Supplier Unit,2015-06-20,2261,101.4,107.6,104.4,282.14,1856,523651.84,70.9562,13.756545,98.7625,1454.8207,3395.667,262.807,0.0,96.9091,252.4091,898.4545,8516502.0,0.061486727766869545
TV Manufacturing & Supplier Unit,2015-06-21,2336,101.4,107.6,104.4,282.14,1853,522805.42,59.2809,13.217295,84.632,1392.1066,2921.333,311.592,30.3757,106.1818,254.9091,1144.5455,8516502.0,0.06138734189224637
TV Manufacturing & Supplier Unit,2015-06-22,2453,101.4,107.6,104.4,282.14,1834,517444.76,64.7032,13.211155,92.6027,1397.2603,2825.095,455.428,46.9608,126.0455,269.3182,1115.2727,8516502.0,0.060757898019632946
TV Manufacturing & Supplier Unit,2015-06-23,2234,101.4,107.6,104.4,282.14,1879,530141.0599999999,68.4878,13.715226,90.128,1433.561,5082.667,467.509,93.5075,114.2273,324.5909,1271.5455,8516502.0,0.062248686138980526
TV Manufacturing & Supplier Unit,2015-06-24,2227,101.4,107.6,104.4,282.14,1812,511237.68,63.4742,13.85664,89.0317,1441.4789,4011.714,402.614,0.0,118.0455,281.5455,971.7273,8516502.0,0.06002906827239634
TV Manufacturing & Supplier Unit,2015-06-25,2122,101.4,107.6,104.4,282.14,1745,492334.3,61.0278,13.6175,90.3229,1411.8333,2666.857,435.346,105.1623,118.5909,261.4545,893.6818,8516502.0,0.05780945040581215
TV Manufacturing & Supplier Unit,2015-06-26,2225,101.4,107.6,104.4,282.14,1780,502209.2,56.0507,12.873331,75.9069,1322.6087,1675.905,408.612,0.0,175.5455,275.6364,3826.6818,8516502.0,0.05896895227641583
TV Manufacturing & Supplier Unit,2015-06-27,2210,101.4,107.6,104.4,282.14,1740,490923.6,62.4074,13.102381,85.1042,1365.0,3668.476,481.883,104.0112,167.9545,241.7273,2170.1818,8516502.0,0.057643807281440196
TV Manufacturing & Supplier Unit,2015-06-28,2056,101.4,107.6,104.4,282.14,1782,502773.48,58.3943,12.994338,80.5564,1387.4085,0.0,217.694,0.0,95.0,216.7273,969.1818,8516502.0,0.05903520952616461
TV Manufacturing & Supplier Unit,2015-06-29,2245,101.4,107.6,104.4,282.14,1745,492334.3,47.5541,12.722032,73.125,1333.3442,2429.714,52.865,25.8875,111.0909,234.9545,1835.1818,8516502.0,0.05780945040581215
TV Manufacturing & Supplier Unit,2015-06-30,2280,101.4,107.6,104.4,282.14,1770,499387.8,59.8805,13.436076,80.3244,1381.6456,2754.048,88.948,26.1196,115.1818,242.5909,1697.8636,8516502.0,0.058637666027671925
TV Manufacturing & Supplier Unit,2015-07-01,2121,101.4,107.6,104.4,282.14,1810,510673.4,61.2679,13.43674,77.7901,1413.0861,2785.095,57.238,36.1466,141.6818,237.7727,1549.3636,8516502.0,0.05996281102264756
TV Manufacturing & Supplier Unit,2015-07-02,2222,101.4,107.6,104.4,282.14,1756,495437.84,71.0122,13.404974,84.7382,1402.9319,4393.286,28.846,62.6395,108.2273,248.8182,1114.8636,8516502.0,0.058173865279430456
TV Manufacturing & Supplier Unit,2015-07-03,2017,101.4,107.6,104.4,282.14,1785,503619.9,60.1852,13.030952,83.9583,1380.0,3948.333,621.432,20.7815,108.3182,276.7273,1028.1364,8516502.0,0.05913459540078779
TV Manufacturing & Supplier Unit,2015-07-04,2018,101.4,107.6,104.4,282.14,1689,476534.46,67.0833,13.468929,85.2188,1415.7115,5381.381,1040.787,51.0694,119.9545,276.2727,941.4545,8516502.0,0.05595424741284626
TV Manufacturing & Supplier Unit,2015-07-05,2142,101.4,107.6,104.4,282.14,1640,462709.6,60.6469,13.100489,78.3562,1368.8356,4420.81,854.31,0.0,89.8636,226.3636,896.9545,8516502.0,0.0543309447940011
TV Manufacturing & Supplier Unit,2015-07-06,2079,101.4,107.6,104.4,282.14,1682,474559.48,58.1144,13.07043,80.045,1371.6737,4524.381,587.16,0.0,99.0,220.6818,1072.0455,8516502.0,0.05572234703872552
TV Manufacturing & Supplier Unit,2015-07-07,2341,101.4,107.6,104.4,282.14,1642,463273.88,57.3207,13.081103,83.5127,1380.6962,3647.762,522.584,0.0,108.6364,278.2273,928.5909,8516502.0,0.054397202043749884
TV Manufacturing & Supplier Unit,2015-07-08,2356,101.4,107.6,104.4,282.14,1659,468070.26,60.7032,13.50425,77.856,1385.1266,3238.143,900.812,47.174,157.2727,258.3636,1084.3636,8516502.0,0.05496038866661453
TV Manufacturing & Supplier Unit,2015-07-09,2253,101.4,107.6,104.4,282.14,1641,462991.74,59.1749,13.853677,75.5225,1437.6393,4245.857,818.376,0.0,104.3636,233.6818,807.0909,8516502.0,0.054364073418875496
TV Manufacturing & Supplier Unit,2015-07-10,2134,101.4,107.6,104.4,282.14,1656,467223.84,65.1245,13.325,78.0981,1381.7672,3604.0,1100.992,46.782,109.6364,226.5909,889.8636,8516502.0,0.05486100279199136
TV Manufacturing & Supplier Unit,2015-07-11,2427,101.4,107.6,104.4,282.14,1653,466377.42,60.6667,13.488857,76.725,1399.6615,4168.952,272.036,0.0,93.9545,222.7727,805.9091,8516502.0,0.05476161691736819
TV Manufacturing & Supplier Unit,2015-07-12,2143,101.4,107.6,104.4,282.14,1659,468070.26,59.1026,13.206593,78.6058,1369.3491,3984.429,817.581,31.3919,81.9091,225.1818,816.2727,8516502.0,0.05496038866661453
TV Manufacturing & Supplier Unit,2015-07-13,2555,101.4,107.6,104.4,282.14,1741,491205.74,61.1351,12.775135,76.2872,1341.7297,3943.524,1288.844,31.1817,98.6818,224.5455,855.8636,8516502.0,0.057676935906314585
TV Manufacturing & Supplier Unit,2015-07-14,2261,101.4,107.6,104.4,282.14,1756,495437.84,53.7865,12.940132,74.9424,1323.5526,5732.0,540.757,31.5487,111.0455,232.8636,791.3636,8516502.0,0.058173865279430456
TV Manufacturing & Supplier Unit,2015-07-15,2336,101.4,107.6,104.4,350.55,1753,614514.15,71.5344,13.742857,90.9226,1448.9683,4794.048,1244.833,31.3605,93.0455,200.0,889.3636,8516502.0,0.07215569843111644
TV Manufacturing & Supplier Unit,2015-07-16,2453,101.4,107.6,104.4,350.55,1734,607853.7000000001,64.2846,13.314926,83.8178,1382.5472,4364.333,1758.402,0.0,133.5,244.9091,1398.6364,8516502.0,0.07137363438651222
TV Manufacturing & Supplier Unit,2015-07-17,2234,101.4,107.6,104.4,350.55,1779,623628.4500000001,65.7941,12.818661,84.1001,1347.2513,4294.238,1030.257,0.0,86.7727,258.7727,755.4545,8516502.0,0.07322589133425908
TV Manufacturing & Supplier Unit,2015-07-18,2227,101.4,107.6,104.4,350.55,1712,600141.6,62.4,13.546531,82.5964,1416.1714,3653.238,1418.209,33.6281,121.1818,305.2727,1097.0455,8516502.0,0.07046808654539152
TV Manufacturing & Supplier Unit,2015-07-19,2122,101.4,107.6,104.4,350.55,1745,611709.75,53.7727,12.961169,74.8977,1344.9545,3609.905,715.315,0.0,94.1364,235.6818,781.4545,8516502.0,0.07182640830707256
TV Manufacturing & Supplier Unit,2015-07-20,2225,101.4,107.6,104.4,350.55,1780,623979.0,52.8214,13.362325,71.2132,1351.5686,4121.333,917.361,0.0,107.1364,281.2727,977.0,8516502.0,0.07326705259976456
TV Manufacturing & Supplier Unit,2015-07-21,2210,101.4,107.6,104.4,350.55,1740,609957.0,57.7518,12.776208,78.5612,1324.1547,4237.095,1791.183,0.0,95.8636,234.8182,1045.8636,8516502.0,0.07162060197954512
TV Manufacturing & Supplier Unit,2015-07-22,2056,101.4,107.6,104.4,350.55,1782,624680.1,51.1271,11.920452,72.7743,1257.518,5421.762,1438.156,0.0,98.8636,239.5455,1194.5909,8516502.0,0.07334937513077552
TV Manufacturing & Supplier Unit,2015-07-23,2245,101.4,107.6,104.4,350.55,1745,611709.75,52.1501,12.719017,71.1201,1302.2078,3889.762,1296.546,66.0518,84.0455,229.9545,1077.9545,8516502.0,0.07182640830707256
TV Manufacturing & Supplier Unit,2015-07-24,2280,101.4,107.6,104.4,350.55,1770,620473.5,51.7909,12.351222,75.2632,1311.1184,0.0,1606.041,31.3291,106.0455,229.2727,1248.6364,8516502.0,0.0728554399447097
TV Manufacturing & Supplier Unit,2015-07-25,2245,101.4,107.6,104.4,350.55,1745,611709.75,48.2576,12.586364,67.7699,1285.6818,4385.238,733.219,31.442,163.0,220.1364,863.9091,8516502.0,0.07182640830707256
TV Manufacturing & Supplier Unit,2015-07-26,2280,101.4,107.6,104.4,350.55,1770,620473.5,66.1017,13.261653,90.58,1389.4068,4190.619,559.335,98.8613,97.1364,231.2273,931.4545,8516502.0,0.0728554399447097
TV Manufacturing & Supplier Unit,2015-07-27,2121,101.4,107.6,104.4,350.55,1810,634495.5,59.9742,13.437482,83.5535,1403.4278,4585.81,594.017,81.0844,227.4091,348.1818,5330.5909,8516502.0,0.07450189056492912
TV Manufacturing & Supplier Unit,2015-07-28,2222,101.4,107.6,104.4,350.55,1756,615565.8,55.2248,13.235382,74.939,1407.8372,4315.667,1528.002,60.6353,217.6364,246.2273,1589.4545,8516502.0,0.0722791822276329
TV Manufacturing & Supplier Unit,2015-07-29,2017,101.4,107.6,104.4,350.55,1785,625731.75,41.9396,10.782832,72.2697,1124.5614,3302.667,1456.185,20.4679,906.7727,254.8182,1904.4545,8516502.0,0.07347285892729198
TV Manufacturing & Supplier Unit,2015-07-30,2018,101.4,107.6,104.4,350.55,1689,592078.9500000001,41.6303,10.945789,77.2762,1151.9869,4852.238,1309.68,5.8744,1169.4091,272.7273,2055.2727,8516502.0,0.06952137743876537
TV Manufacturing & Supplier Unit,2015-07-31,2142,101.4,107.6,104.4,350.55,1640,574902.0,41.6467,10.320488,74.1467,1067.1557,4218.524,1074.439,118.4667,124.0,243.8182,1194.0455,8516502.0,0.06750447542899655
TV Manufacturing & Supplier Unit,2015-08-01,2079,101.4,107.6,104.4,350.55,1682,589625.1,43.8592,10.441019,82.8277,1122.3786,3900.429,1201.36,33.12,84.6818,223.3182,859.0909,8516502.0,0.06923324858022695
TV Manufacturing & Supplier Unit,2015-08-02,2341,101.4,107.6,104.4,350.55,1642,575603.1,48.425,11.099679,92.7469,1155.225,4992.524,1321.858,64.7,76.0,199.4545,920.6818,8516502.0,0.06758679796000752
TV Manufacturing & Supplier Unit,2015-08-03,2356,101.4,107.6,104.4,350.55,1659,581562.4500000001,41.2437,10.780856,74.2386,1114.6447,4108.857,1051.006,85.2464,87.1364,403.7727,1091.8182,8516502.0,0.06828653947360079
TV Manufacturing & Supplier Unit,2015-08-04,2253,101.4,107.6,104.4,350.55,1641,575252.55,38.057,10.027128,75.1457,1070.1295,3149.857,935.436,7.3203,110.7727,268.5455,1095.4091,8516502.0,0.06754563669450205
TV Manufacturing & Supplier Unit,2015-08-05,2134,101.4,107.6,104.4,350.55,1656,580510.8,38.1959,10.518225,79.5329,1105.0515,3783.0,1674.99,35.0395,96.7273,225.7727,861.1364,8516502.0,0.06816305567708433
TV Manufacturing & Supplier Unit,2015-08-06,2427,101.4,107.6,104.4,350.55,1653,579459.15,40.6498,10.727556,81.7345,1115.9174,3883.095,1066.52,0.0,131.6818,210.3182,849.5455,8516502.0,0.06803957188056788
TV Manufacturing & Supplier Unit,2015-08-07,2143,101.4,107.6,104.4,350.55,1659,581562.4500000001,41.3988,10.489955,73.4515,1080.4018,3695.714,1119.701,70.3706,152.5,214.1818,950.0909,8516502.0,0.06828653947360079
TV Manufacturing & Supplier Unit,2015-08-08,2555,101.4,107.6,104.4,350.55,1741,610307.55,48.3967,11.065644,83.9878,1155.6522,4390.143,1153.756,101.5147,95.1364,226.2273,852.8182,8516502.0,0.07166176324505061
TV Manufacturing & Supplier Unit,2015-08-09,2261,101.4,107.6,104.4,350.55,1756,615565.8,42.5309,10.512018,77.8968,1084.3651,4997.381,1430.851,101.9914,106.3182,282.0,901.0,8516502.0,0.0722791822276329
TV Manufacturing & Supplier Unit,2015-08-10,2336,101.4,107.6,104.4,350.55,1753,614514.15,44.4388,10.814541,81.4573,1140.6888,4414.286,996.813,33.7128,92.0455,246.8182,962.8182,8516502.0,0.07215569843111644
TV Manufacturing & Supplier Unit,2015-08-11,2453,101.4,107.6,104.4,350.55,1734,607853.7000000001,42.6279,11.224485,79.3605,1176.2093,3298.952,390.3756,0.0,891.5664,1540.4294,7307.3182,8516502.0,0.07137363438651222
TV Manufacturing & Supplier Unit,2015-08-12,2234,101.4,107.6,104.4,350.55,1779,623628.4500000001,49.221,10.995497,86.8139,1151.5217,2838.129,462.8413,17.6288,173.3708,394.712,1420.9545,8516502.0,0.07322589133425908
TV Manufacturing & Supplier Unit,2015-08-13,2227,101.4,107.6,104.4,350.55,1712,600141.6,46.2566,11.370578,84.5387,1162.7381,2744.632,676.4964,27.254,165.5566,493.4066,1356.9091,8516502.0,0.07046808654539152
TV Manufacturing & Supplier Unit,2015-08-14,2122,101.4,107.6,104.4,350.55,1745,611709.75,42.2917,11.085268,79.8047,1147.7163,4937.903,694.4416,54.2678,149.4013,543.3876,1224.5,8516502.0,0.07182640830707256
TV Manufacturing & Supplier Unit,2015-08-15,2225,101.4,107.6,104.4,350.55,1780,623979.0,38.9348,10.688346,72.2086,1090.9399,2590.9,646.6664,61.0317,108.051,280.2315,885.5909,8516502.0,0.07326705259976456
TV Manufacturing & Supplier Unit,2015-08-16,2210,101.4,107.6,104.4,350.55,1740,609957.0,44.3651,10.86308,79.3506,1129.2857,1628.172,606.9556,0.0,163.1774,580.3669,1337.4091,8516502.0,0.07162060197954512
TV Manufacturing & Supplier Unit,2015-08-17,2056,101.4,107.6,104.4,350.55,1782,624680.1,38.7023,10.894057,79.2653,1151.4504,3563.992,715.7929,60.3637,115.3161,249.0141,945.1364,8516502.0,0.07334937513077552
TV Manufacturing & Supplier Unit,2015-08-18,2245,101.4,107.6,104.4,350.55,1745,611709.75,46.6838,11.338144,81.9201,1179.433,0.0,323.3644,0.0,113.4305,240.695,929.6818,8516502.0,0.07182640830707256
TV Manufacturing & Supplier Unit,2015-08-19,2280,101.4,107.6,104.4,350.55,1770,620473.5,41.5698,10.810839,78.3685,1107.2965,2360.512,78.5261,15.024,123.818,311.9083,1014.8182,8516502.0,0.0728554399447097
TV Manufacturing & Supplier Unit,2015-08-20,2280,101.4,107.6,104.4,350.55,1837,643960.35,42.8271,11.439653,77.9089,1161.9393,2675.608,132.1241,15.1587,168.141,304.1815,1378.0909,8516502.0,0.07561324473357724
TV Manufacturing & Supplier Unit,2015-08-21,2143,101.4,107.6,104.4,350.55,1859,651672.4500000001,37.9167,11.885714,62.9688,1251.25,2705.771,85.0218,20.9779,178.9666,381.9316,1466.8182,8516502.0,0.07651879257469793
TV Manufacturing & Supplier Unit,2015-08-22,2555,101.4,107.6,104.4,350.55,1841,645362.55,38.9348,10.688346,79.3506,1090.9399,4268.157,42.8481,36.3533,131.8041,378.6272,1080.2727,8516502.0,0.07577788979559918
TV Manufacturing & Supplier Unit,2015-08-23,2261,101.4,107.6,104.4,350.55,1856,650620.8,41.5698,10.810839,78.3685,1107.2965,2360.512,78.5261,15.024,123.818,311.9083,1014.8182,8516502.0,0.07639530877818147
TV Manufacturing & Supplier Unit,2015-08-24,2336,101.4,107.6,104.4,350.55,1853,649569.15,42.8271,11.439653,77.9089,1161.9393,2675.608,132.1241,15.1587,168.141,304.1815,1378.0909,8516502.0,0.07627182498166502
TV Manufacturing & Supplier Unit,2015-08-25,2453,101.4,107.6,104.4,350.55,1834,642908.7000000001,37.9167,11.885714,62.9688,1251.25,2705.771,85.0218,20.9779,178.9666,381.9316,1466.8182,8516502.0,0.07548976093706079
TV Manufacturing & Supplier Unit,2015-08-26,2234,101.4,107.6,104.4,350.55,1879,658683.4500000001,38.7023,10.688346,79.3506,1090.9399,4268.157,42.8481,36.3533,131.8041,378.6272,1080.2727,8516502.0,0.07734201788480764
TV Manufacturing & Supplier Unit,2015-08-27,2227,101.4,107.6,104.4,350.55,1812,635196.6,77.4819,14.104193,112.337,1479.4565,722.571,95.333,11.8398,91.0,276.3636,756.5909,8516502.0,0.07458421309594009
TV Manufacturing & Supplier Unit,2015-08-28,2122,101.4,107.6,104.4,350.55,1745,611709.75,73.4783,13.298758,105.7133,1369.8913,717.857,114.957,27.8039,111.9091,291.3182,860.1364,8516502.0,0.07182640830707256
TV Manufacturing & Supplier Unit,2015-08-29,2225,101.4,107.6,104.4,350.55,1780,623979.0,80.6093,13.200691,108.7702,1428.0645,653.333,113.09,0.0,94.6364,282.7273,751.9545,8516502.0,0.07326705259976456
TV Manufacturing & Supplier Unit,2015-08-30,2210,101.4,107.6,104.4,350.55,1740,609957.0,65.9319,12.721429,93.3065,1309.3548,622.095,72.442,0.0,98.5909,306.3182,749.4545,8516502.0,0.07162060197954512
TV Manufacturing & Supplier Unit,2015-08-31,2056,101.4,107.6,104.4,350.55,1782,624680.1,77.4819,14.104193,112.337,1479.4565,722.571,95.333,11.8398,91.0,276.3636,756.5909,8516502.0,0.07334937513077552
TV Manufacturing & Supplier Unit,2015-09-01,2245,101.4,107.6,104.4,350.55,1745,611709.75,73.4783,13.298758,105.7133,1369.8913,717.857,114.957,27.8039,111.9091,291.3182,860.1364,8516502.0,0.07182640830707256
TV Manufacturing & Supplier Unit,2015-09-02,2280,101.4,107.6,104.4,350.55,1770,620473.5,80.6093,13.200691,108.7702,1428.0645,653.333,113.09,0.0,94.6364,282.7273,751.9545,8516502.0,0.0728554399447097
TV Manufacturing & Supplier Unit,2015-09-03,2121,101.4,107.6,104.4,350.55,1810,634495.5,65.9319,12.721429,93.3065,1309.3548,622.095,72.442,0.0,98.5909,306.3182,749.4545,8516502.0,0.07450189056492912
TV Manufacturing & Supplier Unit,2015-09-04,2222,101.4,107.6,104.4,350.55,1756,615565.8,89.7283,13.792314,117.6359,1417.0109,624.238,87.649,0.0,105.0455,306.4545,754.2727,8516502.0,0.0722791822276329
TV Manufacturing & Supplier Unit,2015-09-05,2017,101.4,107.6,104.4,350.55,1785,625731.75,68.8095,12.581633,91.6071,1334.3407,611.714,38.235,0.0,108.0,305.9545,776.6364,8516502.0,0.07347285892729198
TV Manufacturing & Supplier Unit,2015-09-06,2018,101.4,107.6,104.4,350.55,1689,592078.9500000001,80.1434,13.419355,101.6935,1390.6452,627.238,92.486,6.9945,112.9545,304.8636,867.1818,8516502.0,0.06952137743876537
TV Manufacturing & Supplier Unit,2015-09-07,2142,101.4,107.6,104.4,350.55,1640,574902.0,84.3369,13.476267,105.8871,1442.5806,613.143,206.96,69.9877,115.3636,298.5455,905.4091,8516502.0,0.06750447542899655
TV Manufacturing & Supplier Unit,2015-09-08,2079,101.4,107.6,104.4,350.55,1682,589625.1,75.4189,13.207026,104.5594,1417.1311,615.857,83.632,49.589,171.5,309.6818,880.5909,8516502.0,0.06923324858022695
TV Manufacturing & Supplier Unit,2015-09-09,2341,101.4,107.6,104.4,350.55,1642,575603.1,70.7921,12.964604,97.6207,1357.7228,688.667,118.126,46.3774,123.8182,273.7727,791.7727,8516502.0,0.06758679796000752
TV Manufacturing & Supplier Unit,2015-09-10,2356,101.4,107.6,104.4,350.55,1659,581562.4500000001,68.9912,13.25047,102.4712,1378.4211,636.667,125.388,47.8766,111.2727,275.6818,867.7273,8516502.0,0.06828653947360079
TV Manufacturing & Supplier Unit,2015-09-11,2253,101.4,107.6,104.4,350.55,1641,575252.55,69.6637,13.080365,102.3094,1393.8565,610.286,86.23,34.2365,117.6818,280.8182,840.1364,8516502.0,0.06754563669450205
TV Manufacturing & Supplier Unit,2015-09-12,2134,101.4,107.6,104.4,350.55,1656,580510.8,66.0726,13.407284,95.4486,1428.7871,622.095,95.229,60.6667,100.9091,284.9545,796.5909,8516502.0,0.06816305567708433
TV Manufacturing & Supplier Unit,2015-09-13,2427,101.4,107.6,104.4,350.55,1653,579459.15,74.1848,13.345691,103.0639,1399.9728,602.0,158.382,18.7505,112.2727,281.6818,914.9091,8516502.0,0.06803957188056788
TV Manufacturing & Supplier Unit,2015-09-14,2143,101.4,107.6,104.4,350.55,1659,581562.4500000001,63.5185,13.116667,97.2917,1400.1282,5072.619,48.039,19.0108,116.8182,265.9091,1379.4091,8516502.0,0.06828653947360079
TV Manufacturing & Supplier Unit,2015-09-15,2555,101.4,107.6,104.4,350.55,1741,610307.55,68.8107,13.319634,96.5201,1397.7889,5413.095,221.528,0.0,118.6364,279.1818,904.5,8516502.0,0.07166176324505061
TV Manufacturing & Supplier Unit,2015-09-16,2261,101.4,107.6,104.4,350.55,1756,615565.8,73.7652,13.23974,97.5,1390.8409,5230.286,208.569,30.429,103.9545,276.2727,828.0455,8516502.0,0.0722791822276329
TV Manufacturing & Supplier Unit,2015-09-17,2336,101.4,107.6,104.4,350.55,1753,614514.15,72.1859,13.440022,97.255,1411.5829,2421.429,136.737,31.5863,109.3182,283.2727,953.0455,8516502.0,0.07215569843111644
TV Manufacturing & Supplier Unit,2015-09-18,2453,101.4,107.6,104.4,350.55,1734,607853.7000000001,66.0888,13.228643,97.6225,1406.0804,2126.714,151.538,43.0027,119.2727,299.3636,945.0,8516502.0,0.07137363438651222
TV Manufacturing & Supplier Unit,2015-09-19,2234,101.4,107.6,104.4,350.55,1779,623628.4500000001,74.5333,12.9675,98.9625,1358.775,6354.571,5.659,43.1783,106.9545,286.7273,896.5,8516502.0,0.07322589133425908
TV Manufacturing & Supplier Unit,2015-09-20,2227,101.4,107.6,104.4,350.55,1712,600141.6,82.3549,13.487846,108.8993,1441.5672,3272.952,173.248,11.7112,138.3182,317.8182,1253.8636,8516502.0,0.07046808654539152
TV Manufacturing & Supplier Unit,2015-09-21,2122,101.4,107.6,104.4,350.55,1745,611709.75,73.0167,13.521857,100.9125,1417.05,2568.714,200.366,11.8272,120.9545,254.0909,912.6818,8516502.0,0.07182640830707256
TV Manufacturing & Supplier Unit,2015-09-22,2225,101.4,107.6,104.4,350.55,1780,623979.0,80.2514,13.530168,101.449,1417.1229,4164.429,100.809,0.0,139.4545,273.4545,1060.3182,8516502.0,0.07326705259976456
TV Manufacturing & Supplier Unit,2015-09-23,2210,101.4,107.6,104.4,350.55,1740,609957.0,74.2157,13.368908,102.5735,1438.0995,3379.333,32.421,50.8308,116.9091,254.0,913.5909,8516502.0,0.07162060197954512
TV Manufacturing & Supplier Unit,2015-09-24,2056,101.4,107.6,104.4,350.55,1782,624680.1,81.9,13.955036,112.8563,1451.775,3155.143,52.031,144.9951,87.1364,241.4545,799.1818,8516502.0,0.07334937513077552
TV Manufacturing & Supplier Unit,2015-09-25,2245,101.4,107.6,104.4,350.55,1745,611709.75,70.4439,13.584207,102.6445,1436.1558,252.905,172.967,95.636,79.3636,221.9545,853.5909,8516502.0,0.07182640830707256
TV Manufacturing & Supplier Unit,2015-09-26,1680,101.4,107.6,104.4,350.55,1570,550363.5,70.8209,13.662473,99.8041,1446.791,2981.048,189.24,11.8084,93.0909,240.1364,881.7273,8516502.0,0.06462318684361255
TV Manufacturing & Supplier Unit,2015-09-27,1670,101.4,107.6,104.4,350.55,1537,538795.35,76.9832,13.57063,103.6278,1462.2905,3706.667,206.839,3.8765,97.9545,244.3636,971.9091,8516502.0,0.06326486508193152
TV Manufacturing & Supplier Unit,2015-09-28,1643,101.4,107.6,104.4,350.55,1559,546507.4500000001,75.0382,13.75095,103.3142,1438.6927,2226.429,132.829,0.0,94.3182,230.0455,868.1818,8516502.0,0.06417041292305221
TV Manufacturing & Supplier Unit,2015-09-29,1655,101.4,107.6,104.4,350.55,1541,540197.55,86.2007,13.771313,118.4677,1477.8226,4038.81,194.316,34.6945,77.8182,197.1818,821.3636,8516502.0,0.06342951014395347
TV Manufacturing & Supplier Unit,2015-09-30,1661,101.4,107.6,104.4,350.55,1556,545455.8,71.3785,13.186582,98.639,1387.5,3323.762,140.09,35.5475,66.8636,191.1818,770.9091,8516502.0,0.06404692912653576
TV Manufacturing & Supplier Unit,2015-10-01,1636,101.4,104.6,104.4,350.55,1553,544404.15,70.1412,13.363559,98.464,1424.4915,4422.667,149.738,15.863,66.9545,194.4545,697.6364,8516502.0,0.0639234453300193
TV Manufacturing & Supplier Unit,2015-10-02,1653,101.4,104.6,104.4,350.55,1534,537743.7000000001,70.0298,13.411224,104.3555,1417.0982,3892.381,99.954,15.817,98.1364,253.5455,928.5455,8516502.0,0.06314138128541508
TV Manufacturing & Supplier Unit,2015-10-03,1634,101.4,104.6,104.4,350.55,1579,553518.4500000001,70.7417,13.195929,98.9625,1400.175,1885.191,117.032,0.0,95.9091,254.0455,843.4091,8516502.0,0.06499363823316193
TV Manufacturing & Supplier Unit,2015-10-04,1627,101.4,104.6,104.4,350.55,1512,530031.6,75.7181,13.641109,98.5372,1401.3032,1953.81,121.125,35.811,89.0909,245.5,767.3182,8516502.0,0.06223583344429438
TV Manufacturing & Supplier Unit,2015-10-05,1622,101.4,104.6,104.4,350.55,1545,541599.75,62.6861,12.822399,84.1292,1339.8058,1791.191,189.038,0.0,94.4091,247.6364,802.2273,8516502.0,0.06359415520597542
TV Manufacturing & Supplier Unit,2015-10-06,1625,101.4,104.6,104.4,350.55,1580,553869.0,72.1521,13.686512,97.145,1434.9029,3074.667,196.773,0.0,92.0455,291.5909,785.5909,8516502.0,0.06503479949866742
TV Manufacturing & Supplier Unit,2015-10-07,1610,101.4,104.6,104.4,350.55,1540,539847.0,72.9083,13.361679,102.375,1442.025,3117.048,160.32,0.0,135.0455,249.3182,846.5,8516502.0,0.06338834887844798
TV Manufacturing & Supplier Unit,2015-10-08,1656,101.4,104.6,104.4,350.55,1582,554570.1,71.8265,13.682436,98.0009,1460.4452,2023.524,147.936,40.3932,92.5,221.1818,790.3636,8516502.0,0.06511712202967838
TV Manufacturing & Supplier Unit,2015-10-09,1645,101.4,104.6,104.4,350.55,1545,541599.75,70.9562,13.756545,98.7625,1454.8207,3395.667,262.807,0.0,96.9091,252.4091,898.4545,8516502.0,0.06359415520597542
TV Manufacturing & Supplier Unit,2015-10-10,1680,101.4,104.6,104.4,350.55,1570,550363.5,59.2809,13.217295,84.632,1392.1066,2921.333,311.592,30.3757,106.1818,254.9091,1144.5455,8516502.0,0.06462318684361255
TV Manufacturing & Supplier Unit,2015-10-11,1621,101.4,104.6,104.4,350.55,1510,529330.5,64.7032,13.211155,92.6027,1397.2603,2825.095,455.428,46.9608,126.0455,269.3182,1115.2727,8516502.0,0.06215351091328341
TV Manufacturing & Supplier Unit,2015-10-12,1622,101.4,104.6,104.4,350.55,1556,545455.8,68.4878,13.715226,90.128,1433.561,5082.667,467.509,93.5075,114.2273,324.5909,1271.5455,8516502.0,0.06404692912653576
TV Manufacturing & Supplier Unit,2015-10-13,1689,101.4,104.6,104.4,350.55,1585,555621.75,63.4742,13.85664,89.0317,1441.4789,4011.714,402.614,0.0,118.0455,281.5455,971.7273,8516502.0,0.06524060582619484
TV Manufacturing & Supplier Unit,2015-10-14,1640,101.4,104.6,104.4,350.55,1589,557023.9500000001,61.0278,13.6175,90.3229,1411.8333,2666.857,435.346,105.1623,118.5909,261.4545,893.6818,8516502.0,0.06540525088821679
TV Manufacturing & Supplier Unit,2015-10-15,1682,101.4,104.6,104.4,350.55,1540,539847.0,56.0507,12.873331,75.9069,1322.6087,1675.905,408.612,0.0,175.5455,275.6364,3826.6818,8516502.0,0.06338834887844798
TV Manufacturing & Supplier Unit,2015-10-16,1642,101.4,104.6,104.4,350.55,1582,554570.1,62.4074,13.102381,85.1042,1365.0,3668.476,481.883,104.0112,167.9545,241.7273,2170.1818,8516502.0,0.06511712202967838
TV Manufacturing & Supplier Unit,2015-10-17,1659,101.4,104.6,104.4,350.55,1542,540548.1,58.3943,12.994338,80.5564,1387.4085,0.0,217.694,0.0,95.0,216.7273,969.1818,8516502.0,0.06347067140945895
TV Manufacturing & Supplier Unit,2015-10-18,1641,101.4,104.6,104.4,350.55,1559,546507.4500000001,47.5541,12.722032,73.125,1333.3442,2429.714,52.865,25.8875,111.0909,234.9545,1835.1818,8516502.0,0.06417041292305221
TV Manufacturing & Supplier Unit,2015-10-19,1656,101.4,104.6,104.4,350.55,1541,540197.55,59.8805,13.436076,80.3244,1381.6456,2754.048,88.948,26.1196,115.1818,242.5909,1697.8636,8516502.0,0.06342951014395347
TV Manufacturing & Supplier Unit,2015-10-20,1653,101.4,104.6,104.4,350.55,1556,545455.8,61.2679,13.43674,77.7901,1413.0861,2785.095,57.238,36.1466,141.6818,237.7727,1549.3636,8516502.0,0.06404692912653576
TV Manufacturing & Supplier Unit,2015-10-21,1659,101.4,104.6,104.4,350.55,1553,544404.15,71.0122,13.404974,84.7382,1402.9319,4393.286,28.846,62.6395,108.2273,248.8182,1114.8636,8516502.0,0.0639234453300193
TV Manufacturing & Supplier Unit,2015-10-22,1645,101.4,104.6,104.4,350.55,1559,546507.4500000001,60.1852,13.030952,83.9583,1380.0,3948.333,621.432,20.7815,108.3182,276.7273,1028.1364,8516502.0,0.06417041292305221
TV Manufacturing & Supplier Unit,2015-10-23,1680,101.4,104.6,104.4,350.55,1541,540197.55,67.0833,13.468929,85.2188,1415.7115,5381.381,1040.787,51.0694,119.9545,276.2727,941.4545,8516502.0,0.06342951014395347
TV Manufacturing & Supplier Unit,2015-10-24,1621,101.4,104.6,104.4,350.55,1556,545455.8,60.6469,13.100489,78.3562,1368.8356,4420.81,854.31,0.0,89.8636,226.3636,896.9545,8516502.0,0.06404692912653576
TV Manufacturing & Supplier Unit,2015-10-25,1622,101.4,104.6,104.4,350.55,1553,544404.15,58.1144,13.07043,80.045,1371.6737,4524.381,587.16,0.0,99.0,220.6818,1072.0455,8516502.0,0.0639234453300193
TV Manufacturing & Supplier Unit,2015-10-26,1689,101.4,104.6,104.4,350.55,1534,537743.7000000001,57.3207,13.081103,83.5127,1380.6962,3647.762,522.584,0.0,108.6364,278.2273,928.5909,8516502.0,0.06314138128541508
TV Manufacturing & Supplier Unit,2015-10-27,1640,101.4,104.6,104.4,350.55,1579,553518.4500000001,60.7032,13.50425,77.856,1385.1266,3238.143,900.812,47.174,157.2727,258.3636,1084.3636,8516502.0,0.06499363823316193
TV Manufacturing & Supplier Unit,2015-10-28,1682,101.4,104.6,104.4,350.55,1512,530031.6,59.1749,13.853677,75.5225,1437.6393,4245.857,818.376,0.0,104.3636,233.6818,807.0909,8516502.0,0.06223583344429438
TV Manufacturing & Supplier Unit,2015-10-29,1642,101.4,104.6,104.4,350.55,1745,611709.75,65.1245,13.325,78.0981,1381.7672,3604.0,1100.992,46.782,109.6364,226.5909,889.8636,8516502.0,0.07182640830707256
TV Manufacturing & Supplier Unit,2015-10-30,1659,101.4,104.6,104.4,350.55,1780,623979.0,60.6667,13.488857,76.725,1399.6615,4168.952,272.036,0.0,93.9545,222.7727,805.9091,8516502.0,0.07326705259976456
TV Manufacturing & Supplier Unit,2015-10-31,1641,101.4,104.6,104.4,350.55,1740,609957.0,59.1026,13.206593,78.6058,1369.3491,3984.429,817.581,31.3919,81.9091,225.1818,816.2727,8516502.0,0.07162060197954512
TV Manufacturing & Supplier Unit,2015-11-01,1656,101.4,104.6,104.4,350.55,1782,624680.1,61.1351,12.775135,76.2872,1341.7297,3943.524,1288.844,31.1817,98.6818,224.5455,855.8636,8516502.0,0.07334937513077552
TV Manufacturing & Supplier Unit,2015-11-02,1653,101.4,104.6,104.4,350.55,1745,611709.75,53.7865,12.940132,74.9424,1323.5526,5732.0,540.757,31.5487,111.0455,232.8636,791.3636,8516502.0,0.07182640830707256
TV Manufacturing & Supplier Unit,2015-11-03,1659,101.4,104.6,104.4,350.55,1770,620473.5,71.5344,13.742857,90.9226,1448.9683,4794.048,1244.833,31.3605,93.0455,200.0,889.3636,8516502.0,0.0728554399447097
TV Manufacturing & Supplier Unit,2015-11-04,1659,101.4,104.6,104.4,350.55,1553,544404.15,64.2846,13.314926,83.8178,1382.5472,4364.333,1758.402,0.0,133.5,244.9091,1398.6364,8516502.0,0.0639234453300193
TV Manufacturing & Supplier Unit,2015-11-05,1645,101.4,104.6,104.4,350.55,1559,546507.4500000001,65.7941,12.818661,84.1001,1347.2513,4294.238,1030.257,0.0,86.7727,258.7727,755.4545,8516502.0,0.06417041292305221
TV Manufacturing & Supplier Unit,2015-11-06,1680,101.4,104.6,104.4,350.55,1541,540197.55,62.4,13.546531,82.5964,1416.1714,3653.238,1418.209,33.6281,121.1818,305.2727,1097.0455,8516502.0,0.06342951014395347
TV Manufacturing & Supplier Unit,2015-11-07,1621,101.4,104.6,104.4,350.55,1556,545455.8,53.7727,12.961169,74.8977,1344.9545,3609.905,715.315,0.0,94.1364,235.6818,781.4545,8516502.0,0.06404692912653576
TV Manufacturing & Supplier Unit,2015-11-08,2827,101.4,104.6,104.4,350.55,3734,1308953.7,52.8214,13.362325,71.2132,1351.5686,4121.333,917.361,0.0,107.1364,281.2727,977.0,8516502.0,0.1536961653974836
TV Manufacturing & Supplier Unit,2015-11-09,3522,101.4,104.6,104.4,361.62,3746,1354628.52,57.7518,12.776208,78.5612,1324.1547,4237.095,1791.183,0.0,95.8636,234.8182,1045.8636,8516502.0,0.1590592616546089
TV Manufacturing & Supplier Unit,2015-11-10,3525,101.4,104.6,104.4,361.62,3759,1359329.58,51.1271,11.920452,72.7743,1257.518,5421.762,1438.156,0.0,98.8636,239.5455,1194.5909,8516502.0,0.1596112558888614
TV Manufacturing & Supplier Unit,2015-11-11,3510,101.4,104.6,104.4,361.62,3741,1352820.42,52.1501,12.719017,71.1201,1302.2078,3889.762,1296.546,66.0518,84.0455,229.9545,1077.9545,8516502.0,0.1588469561798964
TV Manufacturing & Supplier Unit,2015-11-12,3840,101.4,104.6,104.4,361.62,3756,1358244.72,51.7909,12.351222,75.2632,1311.1184,0.0,1606.041,31.3291,106.0455,229.2727,1248.6364,8516502.0,0.1594838726040339
TV Manufacturing & Supplier Unit,2015-11-13,3866,101.4,104.6,104.4,361.62,4053,1465645.86,48.2576,12.586364,67.7699,1285.6818,4385.238,733.219,31.442,163.0,220.1364,863.9091,8516502.0,0.17209481780195673
TV Manufacturing & Supplier Unit,2015-11-14,3806,101.4,104.6,104.4,361.62,4034,1458775.08,66.1017,13.261653,90.58,1389.4068,4190.619,559.335,98.8613,97.1364,231.2273,931.4545,8516502.0,0.17128805699804922
TV Manufacturing & Supplier Unit,2015-11-15,3876,101.4,104.6,104.4,361.62,4079,1475047.98,59.9742,13.437482,83.5535,1403.4278,4585.81,594.017,81.0844,227.4091,348.1818,5330.5909,8516502.0,0.17319880627046175
TV Manufacturing & Supplier Unit,2015-11-16,3834,101.4,104.6,104.4,361.62,4012,1450819.44,55.2248,13.235382,74.939,1407.8372,4315.667,1528.002,60.6353,217.6364,246.2273,1589.4545,8516502.0,0.17035391290931418
TV Manufacturing & Supplier Unit,2015-11-17,4080,101.4,104.6,104.4,361.62,3955,1430207.1,41.9396,10.782832,72.2697,1124.5614,3302.667,1456.185,20.4679,906.7727,254.8182,1904.4545,8516502.0,0.16793363049759163
TV Manufacturing & Supplier Unit,2015-11-18,4027,101.4,104.6,104.4,361.62,4176,1510125.12,41.6303,10.945789,77.2762,1151.9869,4852.238,1309.68,5.8744,1169.4091,272.7273,2055.2727,8516502.0,0.17731753247988435
TV Manufacturing & Supplier Unit,2015-11-19,4027,101.4,104.6,104.4,361.62,3934,1422613.08,41.6467,10.320488,74.1467,1067.1557,4218.524,1074.439,118.4667,124.0,243.8182,1194.0455,8516502.0,0.1670419475037991
TV Manufacturing & Supplier Unit,2015-11-20,4022,101.4,104.6,104.4,361.62,4046,1463114.52,43.8592,10.441019,82.8277,1122.3786,3900.429,1201.36,33.12,84.6818,223.3182,859.0909,8516502.0,0.1717975901373592
TV Manufacturing & Supplier Unit,2015-11-21,2479,101.4,104.6,104.4,361.62,2885,1043273.7,48.425,11.099679,92.7469,1155.225,4992.524,1321.858,64.7,76.0,199.4545,920.6818,8516502.0,0.12250025890911549
TV Manufacturing & Supplier Unit,2015-11-22,2412,101.4,104.6,104.4,361.62,2889,1044720.18,41.2437,10.780856,74.2386,1114.6447,4108.857,1051.006,85.2464,87.1364,403.7727,1091.8182,8516502.0,0.12267010328888552
TV Manufacturing & Supplier Unit,2015-11-23,2445,101.4,104.6,104.4,361.62,2840,1027000.8,38.057,10.027128,75.1457,1070.1295,3149.857,935.436,7.3203,110.7727,268.5455,1095.4091,8516502.0,0.12058950963670297
TV Manufacturing & Supplier Unit,2015-11-24,2480,101.4,104.6,104.4,361.62,2882,1042188.84,38.1959,10.518225,79.5329,1105.0515,3783.0,1674.99,35.0395,96.7273,225.7727,861.1364,8516502.0,0.122372875624288
TV Manufacturing & Supplier Unit,2015-11-25,2540,101.4,104.6,104.4,361.62,2842,1027724.04,40.6498,10.727556,81.7345,1115.9174,3883.095,1066.52,0.0,131.6818,210.3182,849.5455,8516502.0,0.12067443182658796
TV Manufacturing & Supplier Unit,2015-11-26,2582,101.4,104.6,104.4,361.62,2859,1033871.58,41.3988,10.489955,73.4515,1080.4018,3695.714,1119.701,70.3706,152.5,214.1818,950.0909,8516502.0,0.12139627044061047
TV Manufacturing & Supplier Unit,2015-11-27,2542,101.4,104.6,104.4,361.62,2841,1027362.42,48.3967,11.065644,83.9878,1155.6522,4390.143,1153.756,101.5147,95.1364,226.2273,852.8182,8516502.0,0.12063197073164546
TV Manufacturing & Supplier Unit,2015-11-28,2456,101.4,104.6,104.4,361.62,2856,1032786.72,42.5309,10.512018,77.8968,1084.3651,4997.381,1430.851,101.9914,106.3182,282.0,901.0,8516502.0,0.12126888715578298
TV Manufacturing & Supplier Unit,2015-11-29,2553,101.4,104.6,104.4,361.62,2853,1031701.86,44.4388,10.814541,81.4573,1140.6888,4414.286,996.813,33.7128,92.0455,246.8182,962.8182,8516502.0,0.12114150387095547
TV Manufacturing & Supplier Unit,2015-11-30,2534,101.4,104.6,104.4,361.62,2859,1033871.58,42.6279,11.224485,79.3605,1176.2093,3298.952,390.3756,0.0,891.5664,1540.4294,7307.3182,8516502.0,0.12139627044061047
TV Manufacturing & Supplier Unit,2015-12-01,2427,101.4,104.6,104.4,361.62,2841,1027362.42,49.221,10.995497,86.8139,1151.5217,2838.129,462.8413,17.6288,173.3708,394.712,1420.9545,8516502.0,0.12063197073164546
TV Manufacturing & Supplier Unit,2015-12-02,2522,101.4,104.6,104.4,361.62,2856,1032786.72,46.2566,11.370578,84.5387,1162.7381,2744.632,676.4964,27.254,165.5566,493.4066,1356.9091,8516502.0,0.12126888715578298
TV Manufacturing & Supplier Unit,2015-12-03,2545,101.4,104.6,104.4,361.62,2853,1031701.86,42.2917,11.085268,79.8047,1147.7163,4937.903,694.4416,54.2678,149.4013,543.3876,1224.5,8516502.0,0.12114150387095547
TV Manufacturing & Supplier Unit,2015-12-04,2580,101.4,104.6,104.4,361.62,2834,1024831.08,38.9348,10.688346,72.2086,1090.9399,2590.9,646.6664,61.0317,108.051,280.2315,885.5909,8516502.0,0.12033474306704794
TV Manufacturing & Supplier Unit,2015-12-05,2543,101.4,104.6,104.4,361.62,2879,1041103.98,44.3651,10.86308,79.3506,1129.2857,1628.172,606.9556,0.0,163.1774,580.3669,1337.4091,8516502.0,0.1222454923394605
TV Manufacturing & Supplier Unit,2015-12-06,2555,101.4,104.6,104.4,361.62,2812,1016875.44,38.7023,10.894057,79.2653,1151.4504,3563.992,715.7929,60.3637,115.3161,249.0141,945.1364,8516502.0,0.11940059897831293
TV Manufacturing & Supplier Unit,2015-12-07,3531,101.4,104.6,104.4,361.62,3441,1244334.42,46.6838,11.338144,81.9201,1179.433,0.0,323.3644,0.0,113.4305,240.695,929.6818,8516502.0,0.14610862769714608
TV Manufacturing & Supplier Unit,2015-12-08,3596,101.4,104.6,104.4,361.62,3456,1249758.72,41.5698,10.810839,78.3685,1107.2965,2360.512,78.5261,15.024,123.818,311.9083,1014.8182,8516502.0,0.1467455441212836
TV Manufacturing & Supplier Unit,2015-12-09,3583,101.4,104.6,104.4,361.62,3453,1248673.86,42.8271,11.439653,77.9089,1161.9393,2675.608,132.1241,15.1587,168.141,304.1815,1378.0909,8516502.0,0.1466181608364561
TV Manufacturing & Supplier Unit,2015-12-10,3564,101.4,104.6,104.4,361.62,3484,1259884.08,37.9167,11.885714,62.9688,1251.25,2705.771,85.0218,20.9779,178.9666,381.9316,1466.8182,8516502.0,0.14793445477967362
TV Manufacturing & Supplier Unit,2015-12-11,3575,101.4,104.6,104.4,361.62,3466,1253374.92,38.9348,10.688346,79.3506,1090.9399,4268.157,42.8481,36.3533,131.8041,378.6272,1080.2727,8516502.0,0.1471701550707086
TV Manufacturing & Supplier Unit,2015-12-12,3500,101.4,104.6,104.4,361.62,3406,1231677.72,41.5698,10.810839,78.3685,1107.2965,2360.512,78.5261,15.024,123.818,311.9083,1014.8182,8516502.0,0.14462248937415853
TV Manufacturing & Supplier Unit,2015-12-13,3540,101.4,104.6,104.4,361.62,3476,1256991.12,42.8271,11.439653,77.9089,1161.9393,2675.608,132.1241,15.1587,168.141,304.1815,1378.0909,8516502.0,0.14759476602013363
TV Manufacturing & Supplier Unit,2015-12-14,3542,101.4,104.6,104.4,361.62,3434,1241803.08,37.9167,11.885714,62.9688,1251.25,2705.771,85.0218,20.9779,178.9666,381.9316,1466.8182,8516502.0,0.14581140003254858
TV Manufacturing & Supplier Unit,2015-12-15,3545,101.4,104.6,104.4,361.62,3446,1246142.52,38.7023,10.688346,79.3506,1090.9399,4268.157,42.8481,36.3533,131.8041,378.6272,1080.2727,8516502.0,0.1463209331718586
TV Manufacturing & Supplier Unit,2015-12-16,3551,101.4,104.6,104.4,361.62,3446,1246142.52,42.5309,10.512018,77.8968,1084.3651,4997.381,1430.851,101.9914,106.3182,282.0,901.0,8516502.0,0.1463209331718586
TV Manufacturing & Supplier Unit,2015-12-17,3568,101.4,104.6,104.4,361.62,3416,1235293.92,44.4388,10.814541,81.4573,1140.6888,4414.286,996.813,33.7128,92.0455,246.8182,962.8182,8516502.0,0.14504710032358353
TV Manufacturing & Supplier Unit,2015-12-18,3556,101.4,104.6,104.4,361.62,3405,1231316.1,42.6279,11.224485,79.3605,1176.2093,3298.952,390.3756,0.0,891.5664,1540.4294,7307.3182,8516502.0,0.14458002827921607
TV Manufacturing & Supplier Unit,2015-12-19,3533,101.4,104.6,104.4,361.62,3461,1251566.82,49.221,10.995497,86.8139,1151.5217,2838.129,462.8413,17.6288,173.3708,394.712,1420.9545,8516502.0,0.14695784959599612
TV Manufacturing & Supplier Unit,2015-12-20,3526,101.4,104.6,104.4,361.62,3405,1231316.1,46.2566,11.370578,84.5387,1162.7381,2744.632,676.4964,27.254,165.5566,493.4066,1356.9091,8516502.0,0.14458002827921607
TV Manufacturing & Supplier Unit,2015-12-21,3536,101.4,104.6,104.4,361.62,3426,1238910.12,42.2917,11.085268,79.8047,1147.7163,4937.903,694.4416,54.2678,149.4013,543.3876,1224.5,8516502.0,0.1454717112730086
TV Manufacturing & Supplier Unit,2015-12-22,3513,101.4,104.6,104.4,361.62,3434,1241803.08,38.9348,10.688346,72.2086,1090.9399,2590.9,646.6664,61.0317,108.051,280.2315,885.5909,8516502.0,0.14581140003254858
TV Manufacturing & Supplier Unit,2015-12-23,3500,101.4,104.6,104.4,361.62,3479,1258075.98,44.3651,10.86308,79.3506,1129.2857,1628.172,606.9556,0.0,163.1774,580.3669,1337.4091,8516502.0,0.1477221493049611
TV Manufacturing & Supplier Unit,2015-12-24,3476,101.4,104.6,104.4,361.62,3542,1280858.04,38.7023,10.894057,79.2653,1151.4504,3563.992,715.7929,60.3637,115.3161,249.0141,945.1364,8516502.0,0.15039719828633868
TV Manufacturing & Supplier Unit,2015-12-25,3434,101.4,104.6,104.4,361.62,3545,1281942.9,46.6838,11.338144,81.9201,1179.433,0.0,323.3644,0.0,113.4305,240.695,929.6818,8516502.0,0.1505245815711662
TV Manufacturing & Supplier Unit,2015-12-26,3446,101.4,104.6,104.4,361.62,3551,1284112.62,41.5698,10.810839,78.3685,1107.2965,2360.512,78.5261,15.024,123.818,311.9083,1014.8182,8516502.0,0.15077934814082122
TV Manufacturing & Supplier Unit,2015-12-27,3446,101.4,104.6,104.4,361.62,3568,1290260.16,42.8271,11.439653,77.9089,1161.9393,2675.608,132.1241,15.1587,168.141,304.1815,1378.0909,8516502.0,0.1515011867548437
TV Manufacturing & Supplier Unit,2015-12-28,3416,101.4,104.6,104.4,361.62,3556,1285920.72,37.9167,11.885714,62.9688,1251.25,2705.771,85.0218,20.9779,178.9666,381.9316,1466.8182,8516502.0,0.1509916536155337
TV Manufacturing & Supplier Unit,2015-12-29,3405,101.4,104.6,104.4,361.62,3533,1277603.46,38.9348,10.688346,79.3506,1090.9399,4268.157,42.8481,36.3533,131.8041,378.6272,1080.2727,8516502.0,0.15001504843185617
TV Manufacturing & Supplier Unit,2015-12-30,3461,101.4,104.6,104.4,361.62,3526,1275072.12,41.5698,10.810839,78.3685,1107.2965,2360.512,78.5261,15.024,123.818,311.9083,1014.8182,8516502.0,0.14971782076725867
TV Manufacturing & Supplier Unit,2015-12-31,4533,101.4,104.6,104.4,361.62,4536,1640308.32,42.8271,11.439653,77.9089,1161.9393,2675.608,132.1241,15.1587,168.141,304.1815,1378.0909,8516502.0,0.19260352665918473
TV Manufacturing & Supplier Unit,2016-01-01,4444,102.3,104.6,104.4,361.62,4563,1650072.06,37.9167,11.885714,62.9688,1251.25,2705.771,85.0218,20.9779,178.9666,381.9316,1466.8182,8537673.0,0.193269531405103
TV Manufacturing & Supplier Unit,2016-01-02,4563,102.3,104.6,104.4,361.62,4555,1647179.1,38.7023,10.688346,79.3506,1090.9399,4268.157,42.8481,36.3533,131.8041,378.6272,1080.2727,8537673.0,0.19293068497704235
TV Manufacturing & Supplier Unit,2016-01-03,4555,102.3,104.6,104.4,361.62,4510,1630906.2,42.5309,10.512018,77.8968,1084.3651,4997.381,1430.851,101.9914,106.3182,282.0,901.0,8537673.0,0.19102467381920107
TV Manufacturing & Supplier Unit,2016-01-04,4100,102.3,104.6,104.4,361.62,4030,1457328.6,44.4388,10.814541,81.4573,1140.6888,4414.286,996.813,33.7128,92.0455,246.8182,962.8182,8537673.0,0.17069388813556108
TV Manufacturing & Supplier Unit,2016-01-05,3990,102.3,104.6,104.4,361.62,3912,1414657.44,42.6279,11.224485,79.3605,1176.2093,3298.952,390.3756,0.0,891.5664,1540.4294,7307.3182,8537673.0,0.16569590332166623
TV Manufacturing & Supplier Unit,2016-01-06,3642,102.3,104.6,104.4,361.62,4441,1605954.42,49.221,10.995497,86.8139,1151.5217,2838.129,462.8413,17.6288,173.3708,394.712,1420.9545,8537673.0,0.18810212337717783
TV Manufacturing & Supplier Unit,2016-01-07,3739,102.3,104.6,104.4,361.62,4456,1611378.72,46.2566,11.370578,84.5387,1162.7381,2744.632,676.4964,27.254,165.5566,493.4066,1356.9091,8537673.0,0.1887374604297916
TV Manufacturing & Supplier Unit,2016-01-08,3778,102.3,104.6,104.4,361.62,4453,1610293.86,42.2917,11.085268,79.8047,1147.7163,4937.903,694.4416,54.2678,149.4013,543.3876,1224.5,8537673.0,0.18861039301926885
TV Manufacturing & Supplier Unit,2016-01-09,3832,102.3,104.6,104.4,361.62,4434,1603423.08,38.9348,10.688346,72.2086,1090.9399,2590.9,646.6664,61.0317,108.051,280.2315,885.5909,8537673.0,0.18780563275262477
TV Manufacturing & Supplier Unit,2016-01-10,3814,102.3,104.6,101.1,361.62,4479,1619695.98,44.3651,10.86308,79.3506,1129.2857,1628.172,606.9556,0.0,163.1774,580.3669,1337.4091,8537673.0,0.189711643910466
TV Manufacturing & Supplier Unit,2016-01-11,3901,102.3,104.6,101.1,361.62,4412,1595467.44,38.7023,10.894057,79.2653,1151.4504,3563.992,715.7929,60.3637,115.3161,249.0141,945.1364,8537673.0,0.18687380507545792
TV Manufacturing & Supplier Unit,2016-01-12,3936,102.3,104.6,101.1,361.62,4445,1607400.9,46.6838,11.338144,81.9201,1179.433,0.0,323.3644,0.0,113.4305,240.695,929.6818,8537673.0,0.18827154659120815
TV Manufacturing & Supplier Unit,2016-01-13,4393,102.3,104.6,101.1,361.62,4480,1620057.6,41.5698,10.810839,78.3685,1107.2965,2360.512,78.5261,15.024,123.818,311.9083,1014.8182,8537673.0,0.1897539997139736
TV Manufacturing & Supplier Unit,2016-01-14,4602,102.3,104.6,101.1,361.62,4440,1605592.8,42.8271,11.439653,77.9089,1161.9393,2675.608,132.1241,15.1587,168.141,304.1815,1378.0909,8537673.0,0.18805976757367027
TV Manufacturing & Supplier Unit,2016-01-15,4111,102.3,104.6,101.1,361.62,4330,1565814.6,37.9167,11.885714,62.9688,1251.25,2705.771,85.0218,20.9779,178.9666,381.9316,1466.8182,8537673.0,0.1834006291878361
TV Manufacturing & Supplier Unit,2016-01-16,4490,102.3,104.6,101.1,361.62,3912,1414657.44,38.9348,10.688346,79.3506,1090.9399,4268.157,42.8481,36.3533,131.8041,378.6272,1080.2727,8537673.0,0.16569590332166623
TV Manufacturing & Supplier Unit,2016-01-17,4542,102.3,104.6,101.1,361.62,4441,1605954.42,41.5698,10.810839,78.3685,1107.2965,2360.512,78.5261,15.024,123.818,311.9083,1014.8182,8537673.0,0.18810212337717783
TV Manufacturing & Supplier Unit,2016-01-18,4639,102.3,104.6,101.1,361.62,4456,1611378.72,42.8271,11.439653,77.9089,1161.9393,2675.608,132.1241,15.1587,168.141,304.1815,1378.0909,8537673.0,0.1887374604297916
TV Manufacturing & Supplier Unit,2016-01-19,4678,102.3,104.6,101.1,361.62,4453,1610293.86,37.9167,11.885714,62.9688,1251.25,2705.771,85.0218,20.9779,178.9666,381.9316,1466.8182,8537673.0,0.18861039301926885
TV Manufacturing & Supplier Unit,2016-01-20,4632,102.3,104.6,101.1,361.62,4434,1603423.08,38.7023,10.688346,79.3506,1090.9399,4268.157,42.8481,36.3533,131.8041,378.6272,1080.2727,8537673.0,0.18780563275262477
TV Manufacturing & Supplier Unit,2016-01-21,4614,102.3,104.6,101.1,361.62,4479,1619695.98,77.4819,14.104193,112.337,1479.4565,722.571,95.333,11.8398,91.0,276.3636,756.5909,8537673.0,0.189711643910466
TV Manufacturing & Supplier Unit,2016-01-22,4601,102.3,104.6,101.1,361.62,4412,1595467.44,73.4783,13.298758,105.7133,1369.8913,717.857,114.957,27.8039,111.9091,291.3182,860.1364,8537673.0,0.18687380507545792
TV Manufacturing & Supplier Unit,2016-01-23,4636,102.3,104.6,101.1,361.62,4445,1607400.9,80.6093,13.200691,108.7702,1428.0645,653.333,113.09,0.0,94.6364,282.7273,751.9545,8537673.0,0.18827154659120815
TV Manufacturing & Supplier Unit,2016-01-24,4693,102.3,104.6,101.1,361.62,4480,1620057.6,65.9319,12.721429,93.3065,1309.3548,622.095,72.442,0.0,98.5909,306.3182,749.4545,8537673.0,0.1897539997139736
TV Manufacturing & Supplier Unit,2016-01-25,4602,102.3,104.6,101.1,361.62,4440,1605592.8,77.4819,14.104193,112.337,1479.4565,722.571,95.333,11.8398,91.0,276.3636,756.5909,8537673.0,0.18805976757367027
TV Manufacturing & Supplier Unit,2016-01-26,5111,102.3,104.6,101.1,361.62,4330,1565814.6,73.4783,13.298758,105.7133,1369.8913,717.857,114.957,27.8039,111.9091,291.3182,860.1364,8537673.0,0.1834006291878361
TV Manufacturing & Supplier Unit,2016-01-27,5490,102.3,104.6,101.1,361.62,5512,1993249.44,80.6093,13.200691,108.7702,1428.0645,653.333,113.09,0.0,94.6364,282.7273,751.9545,8537673.0,0.23346518893379964
TV Manufacturing & Supplier Unit,2016-01-28,5542,102.3,104.6,101.1,361.62,5441,1967574.42,65.9319,12.721429,93.3065,1309.3548,622.095,72.442,0.0,98.5909,306.3182,749.4545,8537673.0,0.23045792688476122
TV Manufacturing & Supplier Unit,2016-01-29,5639,102.3,104.6,101.1,361.62,5456,1972998.72,89.7283,13.792314,117.6359,1417.0109,624.238,87.649,0.0,105.0455,306.4545,754.2727,8537673.0,0.23109326393737498
TV Manufacturing & Supplier Unit,2016-01-30,5678,102.3,104.6,101.1,361.62,5453,1971913.86,68.8095,12.581633,91.6071,1334.3407,611.714,38.235,0.0,108.0,305.9545,776.6364,8537673.0,0.23096619652685224
TV Manufacturing & Supplier Unit,2016-01-31,5632,102.3,104.6,101.1,361.62,5434,1965043.08,80.1434,13.419355,101.6935,1390.6452,627.238,92.486,6.9945,112.9545,304.8636,867.1818,8537673.0,0.23016143626020816
TV Manufacturing & Supplier Unit,2016-02-01,5614,102.3,104.6,101.1,361.62,5479,1981315.98,84.3369,13.476267,105.8871,1442.5806,613.143,206.96,69.9877,115.3636,298.5455,905.4091,8537673.0,0.23206744741804938
TV Manufacturing & Supplier Unit,2016-02-02,5601,102.3,104.6,101.1,361.62,5412,1957087.44,75.4189,13.207026,104.5594,1417.1311,615.857,83.632,49.589,171.5,309.6818,880.5909,8537673.0,0.2292296085830413
TV Manufacturing & Supplier Unit,2016-02-03,5636,102.3,104.6,101.1,361.62,5445,1969020.9,70.7921,12.964604,97.6207,1357.7228,688.667,118.126,46.3774,123.8182,273.7727,791.7727,8537673.0,0.23062735009879154
TV Manufacturing & Supplier Unit,2016-02-04,5693,102.3,104.6,101.1,361.62,5480,1981677.6,68.9912,13.25047,102.4712,1378.4211,636.667,125.388,47.8766,111.2727,275.6818,867.7273,8537673.0,0.232109803221557
TV Manufacturing & Supplier Unit,2016-02-05,5602,102.3,104.6,101.1,361.62,5440,1967212.8,69.6637,13.080365,102.3094,1393.8565,610.286,86.23,34.2365,117.6818,280.8182,840.1364,8537673.0,0.23041557108125366
TV Manufacturing & Supplier Unit,2016-02-06,5711,102.3,104.6,101.1,361.62,5630,2035920.6,66.0726,13.407284,95.4486,1428.7871,622.095,95.229,60.6667,100.9091,284.9545,796.5909,8537673.0,0.2384631737476945
TV Manufacturing & Supplier Unit,2016-02-07,5790,102.3,104.6,101.1,361.62,5712,2065573.44,74.1848,13.345691,103.0639,1399.9728,602.0,158.382,18.7505,112.2727,281.6818,914.9091,8537673.0,0.24193634963531632
TV Manufacturing & Supplier Unit,2016-02-08,5742,102.3,104.6,101.1,361.62,5741,2076060.42,63.5185,13.116667,97.2917,1400.1282,5072.619,48.039,19.0108,116.8182,265.9091,1379.4091,8537673.0,0.24316466793703623
TV Manufacturing & Supplier Unit,2016-02-09,5739,102.3,104.6,101.1,361.62,5656,2045322.72,68.8107,13.319634,96.5201,1397.7889,5413.095,221.528,0.0,118.6364,279.1818,904.5,8537673.0,0.23956442463889166
TV Manufacturing & Supplier Unit,2016-02-10,5778,102.3,104.6,101.1,361.62,5653,2044237.86,73.7652,13.23974,97.5,1390.8409,5230.286,208.569,30.429,103.9545,276.2727,828.0455,8537673.0,0.23943735722836892
TV Manufacturing & Supplier Unit,2016-02-11,5732,102.3,102.7,101.1,361.62,5634,2037367.08,72.1859,13.440022,97.255,1411.5829,2421.429,136.737,31.5863,109.3182,283.2727,953.0455,8537673.0,0.2386325969617248
TV Manufacturing & Supplier Unit,2016-02-12,5714,102.3,102.7,101.1,361.62,5679,2053639.98,66.0888,13.228643,97.6225,1406.0804,2126.714,151.538,43.0027,119.2727,299.3636,945.0,8537673.0,0.24053860811956607
TV Manufacturing & Supplier Unit,2016-02-13,5701,102.3,102.7,101.1,361.62,5612,2029411.44,74.5333,12.9675,98.9625,1358.775,6354.571,5.659,43.1783,106.9545,286.7273,896.5,8537673.0,0.23770076928455797
TV Manufacturing & Supplier Unit,2016-02-14,5736,102.3,102.7,101.1,361.62,5845,2113668.9,82.3549,13.487846,108.8993,1441.5672,3272.952,173.248,11.7112,138.3182,317.8182,1253.8636,8537673.0,0.2475696715018249
TV Manufacturing & Supplier Unit,2016-02-15,5793,102.3,102.7,101.1,361.62,5880,2126325.6,73.0167,13.521857,100.9125,1417.05,2568.714,200.366,11.8272,120.9545,254.0909,912.6818,8537673.0,0.24905212462459034
TV Manufacturing & Supplier Unit,2016-02-16,5702,102.3,102.7,101.1,361.62,5840,2111860.8,80.2514,13.530168,101.449,1417.1229,4164.429,100.809,0.0,139.4545,273.4545,1060.3182,8537673.0,0.24735789248428697
TV Manufacturing & Supplier Unit,2016-02-17,5855,102.3,102.7,101.1,361.62,5834,2109691.08,74.2157,13.368908,102.5735,1438.0995,3379.333,32.421,50.8308,116.9091,254.0,913.5909,8537673.0,0.2471037576632415
TV Manufacturing & Supplier Unit,2016-02-18,5877,102.3,102.7,101.1,361.62,5802,2098119.24,81.9,13.955036,112.8563,1451.775,3155.143,52.031,144.9951,87.1364,241.4545,799.1818,8537673.0,0.24574837195099886
TV Manufacturing & Supplier Unit,2016-02-19,5866,102.3,102.7,101.1,361.62,5890,2129941.8,70.4439,13.584207,102.6445,1436.1558,252.905,172.967,95.636,79.3636,221.9545,853.5909,8537673.0,0.24947568265966613
TV Manufacturing & Supplier Unit,2016-02-20,5834,102.3,102.7,101.1,361.62,5910,2137174.2,70.8209,13.662473,99.8041,1446.791,2981.048,189.24,11.8084,93.0909,240.1364,881.7273,8537673.0,0.25032279872981783
TV Manufacturing & Supplier Unit,2016-02-21,5872,102.3,102.7,101.1,361.62,5920,2140790.4,76.9832,13.57063,103.6278,1462.2905,3706.667,206.839,3.8765,97.9545,244.3636,971.9091,8537673.0,0.25074635676489365
TV Manufacturing & Supplier Unit,2016-02-22,5832,102.3,102.7,101.1,361.62,5933,2145491.46,75.0382,13.75095,103.3142,1438.6927,2226.429,132.829,0.0,94.3182,230.0455,868.1818,8537673.0,0.25129698221049224
TV Manufacturing & Supplier Unit,2016-02-23,7493,102.3,102.7,101.1,361.62,6456,2334618.72,86.2007,13.771313,118.4677,1477.8226,4038.81,194.316,34.6945,77.8182,197.1818,821.3636,8537673.0,0.2734490674449584
TV Manufacturing & Supplier Unit,2016-02-24,7622,102.3,102.7,101.1,361.62,5453,1971913.86,71.3785,13.186582,98.639,1387.5,3323.762,140.09,35.5475,66.8636,191.1818,770.9091,8537673.0,0.23096619652685224
TV Manufacturing & Supplier Unit,2016-02-25,6410,102.3,102.7,101.1,361.62,5934,2145853.08,70.1412,13.363559,98.464,1424.4915,4422.667,149.738,15.863,66.9545,194.4545,697.6364,8537673.0,0.2513393380139998
TV Manufacturing & Supplier Unit,2016-02-26,7092,102.3,102.7,101.1,361.62,5279,1908991.98,70.0298,13.411224,104.3555,1417.0982,3892.381,99.954,15.817,98.1364,253.5455,928.5455,8537673.0,0.2235962867165327
TV Manufacturing & Supplier Unit,2016-02-27,6401,102.3,102.7,101.1,361.62,5212,1884763.44,70.7417,13.195929,98.9625,1400.175,1885.191,117.032,0.0,95.9091,254.0455,843.4091,8537673.0,0.22075844788152463
TV Manufacturing & Supplier Unit,2016-02-28,6456,102.3,102.7,101.1,361.62,5867,2121624.54,75.7181,13.641109,98.5372,1401.3032,1953.81,121.125,35.811,89.0909,245.5,767.3182,8537673.0,0.24850149917899175
TV Manufacturing & Supplier Unit,2016-02-29,6681,102.3,102.7,101.1,361.62,5245,1896696.9,62.6861,12.822399,84.1292,1339.8058,1791.191,189.038,0.0,94.4091,247.6364,802.2273,8537673.0,0.22215618939727486
TV Manufacturing & Supplier Unit,2016-03-01,6714,102.3,102.7,101.1,361.62,6280,2270973.6,72.1521,13.686512,97.145,1434.9029,3074.667,196.773,0.0,92.0455,291.5909,785.5909,8537673.0,0.2659944460276237
TV Manufacturing & Supplier Unit,2016-03-02,6016,102.3,102.7,101.1,361.62,6240,2256508.8,72.9083,13.361679,102.375,1442.025,3117.048,160.32,0.0,135.0455,249.3182,846.5,8537673.0,0.26430021388732033
TV Manufacturing & Supplier Unit,2016-03-03,6056,102.3,102.7,101.1,361.62,6482,2344020.84,71.8265,13.682436,98.0009,1460.4452,2023.524,147.936,40.3932,92.5,221.1818,790.3636,8537673.0,0.2745503183361555
TV Manufacturing & Supplier Unit,2016-03-04,6009,102.3,102.7,101.1,361.62,6542,2365718.04,70.9562,13.756545,98.7625,1454.8207,3395.667,262.807,0.0,96.9091,252.4091,898.4545,8537673.0,0.27709166654661055
TV Manufacturing & Supplier Unit,2016-03-05,6740,102.3,102.7,101.1,361.62,5759,2082569.58,59.2809,13.217295,84.632,1392.1066,2921.333,311.592,30.3757,106.1818,254.9091,1144.5455,8537673.0,0.24392707240017275
TV Manufacturing & Supplier Unit,2016-03-06,6795,102.3,102.7,101.1,361.62,6841,2473842.42,64.7032,13.211155,92.6027,1397.2603,2825.095,455.428,46.9608,126.0455,269.3182,1115.2727,8537673.0,0.28975605179537794
TV Manufacturing & Supplier Unit,2016-03-07,6235,102.3,102.7,101.1,361.62,6456,2334618.72,68.4878,13.715226,90.128,1433.561,5082.667,467.509,93.5075,114.2273,324.5909,1271.5455,8537673.0,0.2734490674449584
TV Manufacturing & Supplier Unit,2016-03-08,6068,102.3,102.7,101.1,361.62,5453,1971913.86,63.4742,13.85664,89.0317,1441.4789,4011.714,402.614,0.0,118.0455,281.5455,971.7273,8537673.0,0.23096619652685224
TV Manufacturing & Supplier Unit,2016-03-09,6874,102.3,102.7,101.1,361.62,5134,1856557.08,61.0278,13.6175,90.3229,1411.8333,2666.857,435.346,105.1623,118.5909,261.4545,893.6818,8537673.0,0.21745469520793312
TV Manufacturing & Supplier Unit,2016-03-10,6153,102.3,102.7,101.1,361.62,4279,1547371.98,56.0507,12.873331,75.9069,1322.6087,1675.905,408.612,0.0,175.5455,275.6364,3826.6818,8537673.0,0.1812404832089493
TV Manufacturing & Supplier Unit,2016-03-11,6005,102.3,102.7,101.1,361.62,5212,1884763.44,62.4074,13.102381,85.1042,1365.0,3668.476,481.883,104.0112,167.9545,241.7273,2170.1818,8537673.0,0.22075844788152463
TV Manufacturing & Supplier Unit,2016-03-12,5457,102.3,102.7,101.1,361.62,5245,1896696.9,58.3943,12.994338,80.5564,1387.4085,0.0,217.694,0.0,95.0,216.7273,969.1818,8537673.0,0.22215618939727486
TV Manufacturing & Supplier Unit,2016-03-13,5110,102.3,102.7,101.1,361.62,5280,1909353.6,47.5541,12.722032,73.125,1333.3442,2429.714,52.865,25.8875,111.0909,234.9545,1835.1818,8537673.0,0.22363864252004031
TV Manufacturing & Supplier Unit,2016-03-14,6334,102.3,102.7,101.1,361.62,5240,1894888.8,59.8805,13.436076,80.3244,1381.6456,2754.048,88.948,26.1196,115.1818,242.5909,1697.8636,8537673.0,0.22194441037973697
TV Manufacturing & Supplier Unit,2016-03-15,6071,102.3,102.7,101.1,361.62,5482,1982400.84,61.2679,13.43674,77.7901,1413.0861,2785.095,57.238,36.1466,141.6818,237.7727,1549.3636,8537673.0,0.23219451482857215
TV Manufacturing & Supplier Unit,2016-03-16,6031,102.3,102.7,101.1,361.62,5542,2004098.04,71.0122,13.404974,84.7382,1402.9319,4393.286,28.846,62.6395,108.2273,248.8182,1114.8636,8537673.0,0.23473586303902716
TV Manufacturing & Supplier Unit,2016-03-17,6110,102.3,102.7,101.1,361.62,5759,2082569.58,60.1852,13.030952,83.9583,1380.0,3948.333,621.432,20.7815,108.3182,276.7273,1028.1364,8537673.0,0.24392707240017275
TV Manufacturing & Supplier Unit,2016-03-18,6034,102.3,102.7,101.1,361.62,5841,2112222.42,67.0833,13.468929,85.2188,1415.7115,5381.381,1040.787,51.0694,119.9545,276.2727,941.4545,8537673.0,0.24740024828779458
TV Manufacturing & Supplier Unit,2016-03-19,5071,102.3,102.7,101.1,361.62,5556,2009160.72,60.6469,13.100489,78.3562,1368.8356,4420.81,854.31,0.0,89.8636,226.3636,896.9545,8537673.0,0.2353288442881333
TV Manufacturing & Supplier Unit,2016-03-20,6131,102.3,102.7,101.1,361.62,5353,1935751.86,58.1144,13.07043,80.045,1371.6737,4524.381,587.16,0.0,99.0,220.6818,1072.0455,8537673.0,0.22673061617609389
TV Manufacturing & Supplier Unit,2016-03-21,4384,102.3,102.7,101.1,361.62,5134,1856557.08,57.3207,13.081103,83.5127,1380.6962,3647.762,522.584,0.0,108.6364,278.2273,928.5909,8537673.0,0.21745469520793312
TV Manufacturing & Supplier Unit,2016-03-22,4366,102.3,102.7,101.1,361.62,5279,1908991.98,60.7032,13.50425,77.856,1385.1266,3238.143,900.812,47.174,157.2727,258.3636,1084.3636,8537673.0,0.2235962867165327
TV Manufacturing & Supplier Unit,2016-03-23,4006,102.3,102.7,101.1,361.62,5222,1888379.64,59.1749,13.853677,75.5225,1437.6393,4245.857,818.376,0.0,104.3636,233.6818,807.0909,8537673.0,0.22118200591660045
TV Manufacturing & Supplier Unit,2016-03-24,4076,102.3,102.7,101.1,361.62,5524,1997588.88,65.1245,13.325,78.0981,1381.7672,3604.0,1100.992,46.782,109.6364,226.5909,889.8636,8537673.0,0.23397345857589064
TV Manufacturing & Supplier Unit,2016-03-25,4834,102.3,102.7,101.1,361.62,5280,1909353.6,60.6667,13.488857,76.725,1399.6615,4168.952,272.036,0.0,93.9545,222.7727,805.9091,8537673.0,0.22363864252004031
TV Manufacturing & Supplier Unit,2016-03-26,4636,102.3,102.7,101.1,361.62,5240,1894888.8,59.1026,13.206593,78.6058,1369.3491,3984.429,817.581,31.3919,81.9091,225.1818,816.2727,8537673.0,0.22194441037973697
TV Manufacturing & Supplier Unit,2016-03-27,4166,102.3,102.7,101.1,361.62,5482,1982400.84,61.1351,12.775135,76.2872,1341.7297,3943.524,1288.844,31.1817,98.6818,224.5455,855.8636,8537673.0,0.23219451482857215
TV Manufacturing & Supplier Unit,2016-03-28,4186,102.3,102.7,101.1,361.62,5542,2004098.04,53.7865,12.940132,74.9424,1323.5526,5732.0,540.757,31.5487,111.0455,232.8636,791.3636,8537673.0,0.23473586303902716
TV Manufacturing & Supplier Unit,2016-03-29,4405,102.3,102.7,101.1,361.62,5659,2046407.58,71.5344,13.742857,90.9226,1448.9683,4794.048,1244.833,31.3605,93.0455,200.0,889.3636,8537673.0,0.23969149204941442
TV Manufacturing & Supplier Unit,2016-03-30,5561,102.3,102.7,101.1,361.62,6841,2473842.42,64.2846,13.314926,83.8178,1382.5472,4364.333,1758.402,0.0,133.5,244.9091,1398.6364,8537673.0,0.28975605179537794
TV Manufacturing & Supplier Unit,2016-03-31,6205,102.3,102.7,101.1,361.62,6456,2334618.72,65.7941,12.818661,84.1001,1347.2513,4294.238,1030.257,0.0,86.7727,258.7727,755.4545,8537673.0,0.2734490674449584
TV Manufacturing & Supplier Unit,2016-04-01,5006,102.3,102.7,101.1,361.62,5483,1982762.46,62.4,13.546531,82.5964,1416.1714,3653.238,1418.209,33.6281,121.1818,305.2727,1097.0455,8537673.0,0.23223687063207973
TV Manufacturing & Supplier Unit,2016-04-02,5034,102.3,102.7,101.1,361.62,6134,2218177.08,53.7727,12.961169,74.8977,1344.9545,3609.905,715.315,0.0,94.1364,235.6818,781.4545,8537673.0,0.25981049871551654
TV Manufacturing & Supplier Unit,2016-04-03,4319,102.3,102.7,101.1,361.62,6279,2270611.98,52.8214,13.362325,71.2132,1351.5686,4121.333,917.361,0.0,107.1364,281.2727,977.0,8537673.0,0.2659520902241161
TV Manufacturing & Supplier Unit,2016-04-04,5082,102.3,102.7,101.1,361.62,5212,1884763.44,57.7518,12.776208,78.5612,1324.1547,4237.095,1791.183,0.0,95.8636,234.8182,1045.8636,8537673.0,0.22075844788152463
TV Manufacturing & Supplier Unit,2016-04-05,5155,102.3,102.7,101.1,361.62,5245,1896696.9,51.1271,11.920452,72.7743,1257.518,5421.762,1438.156,0.0,98.8636,239.5455,1194.5909,8537673.0,0.22215618939727486
TV Manufacturing & Supplier Unit,2016-04-06,6000,102.3,102.7,101.1,361.62,6280,2270973.6,52.1501,12.719017,71.1201,1302.2078,3889.762,1296.546,66.0518,84.0455,229.9545,1077.9545,8537673.0,0.2659944460276237
TV Manufacturing & Supplier Unit,2016-04-07,6340,102.3,102.7,101.1,361.62,5240,1894888.8,51.7909,12.351222,75.2632,1311.1184,0.0,1606.041,31.3291,106.0455,229.2727,1248.6364,8537673.0,0.22194441037973697
TV Manufacturing & Supplier Unit,2016-04-08,6402,102.3,102.7,101.1,361.62,5482,1982400.84,48.2576,12.586364,67.7699,1285.6818,4385.238,733.219,31.442,163.0,220.1364,863.9091,8537673.0,0.23219451482857215
TV Manufacturing & Supplier Unit,2016-04-09,7312,102.3,102.7,101.1,361.62,5542,2004098.04,66.1017,13.261653,90.58,1389.4068,4190.619,559.335,98.8613,97.1364,231.2273,931.4545,8537673.0,0.23473586303902716
TV Manufacturing & Supplier Unit,2016-04-10,5369,102.3,102.7,101.1,361.62,5579,2017477.98,59.9742,13.437482,83.5535,1403.4278,4585.81,594.017,81.0844,227.4091,348.1818,5330.5909,8537673.0,0.23630302776880774
TV Manufacturing & Supplier Unit,2016-04-11,6231,102.3,102.7,101.1,361.62,5841,2112222.42,55.2248,13.235382,74.939,1407.8372,4315.667,1528.002,60.6353,217.6364,246.2273,1589.4545,8537673.0,0.24740024828779458
TV Manufacturing & Supplier Unit,2016-04-12,6796,102.3,102.7,101.1,361.62,5456,1972998.72,41.9396,10.782832,72.2697,1124.5614,3302.667,1456.185,20.4679,906.7727,254.8182,1904.4545,8537673.0,0.23109326393737498
TV Manufacturing & Supplier Unit,2016-04-13,5783,102.3,102.7,101.1,361.62,5553,2008075.86,41.6303,10.945789,77.2762,1151.9869,4852.238,1309.68,5.8744,1169.4091,272.7273,2055.2727,8537673.0,0.23520177687761057
TV Manufacturing & Supplier Unit,2016-04-14,6364,102.3,102.7,101.1,361.62,6134,2218177.08,41.6467,10.320488,74.1467,1067.1557,4218.524,1074.439,118.4667,124.0,243.8182,1194.0455,8537673.0,0.25981049871551654
TV Manufacturing & Supplier Unit,2016-04-15,5775,102.3,102.7,101.1,361.62,6427,2324131.74,43.8592,10.441019,82.8277,1122.3786,3900.429,1201.36,33.12,84.6818,223.3182,859.0909,8537673.0,0.27222074914323846
TV Manufacturing & Supplier Unit,2016-04-16,6700,102.3,102.7,101.1,361.62,6522,2358485.64,48.425,11.099679,92.7469,1155.225,4992.524,1321.858,64.7,76.0,199.4545,920.6818,8537673.0,0.2762445504764589
TV Manufacturing & Supplier Unit,2016-04-17,6140,102.3,102.7,101.1,361.62,5245,1896696.9,41.2437,10.780856,74.2386,1114.6447,4108.857,1051.006,85.2464,87.1364,403.7727,1091.8182,8537673.0,0.22215618939727486
TV Manufacturing & Supplier Unit,2016-04-18,6842,102.3,102.7,101.1,361.62,6280,2270973.6,38.057,10.027128,75.1457,1070.1295,3149.857,935.436,7.3203,110.7727,268.5455,1095.4091,8537673.0,0.2659944460276237
TV Manufacturing & Supplier Unit,2016-04-19,7645,102.3,102.7,101.1,361.62,6240,2256508.8,38.1959,10.518225,79.5329,1105.0515,3783.0,1674.99,35.0395,96.7273,225.7727,861.1364,8537673.0,0.26430021388732033
TV Manufacturing & Supplier Unit,2016-04-20,6951,102.3,102.7,101.1,361.62,6482,2344020.84,40.6498,10.727556,81.7345,1115.9174,3883.095,1066.52,0.0,131.6818,210.3182,849.5455,8537673.0,0.2745503183361555
TV Manufacturing & Supplier Unit,2016-04-21,7668,102.3,102.7,101.1,361.62,7542,2727338.04,41.3988,10.489955,73.4515,1080.4018,3695.714,1119.701,70.3706,152.5,214.1818,950.0909,8537673.0,0.31944747005419394
TV Manufacturing & Supplier Unit,2016-04-22,8565,102.3,102.7,101.1,361.62,5759,2082569.58,48.3967,11.065644,83.9878,1155.6522,4390.143,1153.756,101.5147,95.1364,226.2273,852.8182,8537673.0,0.24392707240017275
TV Manufacturing & Supplier Unit,2016-04-23,7733,102.3,102.7,101.1,361.62,6841,2473842.42,42.5309,10.512018,77.8968,1084.3651,4997.381,1430.851,101.9914,106.3182,282.0,901.0,8537673.0,0.28975605179537794
TV Manufacturing & Supplier Unit,2016-04-24,7926,102.3,102.7,101.1,361.62,6456,2334618.72,44.4388,10.814541,81.4573,1140.6888,4414.286,996.813,33.7128,92.0455,246.8182,962.8182,8537673.0,0.2734490674449584
TV Manufacturing & Supplier Unit,2016-04-25,7236,102.3,102.7,101.1,361.62,5453,1971913.86,42.6279,11.224485,79.3605,1176.2093,3298.952,390.3756,0.0,891.5664,1540.4294,7307.3182,8537673.0,0.23096619652685224
TV Manufacturing & Supplier Unit,2016-04-26,8113,102.3,102.7,101.1,361.62,4240,1533268.8,49.221,10.995497,86.8139,1151.5217,2838.129,462.8413,17.6288,173.3708,394.712,1420.9545,8537673.0,0.17958860687215358
TV Manufacturing & Supplier Unit,2016-04-27,6600,102.3,102.7,101.1,361.62,4266,1542670.92,46.2566,11.370578,84.5387,1162.7381,2744.632,676.4964,27.254,165.5566,493.4066,1356.9091,8537673.0,0.18068985776335073
TV Manufacturing & Supplier Unit,2016-04-28,7400,102.3,102.7,101.1,361.62,4206,1520973.72,42.2917,11.085268,79.8047,1147.7163,4937.903,694.4416,54.2678,149.4013,543.3876,1224.5,8537673.0,0.17814850955289574
TV Manufacturing & Supplier Unit,2016-04-29,7335,102.3,102.7,101.1,361.62,4176,1510125.12,38.9348,10.688346,72.2086,1090.9399,2590.9,646.6664,61.0317,108.051,280.2315,885.5909,8537673.0,0.17687783544766825
TV Manufacturing & Supplier Unit,2016-04-30,6638,102.3,102.7,101.1,361.62,5234,1892719.08,44.3651,10.86308,79.3506,1129.2857,1628.172,606.9556,0.0,163.1774,580.3669,1337.4091,8537673.0,0.22169027555869147
TV Manufacturing & Supplier Unit,2016-05-01,7282,102.3,102.7,101.1,361.62,4446,1607762.52,38.7023,10.894057,79.2653,1151.4504,3563.992,715.7929,60.3637,115.3161,249.0141,945.1364,8537673.0,0.18831390239471577
TV Manufacturing & Supplier Unit,2016-05-02,6834,102.3,102.7,101.1,361.62,4346,1571600.52,46.6838,11.338144,81.9201,1179.433,0.0,323.3644,0.0,113.4305,240.695,929.6818,8537673.0,0.1840783220439574
TV Manufacturing & Supplier Unit,2016-05-03,7541,102.3,102.7,101.1,361.62,4216,1524589.92,41.5698,10.810839,78.3685,1107.2965,2360.512,78.5261,15.024,123.818,311.9083,1014.8182,8537673.0,0.17857206758797156
TV Manufacturing & Supplier Unit,2016-05-04,7830,102.3,102.7,101.1,361.62,4505,1629098.1,42.8271,11.439653,77.9089,1161.9393,2675.608,132.1241,15.1587,168.141,304.1815,1378.0909,8537673.0,0.1908128948016632
TV Manufacturing & Supplier Unit,2016-05-05,8642,102.3,102.7,101.1,361.62,5661,2047130.82,37.9167,11.885714,62.9688,1251.25,2705.771,85.0218,20.9779,178.9666,381.9316,1466.8182,8537673.0,0.23977620365642957
TV Manufacturing & Supplier Unit,2016-05-06,7739,102.3,102.7,101.1,361.62,6305,2280014.1,38.9348,10.688346,79.3506,1090.9399,4268.157,42.8481,36.3533,131.8041,378.6272,1080.2727,8537673.0,0.26705334111531326
TV Manufacturing & Supplier Unit,2016-05-07,7778,102.3,102.7,101.1,361.62,5226,1889826.12,41.5698,10.810839,78.3685,1107.2965,2360.512,78.5261,15.024,123.818,311.9083,1014.8182,8537673.0,0.2213514291306308
TV Manufacturing & Supplier Unit,2016-05-08,7632,102.3,102.7,101.1,361.62,5134,1856557.08,42.8271,11.439653,77.9089,1161.9393,2675.608,132.1241,15.1587,168.141,304.1815,1378.0909,8537673.0,0.21745469520793312
TV Manufacturing & Supplier Unit,2016-05-09,6814,102.3,102.7,101.1,361.62,4279,1547371.98,37.9167,11.885714,62.9688,1251.25,2705.771,85.0218,20.9779,178.9666,381.9316,1466.8182,8537673.0,0.1812404832089493
TV Manufacturing & Supplier Unit,2016-05-10,6701,102.3,102.7,101.1,361.62,5212,1884763.44,38.7023,10.688346,79.3506,1090.9399,4268.157,42.8481,36.3533,131.8041,378.6272,1080.2727,8537673.0,0.22075844788152463
TV Manufacturing & Supplier Unit,2016-05-11,8936,102.3,102.7,101.1,361.62,5245,1896696.9,77.4819,14.104193,112.337,1479.4565,722.571,95.333,11.8398,91.0,276.3636,756.5909,8537673.0,0.22215618939727486
TV Manufacturing & Supplier Unit,2016-05-12,9393,102.3,102.7,101.1,361.62,6280,2270973.6,73.4783,13.298758,105.7133,1369.8913,717.857,114.957,27.8039,111.9091,291.3182,860.1364,8537673.0,0.2659944460276237
TV Manufacturing & Supplier Unit,2016-05-13,9602,102.3,102.7,101.1,361.62,6240,2256508.8,80.6093,13.200691,108.7702,1428.0645,653.333,113.09,0.0,94.6364,282.7273,751.9545,8537673.0,0.26430021388732033
TV Manufacturing & Supplier Unit,2016-05-14,6207,102.3,102.7,101.1,361.62,6482,2344020.84,65.9319,12.721429,93.3065,1309.3548,622.095,72.442,0.0,98.5909,306.3182,749.4545,8537673.0,0.2745503183361555
TV Manufacturing & Supplier Unit,2016-05-15,6717,102.3,102.7,101.1,361.62,7542,2727338.04,77.4819,14.104193,112.337,1479.4565,722.571,95.333,11.8398,91.0,276.3636,756.5909,8537673.0,0.31944747005419394
TV Manufacturing & Supplier Unit,2016-05-16,7512,102.3,102.7,101.1,361.62,5759,2082569.58,73.4783,13.298758,105.7133,1369.8913,717.857,114.957,27.8039,111.9091,291.3182,860.1364,8537673.0,0.24392707240017275
TV Manufacturing & Supplier Unit,2016-05-17,7264,102.3,102.7,101.1,361.62,6841,2473842.42,80.6093,13.200691,108.7702,1428.0645,653.333,113.09,0.0,94.6364,282.7273,751.9545,8537673.0,0.28975605179537794
TV Manufacturing & Supplier Unit,2016-05-18,7327,102.3,102.7,101.1,361.62,6456,2334618.72,65.9319,12.721429,93.3065,1309.3548,622.095,72.442,0.0,98.5909,306.3182,749.4545,8537673.0,0.2734490674449584
TV Manufacturing & Supplier Unit,2016-05-19,6820,102.3,102.7,101.1,361.62,5453,1971913.86,89.7283,13.792314,117.6359,1417.0109,624.238,87.649,0.0,105.0455,306.4545,754.2727,8537673.0,0.23096619652685224
TV Manufacturing & Supplier Unit,2016-05-20,6338,102.3,102.7,101.1,361.62,4484,1621504.08,68.8095,12.581633,91.6071,1334.3407,611.714,38.235,0.0,108.0,305.9545,776.6364,8537673.0,0.18992342292800393
TV Manufacturing & Supplier Unit,2016-05-21,5567,102.3,102.7,101.1,361.62,4266,1542670.92,80.1434,13.419355,101.6935,1390.6452,627.238,92.486,6.9945,112.9545,304.8636,867.1818,8537673.0,0.18068985776335073
TV Manufacturing & Supplier Unit,2016-05-22,5143,102.3,102.7,101.1,361.62,4206,1520973.72,84.3369,13.476267,105.8871,1442.5806,613.143,206.96,69.9877,115.3636,298.5455,905.4091,8537673.0,0.17814850955289574
TV Manufacturing & Supplier Unit,2016-05-23,5828,102.3,102.7,101.1,361.62,4176,1510125.12,75.4189,13.207026,104.5594,1417.1311,615.857,83.632,49.589,171.5,309.6818,880.5909,8537673.0,0.17687783544766825
TV Manufacturing & Supplier Unit,2016-05-24,5585,102.3,102.7,101.1,361.62,5234,1892719.08,70.7921,12.964604,97.6207,1357.7228,688.667,118.126,46.3774,123.8182,273.7727,791.7727,8537673.0,0.22169027555869147
TV Manufacturing & Supplier Unit,2016-05-25,5988,102.3,102.7,101.1,361.62,4446,1607762.52,68.9912,13.25047,102.4712,1378.4211,636.667,125.388,47.8766,111.2727,275.6818,867.7273,8537673.0,0.18831390239471577
TV Manufacturing & Supplier Unit,2016-05-26,5113,102.3,102.7,101.1,361.62,4346,1571600.52,69.6637,13.080365,102.3094,1393.8565,610.286,86.23,34.2365,117.6818,280.8182,840.1364,8537673.0,0.1840783220439574
TV Manufacturing & Supplier Unit,2016-05-27,5763,102.3,102.7,101.1,361.62,4216,1524589.92,66.0726,13.407284,95.4486,1428.7871,622.095,95.229,60.6667,100.9091,284.9545,796.5909,8537673.0,0.17857206758797156
TV Manufacturing & Supplier Unit,2016-05-28,5178,102.3,102.7,101.1,361.62,4505,1629098.1,74.1848,13.345691,103.0639,1399.9728,602.0,158.382,18.7505,112.2727,281.6818,914.9091,8537673.0,0.1908128948016632
TV Manufacturing & Supplier Unit,2016-05-29,5716,102.3,102.7,103.3,361.62,5661,2047130.82,63.5185,13.116667,97.2917,1400.1282,5072.619,48.039,19.0108,116.8182,265.9091,1379.4091,8537673.0,0.23977620365642957
TV Manufacturing & Supplier Unit,2016-05-30,5679,102.3,102.7,103.3,361.62,6305,2280014.1,68.8107,13.319634,96.5201,1397.7889,5413.095,221.528,0.0,118.6364,279.1818,904.5,8537673.0,0.26705334111531326
TV Manufacturing & Supplier Unit,2016-05-31,5752,102.3,102.7,103.3,361.62,5226,1889826.12,73.7652,13.23974,97.5,1390.8409,5230.286,208.569,30.429,103.9545,276.2727,828.0455,8537673.0,0.2213514291306308
TV Manufacturing & Supplier Unit,2016-06-01,5179,102.3,102.7,103.3,361.62,5134,1856557.08,72.1859,13.440022,97.255,1411.5829,2421.429,136.737,31.5863,109.3182,283.2727,953.0455,8537673.0,0.21745469520793312
TV Manufacturing & Supplier Unit,2016-06-02,5358,102.3,102.7,103.3,361.62,4279,1547371.98,66.0888,13.228643,97.6225,1406.0804,2126.714,151.538,43.0027,119.2727,299.3636,945.0,8537673.0,0.1812404832089493
TV Manufacturing & Supplier Unit,2016-06-03,6051,102.3,102.7,103.3,361.62,5212,1884763.44,74.5333,12.9675,98.9625,1358.775,6354.571,5.659,43.1783,106.9545,286.7273,896.5,8537673.0,0.22075844788152463
TV Manufacturing & Supplier Unit,2016-06-04,6027,102.3,102.7,103.3,361.62,5245,1896696.9,82.3549,13.487846,108.8993,1441.5672,3272.952,173.248,11.7112,138.3182,317.8182,1253.8636,8537673.0,0.22215618939727486
TV Manufacturing & Supplier Unit,2016-06-05,5027,102.3,102.7,103.3,361.62,6280,2270973.6,73.0167,13.521857,100.9125,1417.05,2568.714,200.366,11.8272,120.9545,254.0909,912.6818,8537673.0,0.2659944460276237
TV Manufacturing & Supplier Unit,2016-06-06,6128,102.3,102.7,103.3,361.62,6240,2256508.8,80.2514,13.530168,101.449,1417.1229,4164.429,100.809,0.0,139.4545,273.4545,1060.3182,8537673.0,0.26430021388732033
TV Manufacturing & Supplier Unit,2016-06-07,5627,102.3,102.7,103.3,361.62,6482,2344020.84,74.2157,13.368908,102.5735,1438.0995,3379.333,32.421,50.8308,116.9091,254.0,913.5909,8537673.0,0.2745503183361555
TV Manufacturing & Supplier Unit,2016-06-08,6245,102.3,102.7,103.3,361.62,7542,2727338.04,81.9,13.955036,112.8563,1451.775,3155.143,52.031,144.9951,87.1364,241.4545,799.1818,8537673.0,0.31944747005419394
TV Manufacturing & Supplier Unit,2016-06-09,6072,102.3,102.7,103.3,361.62,5759,2082569.58,70.4439,13.584207,102.6445,1436.1558,252.905,172.967,95.636,79.3636,221.9545,853.5909,8537673.0,0.24392707240017275
TV Manufacturing & Supplier Unit,2016-06-10,6809,102.3,102.7,103.3,361.62,6841,2473842.42,70.8209,13.662473,99.8041,1446.791,2981.048,189.24,11.8084,93.0909,240.1364,881.7273,8537673.0,0.28975605179537794
TV Manufacturing & Supplier Unit,2016-06-11,6386,102.3,102.7,103.3,361.62,6456,2334618.72,76.9832,13.57063,103.6278,1462.2905,3706.667,206.839,3.8765,97.9545,244.3636,971.9091,8537673.0,0.2734490674449584
TV Manufacturing & Supplier Unit,2016-06-12,5578,102.3,102.7,103.3,361.62,5453,1971913.86,75.0382,13.75095,103.3142,1438.6927,2226.429,132.829,0.0,94.3182,230.0455,868.1818,8537673.0,0.23096619652685224
TV Manufacturing & Supplier Unit,2016-06-13,6057,102.3,102.7,103.3,361.62,5134,1856557.08,86.2007,13.771313,118.4677,1477.8226,4038.81,194.316,34.6945,77.8182,197.1818,821.3636,8537673.0,0.21745469520793312
TV Manufacturing & Supplier Unit,2016-06-14,6493,102.3,102.7,103.3,361.62,4279,1547371.98,71.3785,13.186582,98.639,1387.5,3323.762,140.09,35.5475,66.8636,191.1818,770.9091,8537673.0,0.1812404832089493
TV Manufacturing & Supplier Unit,2016-06-15,6622,102.3,102.7,103.3,361.62,5212,1884763.44,70.1412,13.363559,98.464,1424.4915,4422.667,149.738,15.863,66.9545,194.4545,697.6364,8537673.0,0.22075844788152463
TV Manufacturing & Supplier Unit,2016-06-16,6103,102.3,102.7,103.3,361.62,5245,1896696.9,70.0298,13.411224,104.3555,1417.0982,3892.381,99.954,15.817,98.1364,253.5455,928.5455,8537673.0,0.22215618939727486
TV Manufacturing & Supplier Unit,2016-06-17,6892,102.3,102.7,103.3,361.62,6280,2270973.6,70.7417,13.195929,98.9625,1400.175,1885.191,117.032,0.0,95.9091,254.0455,843.4091,8537673.0,0.2659944460276237
TV Manufacturing & Supplier Unit,2016-06-18,6401,102.3,102.7,103.3,361.62,6240,2256508.8,75.7181,13.641109,98.5372,1401.3032,1953.81,121.125,35.811,89.0909,245.5,767.3182,8537673.0,0.26430021388732033
TV Manufacturing & Supplier Unit,2016-06-19,6681,102.3,102.7,103.3,361.62,6482,2344020.84,62.6861,12.822399,84.1292,1339.8058,1791.191,189.038,0.0,94.4091,247.6364,802.2273,8537673.0,0.2745503183361555
TV Manufacturing & Supplier Unit,2016-06-20,6714,102.3,102.7,103.3,361.62,7542,2727338.04,72.1521,13.686512,97.145,1434.9029,3074.667,196.773,0.0,92.0455,291.5909,785.5909,8537673.0,0.31944747005419394
TV Manufacturing & Supplier Unit,2016-06-21,6816,102.3,102.7,103.3,361.62,5759,2082569.58,72.9083,13.361679,102.375,1442.025,3117.048,160.32,0.0,135.0455,249.3182,846.5,8537673.0,0.24392707240017275
TV Manufacturing & Supplier Unit,2016-06-22,6756,102.3,102.7,103.3,361.62,6841,2473842.42,71.8265,13.682436,98.0009,1460.4452,2023.524,147.936,40.3932,92.5,221.1818,790.3636,8537673.0,0.28975605179537794
TV Manufacturing & Supplier Unit,2016-06-23,6009,102.3,102.7,103.3,361.62,6456,2334618.72,70.9562,13.756545,98.7625,1454.8207,3395.667,262.807,0.0,96.9091,252.4091,898.4545,8537673.0,0.2734490674449584
TV Manufacturing & Supplier Unit,2016-06-24,6740,102.3,102.7,103.3,361.62,5453,1971913.86,59.2809,13.217295,84.632,1392.1066,2921.333,311.592,30.3757,106.1818,254.9091,1144.5455,8537673.0,0.23096619652685224
TV Manufacturing & Supplier Unit,2016-06-25,6985,102.3,102.7,103.3,361.62,5134,1856557.08,64.7032,13.211155,92.6027,1397.2603,2825.095,455.428,46.9608,126.0455,269.3182,1115.2727,8537673.0,0.21745469520793312
TV Manufacturing & Supplier Unit,2016-06-26,6935,102.3,102.7,103.3,361.62,4279,1547371.98,68.4878,13.715226,90.128,1433.561,5082.667,467.509,93.5075,114.2273,324.5909,1271.5455,8537673.0,0.1812404832089493
TV Manufacturing & Supplier Unit,2016-06-27,6984,102.3,102.7,103.3,361.62,5212,1884763.44,63.4742,13.85664,89.0317,1441.4789,4011.714,402.614,0.0,118.0455,281.5455,971.7273,8537673.0,0.22075844788152463
TV Manufacturing & Supplier Unit,2016-06-28,5874,102.3,102.7,103.3,361.62,5245,1896696.9,61.0278,13.6175,90.3229,1411.8333,2666.857,435.346,105.1623,118.5909,261.4545,893.6818,8537673.0,0.22215618939727486
TV Manufacturing & Supplier Unit,2016-06-29,5953,102.3,102.7,103.3,361.62,6280,2270973.6,56.0507,12.873331,75.9069,1322.6087,1675.905,408.612,0.0,175.5455,275.6364,3826.6818,8537673.0,0.2659944460276237
TV Manufacturing & Supplier Unit,2016-06-30,6005,102.3,102.7,103.3,361.62,6240,2256508.8,62.4074,13.102381,85.1042,1365.0,3668.476,481.883,104.0112,167.9545,241.7273,2170.1818,8537673.0,0.26430021388732033
TV Manufacturing & Supplier Unit,2016-07-01,5957,102.3,102.7,103.3,361.62,6482,2344020.84,58.3943,12.994338,80.5564,1387.4085,0.0,217.694,0.0,95.0,216.7273,969.1818,8537673.0,0.2745503183361555
TV Manufacturing & Supplier Unit,2016-07-02,7110,102.3,102.7,103.3,361.62,6542,2365718.04,47.5541,12.722032,73.125,1333.3442,2429.714,52.865,25.8875,111.0909,234.9545,1835.1818,8537673.0,0.27709166654661055
TV Manufacturing & Supplier Unit,2016-07-03,5744,102.3,102.7,103.3,361.62,5759,2082569.58,59.8805,13.436076,80.3244,1381.6456,2754.048,88.948,26.1196,115.1818,242.5909,1697.8636,8537673.0,0.24392707240017275
TV Manufacturing & Supplier Unit,2016-07-04,7071,102.3,102.7,103.3,361.62,6841,2473842.42,61.2679,13.43674,77.7901,1413.0861,2785.095,57.238,36.1466,141.6818,237.7727,1549.3636,8537673.0,0.28975605179537794
TV Manufacturing & Supplier Unit,2016-07-05,6031,102.3,102.7,103.3,361.62,6456,2334618.72,71.0122,13.404974,84.7382,1402.9319,4393.286,28.846,62.6395,108.2273,248.8182,1114.8636,8537673.0,0.2734490674449584
TV Manufacturing & Supplier Unit,2016-07-06,6110,102.3,102.7,103.3,361.62,5453,1971913.86,60.1852,13.030952,83.9583,1380.0,3948.333,621.432,20.7815,108.3182,276.7273,1028.1364,8537673.0,0.23096619652685224
TV Manufacturing & Supplier Unit,2016-07-07,6374,102.3,102.7,103.3,361.62,5134,1856557.08,67.0833,13.468929,85.2188,1415.7115,5381.381,1040.787,51.0694,119.9545,276.2727,941.4545,8537673.0,0.21745469520793312
TV Manufacturing & Supplier Unit,2016-07-08,5571,102.3,102.7,103.3,361.62,4279,1547371.98,60.6469,13.100489,78.3562,1368.8356,4420.81,854.31,0.0,89.8636,226.3636,896.9545,8537673.0,0.1812404832089493
TV Manufacturing & Supplier Unit,2016-07-09,5531,102.3,102.7,103.3,361.62,5212,1884763.44,58.1144,13.07043,80.045,1371.6737,4524.381,587.16,0.0,99.0,220.6818,1072.0455,8537673.0,0.22075844788152463
TV Manufacturing & Supplier Unit,2016-07-10,5155,102.3,102.7,103.3,361.62,5245,1896696.9,57.3207,13.081103,83.5127,1380.6962,3647.762,522.584,0.0,108.6364,278.2273,928.5909,8537673.0,0.22215618939727486
TV Manufacturing & Supplier Unit,2016-07-11,6000,102.3,102.7,103.3,361.62,5628,2035197.36,60.7032,13.50425,77.856,1385.1266,3238.143,900.812,47.174,157.2727,258.3636,1084.3636,8537673.0,0.23837846214067931
TV Manufacturing & Supplier Unit,2016-07-12,6340,102.3,102.7,103.3,361.62,4624,1672130.88,59.1749,13.853677,75.5225,1437.6393,4245.857,818.376,0.0,104.3636,233.6818,807.0909,8537673.0,0.19585323541906557
TV Manufacturing & Supplier Unit,2016-07-13,6402,102.3,102.7,103.3,361.62,6488,2346190.56,65.1245,13.325,78.0981,1381.7672,3604.0,1100.992,46.782,109.6364,226.5909,889.8636,8537673.0,0.27480445315720103
TV Manufacturing & Supplier Unit,2016-07-14,7312,102.3,102.7,103.3,361.62,7754,2804001.48,60.6667,13.488857,76.725,1399.6615,4168.952,272.036,0.0,93.9545,222.7727,805.9091,8537673.0,0.3284269003978016
TV Manufacturing & Supplier Unit,2016-07-15,5369,102.3,102.7,103.3,361.62,5075,1835221.5,59.1026,13.206593,78.6058,1369.3491,3984.429,817.581,31.3919,81.9091,225.1818,816.2727,8537673.0,0.2149557028009857
TV Manufacturing & Supplier Unit,2016-07-16,6231,102.3,102.7,103.3,361.62,6684,2417068.08,61.1351,12.775135,76.2872,1341.7297,3943.524,1288.844,31.1817,98.6818,224.5455,855.8636,8537673.0,0.2831061906446874
TV Manufacturing & Supplier Unit,2016-07-17,6796,102.3,102.7,103.3,361.62,6456,2334618.72,53.7865,12.940132,74.9424,1323.5526,5732.0,540.757,31.5487,111.0455,232.8636,791.3636,8537673.0,0.2734490674449584
TV Manufacturing & Supplier Unit,2016-07-18,5783,102.3,102.7,103.3,361.62,5545,2005182.9,71.5344,13.742857,90.9226,1448.9683,4794.048,1244.833,31.3605,93.0455,200.0,889.3636,8537673.0,0.2348629304495499
TV Manufacturing & Supplier Unit,2016-07-19,6364,102.3,102.7,103.3,361.62,5434,1965043.08,64.2846,13.314926,83.8178,1382.5472,4364.333,1758.402,0.0,133.5,244.9091,1398.6364,8537673.0,0.23016143626020816
TV Manufacturing & Supplier Unit,2016-07-20,5775,102.3,102.7,103.3,361.62,5127,1854025.74,65.7941,12.818661,84.1001,1347.2513,4294.238,1030.257,0.0,86.7727,258.7727,755.4545,8537673.0,0.21715820458338003
TV Manufacturing & Supplier Unit,2016-07-21,6700,102.3,102.7,103.3,361.62,5202,1881147.24,62.4,13.546531,82.5964,1416.1714,3653.238,1418.209,33.6281,121.1818,305.2727,1097.0455,8537673.0,0.22033488984644878
TV Manufacturing & Supplier Unit,2016-07-22,6140,102.3,102.7,103.3,361.62,6245,2258316.9,53.7727,12.961169,74.8977,1344.9545,3609.905,715.315,0.0,94.1364,235.6818,781.4545,8537673.0,0.2645119929048583
TV Manufacturing & Supplier Unit,2016-07-23,6842,102.3,102.7,103.3,361.62,6280,2270973.6,52.8214,13.362325,71.2132,1351.5686,4121.333,917.361,0.0,107.1364,281.2727,977.0,8537673.0,0.2659944460276237
TV Manufacturing & Supplier Unit,2016-07-24,7645,102.3,102.7,103.3,361.62,7240,2618128.8,57.7518,12.776208,78.5612,1324.1547,4237.095,1791.183,0.0,95.8636,234.8182,1045.8636,8537673.0,0.3066560173949037
TV Manufacturing & Supplier Unit,2016-07-25,6951,102.3,102.7,103.3,361.62,6482,2344020.84,51.1271,11.920452,72.7743,1257.518,5421.762,1438.156,0.0,98.8636,239.5455,1194.5909,8537673.0,0.2745503183361555
TV Manufacturing & Supplier Unit,2016-07-26,7668,102.3,102.7,103.3,361.62,7542,2727338.04,52.1501,12.719017,71.1201,1302.2078,3889.762,1296.546,66.0518,84.0455,229.9545,1077.9545,8537673.0,0.31944747005419394
TV Manufacturing & Supplier Unit,2016-07-27,8565,102.3,102.7,103.3,361.62,5759,2082569.58,51.7909,12.351222,75.2632,1311.1184,0.0,1606.041,31.3291,106.0455,229.2727,1248.6364,8537673.0,0.24392707240017275
TV Manufacturing & Supplier Unit,2016-07-28,7733,102.3,102.7,103.3,361.62,6841,2473842.42,48.2576,12.586364,67.7699,1285.6818,4385.238,733.219,31.442,163.0,220.1364,863.9091,8537673.0,0.28975605179537794
TV Manufacturing & Supplier Unit,2016-07-29,7926,102.3,102.7,103.3,361.62,6456,2334618.72,66.1017,13.261653,90.58,1389.4068,4190.619,559.335,98.8613,97.1364,231.2273,931.4545,8537673.0,0.2734490674449584
TV Manufacturing & Supplier Unit,2016-07-30,7236,102.3,102.7,103.3,361.62,6453,2333533.86,59.9742,13.437482,83.5535,1403.4278,4585.81,594.017,81.0844,227.4091,348.1818,5330.5909,8537673.0,0.2733220000344356
TV Manufacturing & Supplier Unit,2016-07-31,8113,102.3,102.7,103.3,361.62,6134,2218177.08,55.2248,13.235382,74.939,1407.8372,4315.667,1528.002,60.6353,217.6364,246.2273,1589.4545,8537673.0,0.25981049871551654
TV Manufacturing & Supplier Unit,2016-08-01,6600,102.3,102.7,103.3,361.62,6279,2270611.98,41.9396,10.782832,72.2697,1124.5614,3302.667,1456.185,20.4679,906.7727,254.8182,1904.4545,8537673.0,0.2659520902241161
TV Manufacturing & Supplier Unit,2016-08-02,7400,102.3,102.7,103.3,361.62,7212,2608003.44,41.6303,10.945789,77.2762,1151.9869,4852.238,1309.68,5.8744,1169.4091,272.7273,2055.2727,8537673.0,0.3054700548966914
TV Manufacturing & Supplier Unit,2016-08-03,7335,102.3,102.7,103.3,361.62,6245,2258316.9,41.6467,10.320488,74.1467,1067.1557,4218.524,1074.439,118.4667,124.0,243.8182,1194.0455,8537673.0,0.2645119929048583
TV Manufacturing & Supplier Unit,2016-08-04,6638,102.3,102.7,103.3,361.62,6280,2270973.6,43.8592,10.441019,82.8277,1122.3786,3900.429,1201.36,33.12,84.6818,223.3182,859.0909,8537673.0,0.2659944460276237
TV Manufacturing & Supplier Unit,2016-08-05,7282,102.3,102.7,103.3,361.62,7240,2618128.8,48.425,11.099679,92.7469,1155.225,4992.524,1321.858,64.7,76.0,199.4545,920.6818,8537673.0,0.3066560173949037
TV Manufacturing & Supplier Unit,2016-08-06,6834,102.3,102.7,103.3,361.62,7182,2597154.84,41.2437,10.780856,74.2386,1114.6447,4108.857,1051.006,85.2464,87.1364,403.7727,1091.8182,8537673.0,0.3041993807914639
TV Manufacturing & Supplier Unit,2016-08-07,7541,102.3,102.7,103.3,361.62,6942,2510366.04,38.057,10.027128,75.1457,1070.1295,3149.857,935.436,7.3203,110.7727,268.5455,1095.4091,8537673.0,0.2940339879496439
TV Manufacturing & Supplier Unit,2016-08-08,7830,102.3,102.7,103.3,361.62,7759,2805809.58,38.1959,10.518225,79.5329,1105.0515,3783.0,1674.99,35.0395,96.7273,225.7727,861.1364,8537673.0,0.32863867941533953
TV Manufacturing & Supplier Unit,2016-08-09,8642,102.3,102.7,103.3,361.62,7841,2835462.42,40.6498,10.727556,81.7345,1115.9174,3883.095,1066.52,0.0,131.6818,210.3182,849.5455,8537673.0,0.33211185530296133
TV Manufacturing & Supplier Unit,2016-08-10,7739,102.3,102.7,103.3,361.62,7156,2587752.72,41.3988,10.489955,73.4515,1080.4018,3695.714,1119.701,70.3706,152.5,214.1818,950.0909,8537673.0,0.30309812990026674
TV Manufacturing & Supplier Unit,2016-08-11,6778,102.3,102.7,103.3,361.62,6453,2333533.86,48.3967,11.065644,83.9878,1155.6522,4390.143,1153.756,101.5147,95.1364,226.2273,852.8182,8537673.0,0.2733220000344356
TV Manufacturing & Supplier Unit,2016-08-12,6632,102.3,102.7,103.3,361.62,6134,2218177.08,42.5309,10.512018,77.8968,1084.3651,4997.381,1430.851,101.9914,106.3182,282.0,901.0,8537673.0,0.25981049871551654
TV Manufacturing & Supplier Unit,2016-08-13,6814,102.3,102.7,103.3,361.62,6279,2270611.98,44.4388,10.814541,81.4573,1140.6888,4414.286,996.813,33.7128,92.0455,246.8182,962.8182,8537673.0,0.2659520902241161
TV Manufacturing & Supplier Unit,2016-08-14,6701,102.3,102.7,103.3,361.62,6212,2246383.44,42.6279,11.224485,79.3605,1176.2093,3298.952,390.3756,0.0,891.5664,1540.4294,7307.3182,8537673.0,0.263114251389108
TV Manufacturing & Supplier Unit,2016-08-15,8936,102.3,102.7,103.3,361.62,5245,1896696.9,49.221,10.995497,86.8139,1151.5217,2838.129,462.8413,17.6288,173.3708,394.712,1420.9545,8537673.0,0.22215618939727486
TV Manufacturing & Supplier Unit,2016-08-16,7393,102.3,102.7,103.3,361.62,6280,2270973.6,46.2566,11.370578,84.5387,1162.7381,2744.632,676.4964,27.254,165.5566,493.4066,1356.9091,8537673.0,0.2659944460276237
TV Manufacturing & Supplier Unit,2016-08-17,8602,102.3,102.7,103.3,361.62,6240,2256508.8,42.2917,11.085268,79.8047,1147.7163,4937.903,694.4416,54.2678,149.4013,543.3876,1224.5,8537673.0,0.26430021388732033
TV Manufacturing & Supplier Unit,2016-08-18,7207,102.3,102.7,103.3,361.62,6482,2344020.84,38.9348,10.688346,72.2086,1090.9399,2590.9,646.6664,61.0317,108.051,280.2315,885.5909,8537673.0,0.2745503183361555
TV Manufacturing & Supplier Unit,2016-08-19,8717,102.3,102.7,103.3,361.62,7542,2727338.04,44.3651,10.86308,79.3506,1129.2857,1628.172,606.9556,0.0,163.1774,580.3669,1337.4091,8537673.0,0.31944747005419394
TV Manufacturing & Supplier Unit,2016-08-20,8512,102.3,102.7,103.3,361.62,5759,2082569.58,38.7023,10.894057,79.2653,1151.4504,3563.992,715.7929,60.3637,115.3161,249.0141,945.1364,8537673.0,0.24392707240017275
TV Manufacturing & Supplier Unit,2016-08-21,8264,102.3,102.7,103.3,361.62,6841,2473842.42,46.6838,11.338144,81.9201,1179.433,0.0,323.3644,0.0,113.4305,240.695,929.6818,8537673.0,0.28975605179537794
TV Manufacturing & Supplier Unit,2016-08-22,8327,102.3,102.7,103.3,361.62,6456,2334618.72,41.5698,10.810839,78.3685,1107.2965,2360.512,78.5261,15.024,123.818,311.9083,1014.8182,8537673.0,0.2734490674449584
TV Manufacturing & Supplier Unit,2016-08-23,7820,102.3,102.7,103.3,361.62,5453,1971913.86,42.8271,11.439653,77.9089,1161.9393,2675.608,132.1241,15.1587,168.141,304.1815,1378.0909,8537673.0,0.23096619652685224
TV Manufacturing & Supplier Unit,2016-08-24,8338,102.3,102.7,103.3,361.62,6240,2256508.8,37.9167,11.885714,62.9688,1251.25,2705.771,85.0218,20.9779,178.9666,381.9316,1466.8182,8537673.0,0.26430021388732033
TV Manufacturing & Supplier Unit,2016-08-25,8567,102.3,102.7,103.3,361.62,6266,2265910.92,38.9348,10.688346,79.3506,1090.9399,4268.157,42.8481,36.3533,131.8041,378.6272,1080.2727,8537673.0,0.2654014647785175
TV Manufacturing & Supplier Unit,2016-08-26,8143,102.3,102.7,103.3,361.62,6206,2244213.72,41.5698,10.810839,78.3685,1107.2965,2360.512,78.5261,15.024,123.818,311.9083,1014.8182,8537673.0,0.2628601165680625
TV Manufacturing & Supplier Unit,2016-08-27,7828,102.3,102.7,103.3,361.62,6176,2233365.12,42.8271,11.439653,77.9089,1161.9393,2675.608,132.1241,15.1587,168.141,304.1815,1378.0909,8537673.0,0.26158944246283505
TV Manufacturing & Supplier Unit,2016-08-28,6585,102.3,102.7,103.3,361.62,6234,2254339.08,37.9167,11.885714,62.9688,1251.25,2705.771,85.0218,20.9779,178.9666,381.9316,1466.8182,8537673.0,0.26404607906627486
TV Manufacturing & Supplier Unit,2016-08-29,6988,102.3,102.7,103.3,361.62,6446,2331002.52,38.7023,10.688346,79.3506,1090.9399,4268.157,42.8481,36.3533,131.8041,378.6272,1080.2727,8537673.0,0.2730255094098825
TV Manufacturing & Supplier Unit,2016-08-30,8113,102.3,102.7,103.3,361.62,6346,2294840.52,77.4819,14.104193,112.337,1479.4565,722.571,95.333,11.8398,91.0,276.3636,756.5909,8537673.0,0.2687899290591242
TV Manufacturing & Supplier Unit,2016-08-31,8763,102.1,102.7,103.3,361.62,6216,2247829.92,73.4783,13.298758,105.7133,1369.8913,717.857,114.957,27.8039,111.9091,291.3182,860.1364,8537673.0,0.26328367460313834
TV Manufacturing & Supplier Unit,2016-09-01,8517,102.1,102.7,103.3,361.62,6505,2352338.1,80.6093,13.200691,108.7702,1428.0645,653.333,113.09,0.0,94.6364,282.7273,751.9545,8537673.0,0.27552450181682997
TV Manufacturing & Supplier Unit,2016-09-02,8716,102.1,102.7,103.3,361.62,6661,2408750.82,65.9319,12.721429,93.3065,1309.3548,622.095,72.442,0.0,98.5909,306.3182,749.4545,8537673.0,0.28213200716401293
TV Manufacturing & Supplier Unit,2016-09-03,7679,102.1,102.7,103.3,361.62,6305,2280014.1,77.4819,14.104193,112.337,1479.4565,722.571,95.333,11.8398,91.0,276.3636,756.5909,8537673.0,0.26705334111531326
TV Manufacturing & Supplier Unit,2016-09-04,7752,102.1,102.7,103.3,361.62,7226,2613066.12,73.4783,13.298758,105.7133,1369.8913,717.857,114.957,27.8039,111.9091,291.3182,860.1364,8537673.0,0.3060630361457976
TV Manufacturing & Supplier Unit,2016-09-05,7179,102.1,102.7,103.3,361.62,6134,2218177.08,80.6093,13.200691,108.7702,1428.0645,653.333,113.09,0.0,94.6364,282.7273,751.9545,8537673.0,0.25981049871551654
TV Manufacturing & Supplier Unit,2016-09-06,7358,102.1,102.7,103.3,361.62,6279,2270611.98,65.9319,12.721429,93.3065,1309.3548,622.095,72.442,0.0,98.5909,306.3182,749.4545,8537673.0,0.2659520902241161
TV Manufacturing & Supplier Unit,2016-09-07,7051,102.1,102.7,103.3,361.62,6212,2246383.44,89.7283,13.792314,117.6359,1417.0109,624.238,87.649,0.0,105.0455,306.4545,754.2727,8537673.0,0.263114251389108
TV Manufacturing & Supplier Unit,2016-09-08,8027,102.1,102.7,103.3,361.62,6245,2258316.9,68.8095,12.581633,91.6071,1334.3407,611.714,38.235,0.0,108.0,305.9545,776.6364,8537673.0,0.2645119929048583
TV Manufacturing & Supplier Unit,2016-09-09,8027,102.1,102.7,103.3,361.62,7280,2632593.6,80.1434,13.419355,101.6935,1390.6452,627.238,92.486,6.9945,112.9545,304.8636,867.1818,8537673.0,0.30835024953520707
TV Manufacturing & Supplier Unit,2016-09-10,7328,102.1,102.7,103.3,361.62,6240,2256508.8,84.3369,13.476267,105.8871,1442.5806,613.143,206.96,69.9877,115.3636,298.5455,905.4091,8537673.0,0.26430021388732033
TV Manufacturing & Supplier Unit,2016-09-11,7627,102.1,102.7,103.3,361.62,6482,2344020.84,75.4189,13.207026,104.5594,1417.1311,615.857,83.632,49.589,171.5,309.6818,880.5909,8537673.0,0.2745503183361555
TV Manufacturing & Supplier Unit,2016-09-12,7245,102.1,102.7,103.3,361.62,7542,2727338.04,70.7921,12.964604,97.6207,1357.7228,688.667,118.126,46.3774,123.8182,273.7727,791.7727,8537673.0,0.31944747005419394
TV Manufacturing & Supplier Unit,2016-09-13,7072,102.1,102.7,103.3,361.62,5759,2082569.58,68.9912,13.25047,102.4712,1378.4211,636.667,125.388,47.8766,111.2727,275.6818,867.7273,8537673.0,0.24392707240017275
TV Manufacturing & Supplier Unit,2016-09-14,7809,102.1,102.7,103.3,361.62,6841,2473842.42,69.6637,13.080365,102.3094,1393.8565,610.286,86.23,34.2365,117.6818,280.8182,840.1364,8537673.0,0.28975605179537794
TV Manufacturing & Supplier Unit,2016-09-15,7386,102.1,102.7,103.3,361.62,6456,2334618.72,66.0726,13.407284,95.4486,1428.7871,622.095,95.229,60.6667,100.9091,284.9545,796.5909,8537673.0,0.2734490674449584
TV Manufacturing & Supplier Unit,2016-09-16,7578,102.1,102.7,103.3,361.62,6453,2333533.86,74.1848,13.345691,103.0639,1399.9728,602.0,158.382,18.7505,112.2727,281.6818,914.9091,8537673.0,0.2733220000344356
TV Manufacturing & Supplier Unit,2016-09-17,7057,102.1,102.7,103.3,361.62,6484,2344744.08,63.5185,13.116667,97.2917,1400.1282,5072.619,48.039,19.0108,116.8182,265.9091,1379.4091,8537673.0,0.2746350299431707
TV Manufacturing & Supplier Unit,2016-09-18,7493,102.1,102.7,103.3,361.62,7166,2591368.92,68.8107,13.319634,96.5201,1397.7889,5413.095,221.528,0.0,118.6364,279.1818,904.5,8537673.0,0.30352168793534257
TV Manufacturing & Supplier Unit,2016-09-19,8220,102.1,102.7,103.3,361.62,7206,2605833.72,73.7652,13.23974,97.5,1390.8409,5230.286,208.569,30.429,103.9545,276.2727,828.0455,8537673.0,0.3052159200756459
TV Manufacturing & Supplier Unit,2016-09-20,8103,102.1,102.7,103.3,361.62,7176,2594985.12,72.1859,13.440022,97.255,1411.5829,2421.429,136.737,31.5863,109.3182,283.2727,953.0455,8537673.0,0.30394524597041844
TV Manufacturing & Supplier Unit,2016-09-21,6092,102.1,102.7,103.3,361.62,5234,1892719.08,66.0888,13.228643,97.6225,1406.0804,2126.714,151.538,43.0027,119.2727,299.3636,945.0,8537673.0,0.22169027555869147
TV Manufacturing & Supplier Unit,2016-09-22,6401,102.1,102.7,103.3,361.62,4446,1607762.52,74.5333,12.9675,98.9625,1358.775,6354.571,5.659,43.1783,106.9545,286.7273,896.5,8537673.0,0.18831390239471577
TV Manufacturing & Supplier Unit,2016-09-23,6841,102.1,102.7,103.3,361.62,4346,1571600.52,82.3549,13.487846,108.8993,1441.5672,3272.952,173.248,11.7112,138.3182,317.8182,1253.8636,8537673.0,0.1840783220439574
TV Manufacturing & Supplier Unit,2016-09-24,6714,102.1,102.7,103.3,361.62,4216,1524589.92,73.0167,13.521857,100.9125,1417.05,2568.714,200.366,11.8272,120.9545,254.0909,912.6818,8537673.0,0.17857206758797156
TV Manufacturing & Supplier Unit,2016-09-25,5816,102.1,102.7,103.3,361.62,4505,1629098.1,80.2514,13.530168,101.449,1417.1229,4164.429,100.809,0.0,139.4545,273.4545,1060.3182,8537673.0,0.1908128948016632
TV Manufacturing & Supplier Unit,2016-09-26,6756,102.1,102.7,103.3,361.62,5661,2047130.82,74.2157,13.368908,102.5735,1438.0995,3379.333,32.421,50.8308,116.9091,254.0,913.5909,8537673.0,0.23977620365642957
TV Manufacturing & Supplier Unit,2016-09-27,6009,102.1,102.7,103.3,361.62,6305,2280014.1,81.9,13.955036,112.8563,1451.775,3155.143,52.031,144.9951,87.1364,241.4545,799.1818,8537673.0,0.26705334111531326
TV Manufacturing & Supplier Unit,2016-09-28,6740,102.1,102.7,103.3,361.62,5226,1889826.12,70.4439,13.584207,102.6445,1436.1558,252.905,172.967,95.636,79.3636,221.9545,853.5909,8537673.0,0.2213514291306308
TV Manufacturing & Supplier Unit,2016-09-29,6985,102.1,102.7,103.3,361.62,5134,1856557.08,70.8209,13.662473,99.8041,1446.791,2981.048,189.24,11.8084,93.0909,240.1364,881.7273,8537673.0,0.21745469520793312
TV Manufacturing & Supplier Unit,2016-09-30,6935,102.1,102.7,103.3,361.62,4279,1547371.98,76.9832,13.57063,103.6278,1462.2905,3706.667,206.839,3.8765,97.9545,244.3636,971.9091,8537673.0,0.1812404832089493
TV Manufacturing & Supplier Unit,2016-10-01,6938,102.1,102.7,103.3,361.62,5212,1884763.44,75.0382,13.75095,103.3142,1438.6927,2226.429,132.829,0.0,94.3182,230.0455,868.1818,8537673.0,0.22075844788152463
TV Manufacturing & Supplier Unit,2016-10-02,6874,102.1,102.7,103.3,361.62,5245,1896696.9,86.2007,13.771313,118.4677,1477.8226,4038.81,194.316,34.6945,77.8182,197.1818,821.3636,8537673.0,0.22215618939727486
TV Manufacturing & Supplier Unit,2016-10-03,6903,102.1,102.7,103.3,361.62,6280,2270973.6,71.3785,13.186582,98.639,1387.5,3323.762,140.09,35.5475,66.8636,191.1818,770.9091,8537673.0,0.2659944460276237
TV Manufacturing & Supplier Unit,2016-10-04,6005,102.1,102.7,103.3,361.62,6240,2256508.8,70.1412,13.363559,98.464,1424.4915,4422.667,149.738,15.863,66.9545,194.4545,697.6364,8537673.0,0.26430021388732033
TV Manufacturing & Supplier Unit,2016-10-05,6457,102.1,102.7,103.3,361.62,6482,2344020.84,70.0298,13.411224,104.3555,1417.0982,3892.381,99.954,15.817,98.1364,253.5455,928.5455,8537673.0,0.2745503183361555
TV Manufacturing & Supplier Unit,2016-10-06,6110,102.1,102.7,103.3,361.62,7542,2727338.04,70.7417,13.195929,98.9625,1400.175,1885.191,117.032,0.0,95.9091,254.0455,843.4091,8537673.0,0.31944747005419394
TV Manufacturing & Supplier Unit,2016-10-07,6374,102.1,102.7,103.3,361.62,5759,2082569.58,75.7181,13.641109,98.5372,1401.3032,1953.81,121.125,35.811,89.0909,245.5,767.3182,8537673.0,0.24392707240017275
TV Manufacturing & Supplier Unit,2016-10-08,6071,102.1,102.7,103.3,361.62,6841,2473842.42,62.6861,12.822399,84.1292,1339.8058,1791.191,189.038,0.0,94.4091,247.6364,802.2273,8537673.0,0.28975605179537794
TV Manufacturing & Supplier Unit,2016-10-09,6031,102.1,102.7,103.3,361.62,6456,2334618.72,72.1521,13.686512,97.145,1434.9029,3074.667,196.773,0.0,92.0455,291.5909,785.5909,8537673.0,0.2734490674449584
TV Manufacturing & Supplier Unit,2016-10-10,5110,102.1,102.7,103.3,361.62,5453,1971913.86,72.9083,13.361679,102.375,1442.025,3117.048,160.32,0.0,135.0455,249.3182,846.5,8537673.0,0.23096619652685224
TV Manufacturing & Supplier Unit,2016-10-11,6374,102.1,102.7,103.3,361.62,5134,1856557.08,71.8265,13.682436,98.0009,1460.4452,2023.524,147.936,40.3932,92.5,221.1818,790.3636,8537673.0,0.21745469520793312
TV Manufacturing & Supplier Unit,2016-10-12,5071,102.1,102.7,103.3,361.62,4279,1547371.98,70.9562,13.756545,98.7625,1454.8207,3395.667,262.807,0.0,96.9091,252.4091,898.4545,8537673.0,0.1812404832089493
TV Manufacturing & Supplier Unit,2016-10-13,6031,102.1,102.7,103.3,361.62,5212,1884763.44,59.2809,13.217295,84.632,1392.1066,2921.333,311.592,30.3757,106.1818,254.9091,1144.5455,8537673.0,0.22075844788152463
TV Manufacturing & Supplier Unit,2016-10-14,4384,102.1,102.7,103.3,361.62,5245,1896696.9,64.7032,13.211155,92.6027,1397.2603,2825.095,455.428,46.9608,126.0455,269.3182,1115.2727,8537673.0,0.22215618939727486
TV Manufacturing & Supplier Unit,2016-10-15,4366,102.1,102.7,103.3,361.62,6280,2270973.6,68.4878,13.715226,90.128,1433.561,5082.667,467.509,93.5075,114.2273,324.5909,1271.5455,8537673.0,0.2659944460276237
TV Manufacturing & Supplier Unit,2016-10-16,4006,102.1,102.7,103.3,361.62,6240,2256508.8,63.4742,13.85664,89.0317,1441.4789,4011.714,402.614,0.0,118.0455,281.5455,971.7273,8537673.0,0.26430021388732033
TV Manufacturing & Supplier Unit,2016-10-17,4076,102.1,102.7,103.3,361.62,6482,2344020.84,61.0278,13.6175,90.3229,1411.8333,2666.857,435.346,105.1623,118.5909,261.4545,893.6818,8537673.0,0.2745503183361555
TV Manufacturing & Supplier Unit,2016-10-18,4834,102.1,102.7,103.3,361.62,7542,2727338.04,56.0507,12.873331,75.9069,1322.6087,1675.905,408.612,0.0,175.5455,275.6364,3826.6818,8537673.0,0.31944747005419394
TV Manufacturing & Supplier Unit,2016-10-19,4636,102.1,102.7,103.3,361.62,5759,2082569.58,62.4074,13.102381,85.1042,1365.0,3668.476,481.883,104.0112,167.9545,241.7273,2170.1818,8537673.0,0.24392707240017275
TV Manufacturing & Supplier Unit,2016-10-20,4166,102.1,102.7,103.3,361.62,6841,2473842.42,58.3943,12.994338,80.5564,1387.4085,0.0,217.694,0.0,95.0,216.7273,969.1818,8537673.0,0.28975605179537794
TV Manufacturing & Supplier Unit,2016-10-21,4186,102.1,102.7,103.3,361.62,6456,2334618.72,47.5541,12.722032,73.125,1333.3442,2429.714,52.865,25.8875,111.0909,234.9545,1835.1818,8537673.0,0.2734490674449584
TV Manufacturing & Supplier Unit,2016-10-22,4405,102.1,102.7,103.3,361.62,5453,1971913.86,59.8805,13.436076,80.3244,1381.6456,2754.048,88.948,26.1196,115.1818,242.5909,1697.8636,8537673.0,0.23096619652685224
TV Manufacturing & Supplier Unit,2016-10-23,5561,102.1,102.7,103.3,361.62,5134,1856557.08,61.2679,13.43674,77.7901,1413.0861,2785.095,57.238,36.1466,141.6818,237.7727,1549.3636,8537673.0,0.21745469520793312
TV Manufacturing & Supplier Unit,2016-10-24,6205,102.1,102.7,103.3,361.62,4279,1547371.98,71.0122,13.404974,84.7382,1402.9319,4393.286,28.846,62.6395,108.2273,248.8182,1114.8636,8537673.0,0.1812404832089493
TV Manufacturing & Supplier Unit,2016-10-25,5006,102.1,102.7,103.3,361.62,5212,1884763.44,60.1852,13.030952,83.9583,1380.0,3948.333,621.432,20.7815,108.3182,276.7273,1028.1364,8537673.0,0.22075844788152463
TV Manufacturing & Supplier Unit,2016-10-26,5034,102.1,102.7,103.3,361.62,5245,1896696.9,67.0833,13.468929,85.2188,1415.7115,5381.381,1040.787,51.0694,119.9545,276.2727,941.4545,8537673.0,0.22215618939727486
TV Manufacturing & Supplier Unit,2016-10-27,4319,102.1,102.7,103.3,361.62,6280,2270973.6,60.6469,13.100489,78.3562,1368.8356,4420.81,854.31,0.0,89.8636,226.3636,896.9545,8537673.0,0.2659944460276237
TV Manufacturing & Supplier Unit,2016-10-28,5082,102.1,102.7,103.3,361.62,6240,2256508.8,58.1144,13.07043,80.045,1371.6737,4524.381,587.16,0.0,99.0,220.6818,1072.0455,8537673.0,0.26430021388732033
TV Manufacturing & Supplier Unit,2016-10-29,5155,102.1,102.7,103.3,361.62,6482,2344020.84,57.3207,13.081103,83.5127,1380.6962,3647.762,522.584,0.0,108.6364,278.2273,928.5909,8537673.0,0.2745503183361555
TV Manufacturing & Supplier Unit,2016-10-30,6000,102.1,102.7,103.3,361.62,5542,2004098.04,60.7032,13.50425,77.856,1385.1266,3238.143,900.812,47.174,157.2727,258.3636,1084.3636,8537673.0,0.23473586303902716
TV Manufacturing & Supplier Unit,2016-10-31,6340,102.1,102.7,103.3,361.62,5759,2082569.58,59.1749,13.853677,75.5225,1437.6393,4245.857,818.376,0.0,104.3636,233.6818,807.0909,8537673.0,0.24392707240017275
TV Manufacturing & Supplier Unit,2016-11-01,6402,102.1,102.7,103.3,361.62,6841,2473842.42,65.1245,13.325,78.0981,1381.7672,3604.0,1100.992,46.782,109.6364,226.5909,889.8636,8537673.0,0.28975605179537794
TV Manufacturing & Supplier Unit,2016-11-02,7312,102.1,102.7,103.3,361.62,6456,2334618.72,60.6667,13.488857,76.725,1399.6615,4168.952,272.036,0.0,93.9545,222.7727,805.9091,8537673.0,0.2734490674449584
TV Manufacturing & Supplier Unit,2016-11-03,5369,102.1,102.7,103.3,361.62,5453,1971913.86,59.1026,13.206593,78.6058,1369.3491,3984.429,817.581,31.3919,81.9091,225.1818,816.2727,8537673.0,0.23096619652685224
TV Manufacturing & Supplier Unit,2016-11-04,6231,102.1,102.7,103.3,361.62,5134,1856557.08,61.1351,12.775135,76.2872,1341.7297,3943.524,1288.844,31.1817,98.6818,224.5455,855.8636,8537673.0,0.21745469520793312
TV Manufacturing & Supplier Unit,2016-11-05,6796,102.1,102.7,103.3,361.62,7279,2632231.98,53.7865,12.940132,74.9424,1323.5526,5732.0,540.757,31.5487,111.0455,232.8636,791.3636,8537673.0,0.3083078937316995
TV Manufacturing & Supplier Unit,2016-11-06,6783,102.1,102.7,103.3,361.62,7212,2608003.44,71.5344,13.742857,90.9226,1448.9683,4794.048,1244.833,31.3605,93.0455,200.0,889.3636,8537673.0,0.3054700548966914
TV Manufacturing & Supplier Unit,2016-11-07,6364,102.1,102.7,103.3,361.62,8245,2981556.9,64.2846,13.314926,83.8178,1382.5472,4364.333,1758.402,0.0,133.5,244.9091,1398.6364,8537673.0,0.34922359992002505
TV Manufacturing & Supplier Unit,2016-11-08,8775,102.1,102.7,103.3,361.62,9280,3355833.6,65.7941,12.818661,84.1001,1347.2513,4294.238,1030.257,0.0,86.7727,258.7727,755.4545,8537673.0,0.39306185655037384
TV Manufacturing & Supplier Unit,2016-11-09,8700,102.1,102.7,103.3,361.62,9240,3341368.8,62.4,13.546531,82.5964,1416.1714,3653.238,1418.209,33.6281,121.1818,305.2727,1097.0455,8537673.0,0.3913676244100705
TV Manufacturing & Supplier Unit,2016-11-10,8140,102.1,102.7,103.3,361.62,9482,3428880.84,53.7727,12.961169,74.8977,1344.9545,3609.905,715.315,0.0,94.1364,235.6818,781.4545,8537673.0,0.4016177288589057
TV Manufacturing & Supplier Unit,2016-11-11,8142,102.1,102.7,103.3,361.62,9542,3450578.04,52.8214,13.362325,71.2132,1351.5686,4121.333,917.361,0.0,107.1364,281.2727,977.0,8537673.0,0.4041590770693607
TV Manufacturing & Supplier Unit,2016-11-12,8645,102.1,102.7,103.3,361.62,9759,3529049.58,57.7518,12.776208,78.5612,1324.1547,4237.095,1791.183,0.0,95.8636,234.8182,1045.8636,8537673.0,0.4133502864305063
TV Manufacturing & Supplier Unit,2016-11-13,7951,102.1,102.7,103.3,361.62,9841,3558702.42,51.1271,11.920452,72.7743,1257.518,5421.762,1438.156,0.0,98.8636,239.5455,1194.5909,8537673.0,0.4168234623181281
TV Manufacturing & Supplier Unit,2016-11-14,9668,102.1,102.7,103.3,361.62,9456,3419478.72,52.1501,12.719017,71.1201,1302.2078,3889.762,1296.546,66.0518,84.0455,229.9545,1077.9545,8537673.0,0.40051647796770856
TV Manufacturing & Supplier Unit,2016-11-15,9565,102.1,102.7,103.3,361.62,9453,3418393.86,51.7909,12.351222,75.2632,1311.1184,0.0,1606.041,31.3291,106.0455,229.2727,1248.6364,8537673.0,0.40038941055718574
TV Manufacturing & Supplier Unit,2016-11-16,9733,102.1,102.7,103.3,361.62,9134,3303037.08,48.2576,12.586364,67.7699,1285.6818,4385.238,733.219,31.442,163.0,220.1364,863.9091,8537673.0,0.3868779092382667
TV Manufacturing & Supplier Unit,2016-11-17,9926,102.1,102.7,103.3,361.62,9879,3572443.98,66.1017,13.261653,90.58,1389.4068,4190.619,559.335,98.8613,97.1364,231.2273,931.4545,8537673.0,0.4184329828514163
TV Manufacturing & Supplier Unit,2016-11-18,8236,102.1,102.7,103.3,361.62,9812,3548215.44,59.9742,13.437482,83.5535,1403.4278,4585.81,594.017,81.0844,227.4091,348.1818,5330.5909,8537673.0,0.41559514401640824
TV Manufacturing & Supplier Unit,2016-11-19,8113,102.1,102.7,103.3,361.62,8245,2981556.9,55.2248,13.235382,74.939,1407.8372,4315.667,1528.002,60.6353,217.6364,246.2273,1589.4545,8537673.0,0.34922359992002505
TV Manufacturing & Supplier Unit,2016-11-20,6600,102.1,102.7,103.3,361.62,7280,2632593.6,41.9396,10.782832,72.2697,1124.5614,3302.667,1456.185,20.4679,906.7727,254.8182,1904.4545,8537673.0,0.30835024953520707
TV Manufacturing & Supplier Unit,2016-11-21,7400,102.1,102.7,103.3,361.62,7240,2618128.8,41.6303,10.945789,77.2762,1151.9869,4852.238,1309.68,5.8744,1169.4091,272.7273,2055.2727,8537673.0,0.3066560173949037
TV Manufacturing & Supplier Unit,2016-11-22,7335,102.1,102.7,103.3,361.62,6482,2344020.84,41.6467,10.320488,74.1467,1067.1557,4218.524,1074.439,118.4667,124.0,243.8182,1194.0455,8537673.0,0.2745503183361555
TV Manufacturing & Supplier Unit,2016-11-23,6638,102.1,102.7,103.3,361.62,7542,2727338.04,43.8592,10.441019,82.8277,1122.3786,3900.429,1201.36,33.12,84.6818,223.3182,859.0909,8537673.0,0.31944747005419394
TV Manufacturing & Supplier Unit,2016-11-24,7282,102.1,102.7,103.3,361.62,5759,2082569.58,48.425,11.099679,92.7469,1155.225,4992.524,1321.858,64.7,76.0,199.4545,920.6818,8537673.0,0.24392707240017275
TV Manufacturing & Supplier Unit,2016-11-25,6834,101.4,102.7,103.3,361.62,6841,2473842.42,41.2437,10.780856,74.2386,1114.6447,4108.857,1051.006,85.2464,87.1364,403.7727,1091.8182,8537673.0,0.28975605179537794
TV Manufacturing & Supplier Unit,2016-11-26,7541,101.4,102.7,103.3,361.62,6456,2334618.72,38.057,10.027128,75.1457,1070.1295,3149.857,935.436,7.3203,110.7727,268.5455,1095.4091,8537673.0,0.2734490674449584
TV Manufacturing & Supplier Unit,2016-11-27,7830,101.4,102.7,103.3,361.62,7453,2695153.86,38.1959,10.518225,79.5329,1105.0515,3783.0,1674.99,35.0395,96.7273,225.7727,861.1364,8537673.0,0.31567780354201896
TV Manufacturing & Supplier Unit,2016-11-28,8642,101.4,102.7,103.3,361.62,7134,2579797.08,40.6498,10.727556,81.7345,1115.9174,3883.095,1066.52,0.0,131.6818,210.3182,849.5455,8537673.0,0.3021663022230999
TV Manufacturing & Supplier Unit,2016-11-29,7739,101.4,102.7,103.3,361.62,7279,2632231.98,41.3988,10.489955,73.4515,1080.4018,3695.714,1119.701,70.3706,152.5,214.1818,950.0909,8537673.0,0.3083078937316995
TV Manufacturing & Supplier Unit,2016-11-30,7178,101.4,102.7,103.3,361.62,6512,2354869.44,48.3967,11.065644,83.9878,1155.6522,4390.143,1153.756,101.5147,95.1364,226.2273,852.8182,8537673.0,0.27582099244138303
TV Manufacturing & Supplier Unit,2016-12-01,7632,101.4,102.7,103.3,361.62,7245,2619936.9,42.5309,10.512018,77.8968,1084.3651,4997.381,1430.851,101.9914,106.3182,282.0,901.0,8537673.0,0.30686779641244166
TV Manufacturing & Supplier Unit,2016-12-02,6814,101.4,102.7,103.3,361.62,6780,2451783.6,44.4388,10.814541,81.4573,1140.6888,4414.286,996.813,33.7128,92.0455,246.8182,962.8182,8537673.0,0.28717234778141537
TV Manufacturing & Supplier Unit,2016-12-03,6701,101.4,102.7,103.3,361.62,6340,2292670.8,42.6279,11.224485,79.3605,1176.2093,3298.952,390.3756,0.0,891.5664,1540.4294,7307.3182,8537673.0,0.26853579423807866
TV Manufacturing & Supplier Unit,2016-12-04,8936,101.4,102.7,103.3,361.62,6482,2344020.84,49.221,10.995497,86.8139,1151.5217,2838.129,462.8413,17.6288,173.3708,394.712,1420.9545,8537673.0,0.2745503183361555
TV Manufacturing & Supplier Unit,2016-12-05,7393,101.4,102.7,103.3,361.62,7442,2691176.04,46.2566,11.370578,84.5387,1162.7381,2744.632,676.4964,27.254,165.5566,493.4066,1356.9091,8537673.0,0.3152118897034356
TV Manufacturing & Supplier Unit,2016-12-06,7602,101.4,102.7,103.3,361.62,6759,2444189.58,42.2917,11.085268,79.8047,1147.7163,4937.903,694.4416,54.2678,149.4013,543.3876,1224.5,8537673.0,0.28628287590775614
TV Manufacturing & Supplier Unit,2016-12-07,6207,101.4,102.7,103.3,361.62,5841,2112222.42,38.9348,10.688346,72.2086,1090.9399,2590.9,646.6664,61.0317,108.051,280.2315,885.5909,8537673.0,0.24740024828779458
TV Manufacturing & Supplier Unit,2016-12-08,5717,101.4,102.7,103.3,361.62,5456,1972998.72,44.3651,10.86308,79.3506,1129.2857,1628.172,606.9556,0.0,163.1774,580.3669,1337.4091,8537673.0,0.23109326393737498
TV Manufacturing & Supplier Unit,2016-12-09,5512,101.4,102.7,103.3,361.62,6453,2333533.86,38.7023,10.894057,79.2653,1151.4504,3563.992,715.7929,60.3637,115.3161,249.0141,945.1364,8537673.0,0.2733220000344356
TV Manufacturing & Supplier Unit,2016-12-10,5264,101.4,102.7,103.3,361.62,6134,2218177.08,46.6838,11.338144,81.9201,1179.433,0.0,323.3644,0.0,113.4305,240.695,929.6818,8537673.0,0.25981049871551654
TV Manufacturing & Supplier Unit,2016-12-11,6327,101.4,102.7,103.3,361.62,6279,2270611.98,41.5698,10.810839,78.3685,1107.2965,2360.512,78.5261,15.024,123.818,311.9083,1014.8182,8537673.0,0.2659520902241161
TV Manufacturing & Supplier Unit,2016-12-12,5820,101.4,102.7,103.3,361.62,6212,2246383.44,42.8271,11.439653,77.9089,1161.9393,2675.608,132.1241,15.1587,168.141,304.1815,1378.0909,8537673.0,0.263114251389108
TV Manufacturing & Supplier Unit,2016-12-13,6338,101.4,102.7,103.3,361.62,6245,2258316.9,37.9167,11.885714,62.9688,1251.25,2705.771,85.0218,20.9779,178.9666,381.9316,1466.8182,8537673.0,0.2645119929048583
TV Manufacturing & Supplier Unit,2016-12-14,5567,101.4,102.7,103.3,361.62,6280,2270973.6,38.9348,10.688346,79.3506,1090.9399,4268.157,42.8481,36.3533,131.8041,378.6272,1080.2727,8537673.0,0.2659944460276237
TV Manufacturing & Supplier Unit,2016-12-15,6143,101.4,102.7,103.3,361.62,6240,2256508.8,41.5698,10.810839,78.3685,1107.2965,2360.512,78.5261,15.024,123.818,311.9083,1014.8182,8537673.0,0.26430021388732033
TV Manufacturing & Supplier Unit,2016-12-16,5828,101.4,100.3,103.3,361.62,6482,2344020.84,42.8271,11.439653,77.9089,1161.9393,2675.608,132.1241,15.1587,168.141,304.1815,1378.0909,8537673.0,0.2745503183361555
TV Manufacturing & Supplier Unit,2016-12-17,6585,101.4,100.3,103.3,361.62,6542,2365718.04,37.9167,11.885714,62.9688,1251.25,2705.771,85.0218,20.9779,178.9666,381.9316,1466.8182,8537673.0,0.27709166654661055
TV Manufacturing & Supplier Unit,2016-12-18,5988,101.4,100.3,103.3,361.62,5759,2082569.58,38.7023,10.688346,79.3506,1090.9399,4268.157,42.8481,36.3533,131.8041,378.6272,1080.2727,8537673.0,0.24392707240017275
TV Manufacturing & Supplier Unit,2016-12-19,6113,101.4,100.3,103.3,361.62,6841,2473842.42,77.4819,14.104193,112.337,1479.4565,722.571,95.333,11.8398,91.0,276.3636,756.5909,8537673.0,0.28975605179537794
TV Manufacturing & Supplier Unit,2016-12-20,5763,101.4,100.3,103.3,361.62,6456,2334618.72,73.4783,13.298758,105.7133,1369.8913,717.857,114.957,27.8039,111.9091,291.3182,860.1364,8537673.0,0.2734490674449584
TV Manufacturing & Supplier Unit,2016-12-21,6178,101.4,100.3,103.3,361.62,6453,2333533.86,80.6093,13.200691,108.7702,1428.0645,653.333,113.09,0.0,94.6364,282.7273,751.9545,8537673.0,0.2733220000344356
TV Manufacturing & Supplier Unit,2016-12-22,8716,101.4,100.3,103.3,361.62,7240,2618128.8,65.9319,12.721429,93.3065,1309.3548,622.095,72.442,0.0,98.5909,306.3182,749.4545,8537673.0,0.3066560173949037
TV Manufacturing & Supplier Unit,2016-12-23,8679,101.4,100.3,103.3,361.62,8266,2989150.92,77.4819,14.104193,112.337,1479.4565,722.571,95.333,11.8398,91.0,276.3636,756.5909,8537673.0,0.3501130717936843
TV Manufacturing & Supplier Unit,2016-12-24,8752,101.4,100.3,103.3,361.62,9206,3329073.72,73.4783,13.298758,105.7133,1369.8913,717.857,114.957,27.8039,111.9091,291.3182,860.1364,8537673.0,0.3899275270908127
TV Manufacturing & Supplier Unit,2016-12-25,9179,101.4,100.3,103.3,361.62,9176,3318225.12,80.6093,13.200691,108.7702,1428.0645,653.333,113.09,0.0,94.6364,282.7273,751.9545,8537673.0,0.3886568529855852
TV Manufacturing & Supplier Unit,2016-12-26,9358,101.4,100.3,103.3,361.62,9234,3339199.08,65.9319,12.721429,93.3065,1309.3548,622.095,72.442,0.0,98.5909,306.3182,749.4545,8537673.0,0.39111348958902503
TV Manufacturing & Supplier Unit,2016-12-27,9051,101.4,100.3,103.3,361.62,9446,3415862.52,89.7283,13.792314,117.6359,1417.0109,624.238,87.649,0.0,105.0455,306.4545,754.2727,8537673.0,0.4000929199326327
TV Manufacturing & Supplier Unit,2016-12-28,9029,101.4,100.3,103.3,361.62,9346,3379700.52,68.8095,12.581633,91.6071,1334.3407,611.714,38.235,0.0,108.0,305.9545,776.6364,8537673.0,0.39585733958187436
TV Manufacturing & Supplier Unit,2016-12-29,9027,101.4,100.3,103.3,361.62,9216,3332689.92,80.1434,13.419355,101.6935,1390.6452,627.238,92.486,6.9945,112.9545,304.8636,867.1818,8537673.0,0.3903510851258885
TV Manufacturing & Supplier Unit,2016-12-30,9128,101.4,100.3,103.3,361.62,9505,3437198.1,84.3369,13.476267,105.8871,1442.5806,613.143,206.96,69.9877,115.3636,298.5455,905.4091,8537673.0,0.40259191233958014
TV Manufacturing & Supplier Unit,2016-12-31,9627,101.4,100.3,103.3,361.62,9661,3493610.82,75.4189,13.207026,104.5594,1417.1311,615.857,83.632,49.589,171.5,309.6818,880.5909,8537673.0,0.4091994176867631
TV Manufacturing & Supplier Unit,2017-01-01,9245,101.4,100.3,103.3,361.62,9305,3364874.1,70.7921,12.964604,97.6207,1357.7228,688.667,118.126,46.3774,123.8182,273.7727,791.7727,8537673.0,0.3941207516380634
TV Manufacturing & Supplier Unit,2017-01-02,9072,101.4,100.3,103.3,361.62,9226,3336306.12,68.9912,13.25047,102.4712,1378.4211,636.667,125.388,47.8766,111.2727,275.6818,867.7273,8537673.0,0.3907746431609644
TV Manufacturing & Supplier Unit,2017-01-03,9809,101.4,100.3,103.3,361.62,9134,3303037.08,69.6637,13.080365,102.3094,1393.8565,610.286,86.23,34.2365,117.6818,280.8182,840.1364,8537673.0,0.3868779092382667
TV Manufacturing & Supplier Unit,2017-01-04,9386,101.4,100.3,103.3,361.62,9879,3572443.98,66.0726,13.407284,95.4486,1428.7871,622.095,95.229,60.6667,100.9091,284.9545,796.5909,8537673.0,0.4184329828514163
TV Manufacturing & Supplier Unit,2017-01-05,8578,101.4,100.3,103.3,361.62,7212,2608003.44,74.1848,13.345691,103.0639,1399.9728,602.0,158.382,18.7505,112.2727,281.6818,914.9091,8537673.0,0.3054700548966914
TV Manufacturing & Supplier Unit,2017-01-06,8057,101.4,100.3,103.3,361.62,7245,2619936.9,63.5185,13.116667,97.2917,1400.1282,5072.619,48.039,19.0108,116.8182,265.9091,1379.4091,8537673.0,0.30686779641244166
TV Manufacturing & Supplier Unit,2017-01-07,7493,101.4,100.3,103.3,361.62,6280,2270973.6,68.8107,13.319634,96.5201,1397.7889,5413.095,221.528,0.0,118.6364,279.1818,904.5,8537673.0,0.2659944460276237
TV Manufacturing & Supplier Unit,2017-01-08,7622,101.4,100.3,103.3,361.62,6240,2256508.8,73.7652,13.23974,97.5,1390.8409,5230.286,208.569,30.429,103.9545,276.2727,828.0455,8537673.0,0.26430021388732033
TV Manufacturing & Supplier Unit,2017-01-09,7103,101.4,100.3,103.3,361.62,6482,2344020.84,72.1859,13.440022,97.255,1411.5829,2421.429,136.737,31.5863,109.3182,283.2727,953.0455,8537673.0,0.2745503183361555
TV Manufacturing & Supplier Unit,2017-01-10,7092,101.4,100.3,103.3,361.62,6542,2365718.04,66.0888,13.228643,97.6225,1406.0804,2126.714,151.538,43.0027,119.2727,299.3636,945.0,8537673.0,0.27709166654661055
TV Manufacturing & Supplier Unit,2017-01-11,7401,101.4,100.3,103.3,361.62,5759,2082569.58,74.5333,12.9675,98.9625,1358.775,6354.571,5.659,43.1783,106.9545,286.7273,896.5,8537673.0,0.24392707240017275
TV Manufacturing & Supplier Unit,2017-01-12,7681,101.4,100.3,103.3,361.62,6841,2473842.42,82.3549,13.487846,108.8993,1441.5672,3272.952,173.248,11.7112,138.3182,317.8182,1253.8636,8537673.0,0.28975605179537794
TV Manufacturing & Supplier Unit,2017-01-13,6714,101.4,100.3,103.3,361.62,6456,2334618.72,73.0167,13.521857,100.9125,1417.05,2568.714,200.366,11.8272,120.9545,254.0909,912.6818,8537673.0,0.2734490674449584
TV Manufacturing & Supplier Unit,2017-01-14,7016,101.4,100.3,103.3,361.62,5453,1971913.86,80.2514,13.530168,101.449,1417.1229,4164.429,100.809,0.0,139.4545,273.4545,1060.3182,8537673.0,0.23096619652685224
TV Manufacturing & Supplier Unit,2017-01-15,6756,101.4,100.3,103.3,361.62,5884,2127772.08,74.2157,13.368908,102.5735,1438.0995,3379.333,32.421,50.8308,116.9091,254.0,913.5909,8537673.0,0.24922154783862066
TV Manufacturing & Supplier Unit,2017-01-16,6009,101.4,100.3,103.3,361.62,5866,2121262.92,81.9,13.955036,112.8563,1451.775,3155.143,52.031,144.9951,87.1364,241.4545,799.1818,8537673.0,0.24845914337548416
TV Manufacturing & Supplier Unit,2017-01-17,5740,101.4,100.3,103.3,361.62,5806,2099565.72,70.4439,13.584207,102.6445,1436.1558,252.905,172.967,95.636,79.3636,221.9545,853.5909,8537673.0,0.24591779516502918
TV Manufacturing & Supplier Unit,2017-01-18,5985,101.4,100.3,103.3,361.62,5876,2124879.12,70.8209,13.662473,99.8041,1446.791,2981.048,189.24,11.8084,93.0909,240.1364,881.7273,8537673.0,0.24888270141056001
TV Manufacturing & Supplier Unit,2017-01-19,5935,101.4,100.3,103.3,361.62,5834,2109691.08,76.9832,13.57063,103.6278,1462.2905,3706.667,206.839,3.8765,97.9545,244.3636,971.9091,8537673.0,0.2471037576632415
TV Manufacturing & Supplier Unit,2017-01-20,5998,101.4,100.3,103.3,361.62,5846,2114030.52,75.0382,13.75095,103.3142,1438.6927,2226.429,132.829,0.0,94.3182,230.0455,868.1818,8537673.0,0.2476120273053325
TV Manufacturing & Supplier Unit,2017-01-21,5874,101.4,100.3,103.3,361.62,5746,2077868.52,86.2007,13.771313,118.4677,1477.8226,4038.81,194.316,34.6945,77.8182,197.1818,821.3636,8537673.0,0.24337644695457417
TV Manufacturing & Supplier Unit,2017-01-22,5953,101.4,100.3,103.3,361.62,5716,2067019.92,71.3785,13.186582,98.639,1387.5,3323.762,140.09,35.5475,66.8636,191.1818,770.9091,8537673.0,0.24210577284934665
TV Manufacturing & Supplier Unit,2017-01-23,6005,101.4,100.3,103.3,361.62,5805,2099204.1,70.1412,13.363559,98.464,1424.4915,4422.667,149.738,15.863,66.9545,194.4545,697.6364,8537673.0,0.2458754393615216
TV Manufacturing & Supplier Unit,2017-01-24,6457,101.4,100.3,103.3,361.62,5661,2047130.82,70.0298,13.411224,104.3555,1417.0982,3892.381,99.954,15.817,98.1364,253.5455,928.5455,8537673.0,0.23977620365642957
TV Manufacturing & Supplier Unit,2017-01-25,6110,101.4,100.3,103.3,361.62,6305,2280014.1,70.7417,13.195929,98.9625,1400.175,1885.191,117.032,0.0,95.9091,254.0455,843.4091,8537673.0,0.26705334111531326
TV Manufacturing & Supplier Unit,2017-01-26,5374,101.4,100.3,103.3,361.62,5226,1889826.12,75.7181,13.641109,98.5372,1401.3032,1953.81,121.125,35.811,89.0909,245.5,767.3182,8537673.0,0.2213514291306308
TV Manufacturing & Supplier Unit,2017-01-27,5071,101.4,100.3,103.3,361.62,5134,1856557.08,62.6861,12.822399,84.1292,1339.8058,1791.191,189.038,0.0,94.4091,247.6364,802.2273,8537673.0,0.21745469520793312
TV Manufacturing & Supplier Unit,2017-01-28,5031,101.4,100.3,103.3,361.62,5279,1908991.98,72.1521,13.686512,97.145,1434.9029,3074.667,196.773,0.0,92.0455,291.5909,785.5909,8537673.0,0.2235962867165327
TV Manufacturing & Supplier Unit,2017-01-29,5110,101.4,100.3,103.3,361.62,5212,1884763.44,72.9083,13.361679,102.375,1442.025,3117.048,160.32,0.0,135.0455,249.3182,846.5,8537673.0,0.22075844788152463
TV Manufacturing & Supplier Unit,2017-01-30,6374,101.4,100.3,103.3,361.62,5245,1896696.9,71.8265,13.682436,98.0009,1460.4452,2023.524,147.936,40.3932,92.5,221.1818,790.3636,8537673.0,0.22215618939727486
TV Manufacturing & Supplier Unit,2017-01-31,7071,101.4,100.3,103.3,361.62,6280,2270973.6,70.9562,13.756545,98.7625,1454.8207,3395.667,262.807,0.0,96.9091,252.4091,898.4545,8537673.0,0.2659944460276237
TV Manufacturing & Supplier Unit,2017-02-01,7031,101.4,100.3,103.3,361.62,6240,2256508.8,59.2809,13.217295,84.632,1392.1066,2921.333,311.592,30.3757,106.1818,254.9091,1144.5455,8537673.0,0.26430021388732033
TV Manufacturing & Supplier Unit,2017-02-02,7384,101.4,100.3,103.3,361.62,6482,2344020.84,64.7032,13.211155,92.6027,1397.2603,2825.095,455.428,46.9608,126.0455,269.3182,1115.2727,8537673.0,0.2745503183361555
TV Manufacturing & Supplier Unit,2017-02-03,7366,101.4,100.3,103.3,361.62,7542,2727338.04,68.4878,13.715226,90.128,1433.561,5082.667,467.509,93.5075,114.2273,324.5909,1271.5455,8537673.0,0.31944747005419394
TV Manufacturing & Supplier Unit,2017-02-04,7006,101.4,100.3,103.3,361.62,5759,2082569.58,63.4742,13.85664,89.0317,1441.4789,4011.714,402.614,0.0,118.0455,281.5455,971.7273,8537673.0,0.24392707240017275
TV Manufacturing & Supplier Unit,2017-02-05,7076,101.4,100.3,103.3,361.62,6841,2473842.42,61.0278,13.6175,90.3229,1411.8333,2666.857,435.346,105.1623,118.5909,261.4545,893.6818,8537673.0,0.28975605179537794
TV Manufacturing & Supplier Unit,2017-02-06,7834,101.4,100.3,103.3,361.62,6456,2334618.72,56.0507,12.873331,75.9069,1322.6087,1675.905,408.612,0.0,175.5455,275.6364,3826.6818,8537673.0,0.2734490674449584
TV Manufacturing & Supplier Unit,2017-02-07,7636,101.4,100.3,103.3,361.62,7453,2695153.86,62.4074,13.102381,85.1042,1365.0,3668.476,481.883,104.0112,167.9545,241.7273,2170.1818,8537673.0,0.31567780354201896
TV Manufacturing & Supplier Unit,2017-02-08,7166,101.4,100.3,103.3,361.62,8134,2941417.08,58.3943,12.994338,80.5564,1387.4085,0.0,217.694,0.0,95.0,216.7273,969.1818,8537673.0,0.3445221057306833
TV Manufacturing & Supplier Unit,2017-02-09,7186,101.4,100.3,103.3,361.62,8279,2993851.98,47.5541,12.722032,73.125,1333.3442,2429.714,52.865,25.8875,111.0909,234.9545,1835.1818,8537673.0,0.35066369723928287
TV Manufacturing & Supplier Unit,2017-02-10,7405,101.4,100.3,103.3,361.62,8212,2969623.44,59.8805,13.436076,80.3244,1381.6456,2754.048,88.948,26.1196,115.1818,242.5909,1697.8636,8537673.0,0.34782585840427477
TV Manufacturing & Supplier Unit,2017-02-11,7561,101.4,100.3,103.3,361.62,9245,3343176.9,61.2679,13.43674,77.7901,1413.0861,2785.095,57.238,36.1466,141.6818,237.7727,1549.3636,8537673.0,0.39157940342760844
TV Manufacturing & Supplier Unit,2017-02-12,7205,101.4,100.3,103.3,361.62,9280,3355833.6,71.0122,13.404974,84.7382,1402.9319,4393.286,28.846,62.6395,108.2273,248.8182,1114.8636,8537673.0,0.39306185655037384
TV Manufacturing & Supplier Unit,2017-02-13,7006,101.4,100.3,103.3,361.62,9240,3341368.8,60.1852,13.030952,83.9583,1380.0,3948.333,621.432,20.7815,108.3182,276.7273,1028.1364,8537673.0,0.3913676244100705
TV Manufacturing & Supplier Unit,2017-02-14,7034,101.4,100.3,103.3,361.62,9482,3428880.84,67.0833,13.468929,85.2188,1415.7115,5381.381,1040.787,51.0694,119.9545,276.2727,941.4545,8537673.0,0.4016177288589057
TV Manufacturing & Supplier Unit,2017-02-15,7319,101.4,100.3,103.3,361.62,9542,3450578.04,60.6469,13.100489,78.3562,1368.8356,4420.81,854.31,0.0,89.8636,226.3636,896.9545,8537673.0,0.4041590770693607
TV Manufacturing & Supplier Unit,2017-02-16,8082,101.4,100.3,103.3,361.62,9758,3528687.96,58.1144,13.07043,80.045,1371.6737,4524.381,587.16,0.0,99.0,220.6818,1072.0455,8537673.0,0.4133079306269987
TV Manufacturing & Supplier Unit,2017-02-17,9155,101.4,100.3,103.3,361.62,9842,3559064.04,57.3207,13.081103,83.5127,1380.6962,3647.762,522.584,0.0,108.6364,278.2273,928.5909,8537673.0,0.4168658181216357
TV Manufacturing & Supplier Unit,2017-02-18,9001,101.4,100.3,103.3,361.62,9455,3419117.1,60.7032,13.50425,77.856,1385.1266,3238.143,900.812,47.174,157.2727,258.3636,1084.3636,8537673.0,0.400474122164201
TV Manufacturing & Supplier Unit,2017-02-19,9340,101.4,100.3,103.3,361.62,9452,3418032.24,59.1749,13.853677,75.5225,1437.6393,4245.857,818.376,0.0,104.3636,233.6818,807.0909,8537673.0,0.4003470547536782
TV Manufacturing & Supplier Unit,2017-02-20,9402,101.4,100.3,103.3,361.62,9133,3302675.46,65.1245,13.325,78.0981,1381.7672,3604.0,1100.992,46.782,109.6364,226.5909,889.8636,8537673.0,0.3868355534347591
TV Manufacturing & Supplier Unit,2017-02-21,7312,101.4,100.3,103.3,361.62,6974,2521937.88,60.6667,13.488857,76.725,1399.6615,4168.952,272.036,0.0,93.9545,222.7727,805.9091,8537673.0,0.29538937366188656
TV Manufacturing & Supplier Unit,2017-02-22,6456,101.4,100.3,103.3,361.62,6123,2214199.26,59.1026,13.206593,78.6058,1369.3491,3984.429,817.581,31.3919,81.9091,225.1818,816.2727,8537673.0,0.25934458487693307
TV Manufacturing & Supplier Unit,2017-02-23,6060,101.4,100.3,103.3,361.62,5989,2165742.18,61.1351,12.775135,76.2872,1341.7297,3943.524,1288.844,31.1817,98.6818,224.5455,855.8636,8537673.0,0.2536689072069169
TV Manufacturing & Supplier Unit,2017-02-24,5980,101.4,100.3,103.3,361.62,5877,2125240.74,53.7865,12.940132,74.9424,1323.5526,5732.0,540.757,31.5487,111.0455,232.8636,791.3636,8537673.0,0.2489250572140676
TV Manufacturing & Supplier Unit,2017-02-25,5609,101.4,100.3,103.3,361.62,5467,1976976.54,71.5344,13.742857,90.9226,1448.9683,4794.048,1244.833,31.3605,93.0455,200.0,889.3636,8537673.0,0.23155917777595839
